TRACE::2026-07-21.12:18:07::SCWPlatform::Trying to open the hw design at E:/7020_Project/25G/25G_PS/Identification_platform/hw/top.xsa
TRACE::2026-07-21.12:18:07::SCWPlatform::DSA given E:/7020_Project/25G/25G_PS/Identification_platform/hw/top.xsa
TRACE::2026-07-21.12:18:07::SCWPlatform::DSA absoulate path E:/7020_Project/25G/25G_PS/Identification_platform/hw/top.xsa
TRACE::2026-07-21.12:18:10::SCWPlatform::DSA directory E:/7020_Project/25G/25G_PS/Identification_platform/hw
TRACE::2026-07-21.12:18:10::SCWPlatform:: Platform Path E:/7020_Project/25G/25G_PS/Identification_platform/hw/top.xsa
TRACE::2026-07-21.12:18:10::SCWPlatform:: Unique name xilinx:::0.0
TRACE::2026-07-21.12:18:10::SCWPlatform::Do not have an existing db opened. 
TRACE::2026-07-21.12:18:11::SCWPlatform::Opened new HwDB with name top_0
TRACE::2026-07-21.12:18:11::SCWWriter::formatted JSON is {
	"platformName":	"Identification_platform",
	"sprVersion":	"2.0",
	"mode":	"gui",
	"dsaType":	"Fixed",
	"platformDesc":	"Identification_platform",
	"platHandOff":	"E:/7020_Project/25G/25G_PL/top.xsa",
	"platIntHandOff":	"<platformDir>/hw/top.xsa",
	"deviceType":	"zynq",
	"platIsPrebuiltAutogen":	"false",
	"platIsNoBootBsp":	"false",
	"hasFsblMakeHasChanges":	"false",
	"hasPmufwMakeHasChanges":	"false",
	"platPreBuiltFlag":	false,
	"platformSamplesDir":	""
}
TRACE::2026-07-21.12:18:11::SCWWriter::formatted JSON is {
	"platformName":	"Identification_platform",
	"sprVersion":	"2.0",
	"mode":	"gui",
	"dsaType":	"Fixed",
	"platformDesc":	"Identification_platform",
	"platHandOff":	"E:/7020_Project/25G/25G_PL/top.xsa",
	"platIntHandOff":	"<platformDir>/hw/top.xsa",
	"deviceType":	"zynq",
	"platIsPrebuiltAutogen":	"false",
	"platIsNoBootBsp":	"false",
	"hasFsblMakeHasChanges":	"false",
	"hasPmufwMakeHasChanges":	"false",
	"platPreBuiltFlag":	false,
	"platformSamplesDir":	"",
	"platActiveSys":	"Identification_platform",
	"systems":	[{
			"systemName":	"Identification_platform",
			"systemDesc":	"Identification_platform",
			"sysIsBootAutoGen":	"true",
			"systemDispName":	"Identification_platform"
		}]
}
TRACE::2026-07-21.12:18:11::SCWPlatform::Boot application domains not present, creating them
TRACE::2026-07-21.12:18:11::SCWDomain::checking for install qemu data   : 
TRACE::2026-07-21.12:18:11::SCWDomain:: Using the QEMU Data from install at  : D:/FPGA/Xilinx/Vitis/2020.2/data/emulation/platforms/zynq/sw/a9_standalone/qemu/
TRACE::2026-07-21.12:18:11::SCWDomain:: Using the QEMU args  from install at  : D:/FPGA/Xilinx/Vitis/2020.2/data/emulation/platforms/zynq/sw/a9_standalone/qemu/qemu_args.txt
TRACE::2026-07-21.12:18:11::SCWPlatform::Trying to open the hw design at E:/7020_Project/25G/25G_PS/Identification_platform/hw/top.xsa
TRACE::2026-07-21.12:18:11::SCWPlatform::DSA given E:/7020_Project/25G/25G_PS/Identification_platform/hw/top.xsa
TRACE::2026-07-21.12:18:11::SCWPlatform::DSA absoulate path E:/7020_Project/25G/25G_PS/Identification_platform/hw/top.xsa
TRACE::2026-07-21.12:18:11::SCWPlatform::DSA directory E:/7020_Project/25G/25G_PS/Identification_platform/hw
TRACE::2026-07-21.12:18:11::SCWPlatform:: Platform Path E:/7020_Project/25G/25G_PS/Identification_platform/hw/top.xsa
TRACE::2026-07-21.12:18:11::SCWPlatform:: Unique name xilinx:::0.0
TRACE::2026-07-21.12:18:11::SCWPlatform::Trying to set the existing hwdb with name top_0
TRACE::2026-07-21.12:18:11::SCWPlatform::Opened existing hwdb top_0
TRACE::2026-07-21.12:18:11::SCWPlatform::Found the Hw Db part of the input DSA
TRACE::2026-07-21.12:18:11::SCWPlatform::Trying to open the hw design at E:/7020_Project/25G/25G_PS/Identification_platform/hw/top.xsa
TRACE::2026-07-21.12:18:11::SCWPlatform::DSA given E:/7020_Project/25G/25G_PS/Identification_platform/hw/top.xsa
TRACE::2026-07-21.12:18:11::SCWPlatform::DSA absoulate path E:/7020_Project/25G/25G_PS/Identification_platform/hw/top.xsa
TRACE::2026-07-21.12:18:11::SCWPlatform::DSA directory E:/7020_Project/25G/25G_PS/Identification_platform/hw
TRACE::2026-07-21.12:18:11::SCWPlatform:: Platform Path E:/7020_Project/25G/25G_PS/Identification_platform/hw/top.xsa
TRACE::2026-07-21.12:18:11::SCWPlatform:: Unique name xilinx:::0.0
TRACE::2026-07-21.12:18:11::SCWPlatform::Trying to set the existing hwdb with name top_0
TRACE::2026-07-21.12:18:11::SCWPlatform::Opened existing hwdb top_0
TRACE::2026-07-21.12:18:11::SCWPlatform::Found the Hw Db part of the input DSA
TRACE::2026-07-21.12:18:11::SCWPlatform::Trying to open the hw design at E:/7020_Project/25G/25G_PS/Identification_platform/hw/top.xsa
TRACE::2026-07-21.12:18:11::SCWPlatform::DSA given E:/7020_Project/25G/25G_PS/Identification_platform/hw/top.xsa
TRACE::2026-07-21.12:18:11::SCWPlatform::DSA absoulate path E:/7020_Project/25G/25G_PS/Identification_platform/hw/top.xsa
TRACE::2026-07-21.12:18:11::SCWPlatform::DSA directory E:/7020_Project/25G/25G_PS/Identification_platform/hw
TRACE::2026-07-21.12:18:11::SCWPlatform:: Platform Path E:/7020_Project/25G/25G_PS/Identification_platform/hw/top.xsa
TRACE::2026-07-21.12:18:11::SCWPlatform:: Unique name xilinx:::0.0
TRACE::2026-07-21.12:18:11::SCWPlatform::Trying to set the existing hwdb with name top_0
TRACE::2026-07-21.12:18:11::SCWPlatform::Opened existing hwdb top_0
TRACE::2026-07-21.12:18:11::SCWPlatform::Found the Hw Db part of the input DSA
TRACE::2026-07-21.12:18:11::SCWPlatform::Boot application domain added for zynq_fsbl
TRACE::2026-07-21.12:18:11::SCWPlatform::Generating the sources  .
TRACE::2026-07-21.12:18:11::SCWBDomain::Generating boot domain sources.
TRACE::2026-07-21.12:18:11::SCWBDomain:: Generating the zynq_fsbl Application.
TRACE::2026-07-21.12:18:11::SCWPlatform::Trying to open the hw design at E:/7020_Project/25G/25G_PS/Identification_platform/hw/top.xsa
TRACE::2026-07-21.12:18:11::SCWPlatform::DSA given E:/7020_Project/25G/25G_PS/Identification_platform/hw/top.xsa
TRACE::2026-07-21.12:18:11::SCWPlatform::DSA absoulate path E:/7020_Project/25G/25G_PS/Identification_platform/hw/top.xsa
TRACE::2026-07-21.12:18:11::SCWPlatform::DSA directory E:/7020_Project/25G/25G_PS/Identification_platform/hw
TRACE::2026-07-21.12:18:11::SCWPlatform:: Platform Path E:/7020_Project/25G/25G_PS/Identification_platform/hw/top.xsa
TRACE::2026-07-21.12:18:11::SCWPlatform:: Unique name xilinx:::0.0
TRACE::2026-07-21.12:18:11::SCWPlatform::Trying to set the existing hwdb with name top_0
TRACE::2026-07-21.12:18:11::SCWPlatform::Opened existing hwdb top_0
TRACE::2026-07-21.12:18:11::SCWPlatform::Found the Hw Db part of the input DSA
TRACE::2026-07-21.12:18:11::SCWMssOS::Checking the sw design at  E:/7020_Project/25G/25G_PS/Identification_platform/zynq_fsbl/zynq_fsbl_bsp/system.mss
TRACE::2026-07-21.12:18:11::SCWMssOS::DEBUG:  swdes dump  
TRACE::2026-07-21.12:18:11::SCWMssOS::No sw design opened at  E:/7020_Project/25G/25G_PS/Identification_platform/zynq_fsbl/zynq_fsbl_bsp/system.mss
TRACE::2026-07-21.12:18:11::SCWMssOS::mss does not exists at E:/7020_Project/25G/25G_PS/Identification_platform/zynq_fsbl/zynq_fsbl_bsp/system.mss
TRACE::2026-07-21.12:18:11::SCWMssOS::Creating sw design at  E:/7020_Project/25G/25G_PS/Identification_platform/zynq_fsbl/zynq_fsbl_bsp/system.mss
TRACE::2026-07-21.12:18:11::SCWMssOS::Adding the swdes entry, created swdb E:/7020_Project/25G/25G_PS/Identification_platform/zynq_fsbl/zynq_fsbl_bsp/system.mss with des name E:/7020_Project/25G/25G_PS/Identification_platform/zynq_fsbl/zynq_fsbl_bsp/system.mss
TRACE::2026-07-21.12:18:11::SCWMssOS::updating the scw layer changes to swdes at   E:/7020_Project/25G/25G_PS/Identification_platform/zynq_fsbl/zynq_fsbl_bsp/system.mss
TRACE::2026-07-21.12:18:11::SCWMssOS::Writing mss at E:/7020_Project/25G/25G_PS/Identification_platform/zynq_fsbl/zynq_fsbl_bsp/system.mss
TRACE::2026-07-21.12:18:11::SCWMssOS::Completed writing the mss file at E:/7020_Project/25G/25G_PS/Identification_platform/zynq_fsbl/zynq_fsbl_bsp
TRACE::2026-07-21.12:18:11::SCWMssOS::Picking up changes from newly written mss file into SCW Layer. 
TRACE::2026-07-21.12:18:11::SCWMssOS::Updated the changes from newly written mss file into SCW Layer. 
TRACE::2026-07-21.12:18:11::SCWBDomain::Completed writing the mss file at E:/7020_Project/25G/25G_PS/Identification_platform/zynq_fsbl/zynq_fsbl_bsp
TRACE::2026-07-21.12:18:16::SCWPlatform::Generating sources Done.
TRACE::2026-07-21.12:18:16::SCWPlatform::Trying to open the hw design at E:/7020_Project/25G/25G_PS/Identification_platform/hw/top.xsa
TRACE::2026-07-21.12:18:16::SCWPlatform::DSA given E:/7020_Project/25G/25G_PS/Identification_platform/hw/top.xsa
TRACE::2026-07-21.12:18:16::SCWPlatform::DSA absoulate path E:/7020_Project/25G/25G_PS/Identification_platform/hw/top.xsa
TRACE::2026-07-21.12:18:16::SCWPlatform::DSA directory E:/7020_Project/25G/25G_PS/Identification_platform/hw
TRACE::2026-07-21.12:18:16::SCWPlatform:: Platform Path E:/7020_Project/25G/25G_PS/Identification_platform/hw/top.xsa
TRACE::2026-07-21.12:18:16::SCWPlatform:: Unique name xilinx:::0.0
TRACE::2026-07-21.12:18:16::SCWPlatform::Trying to set the existing hwdb with name top_0
TRACE::2026-07-21.12:18:16::SCWPlatform::Opened existing hwdb top_0
TRACE::2026-07-21.12:18:16::SCWPlatform::Found the Hw Db part of the input DSA
TRACE::2026-07-21.12:18:16::SCWMssOS::Checking the sw design at  E:/7020_Project/25G/25G_PS/Identification_platform/zynq_fsbl/zynq_fsbl_bsp/system.mss
TRACE::2026-07-21.12:18:16::SCWMssOS::DEBUG:  swdes dump  E:/7020_Project/25G/25G_PS/Identification_platform/zynq_fsbl/zynq_fsbl_bsp/system.mss|E:/7020_Project/25G/25G_PS/Identification_platform/zynq_fsbl/zynq_fsbl_bsp/system.mss||

KEYINFO::2026-07-21.12:18:16::SCWMssOS::Could not open the swdb for E:/7020_Project/25G/25G_PS/Identification_platform/zynq_fsbl/zynq_fsbl_bsp/system.mss
KEYINFO::2026-07-21.12:18:16::SCWMssOS::Could not open the sw design at  E:/7020_Project/25G/25G_PS/Identification_platform/zynq_fsbl/zynq_fsbl_bsp/system.mss
ERROR: [Hsi 55-1558] Software Design E:/7020_Project/25G/25G_PS/Identification_platform/zynq_fsbl/zynq_fsbl_bsp/system.mss is not found

TRACE::2026-07-21.12:18:16::SCWMssOS::Cleared the swdb table entry
TRACE::2026-07-21.12:18:16::SCWMssOS::No sw design opened at  E:/7020_Project/25G/25G_PS/Identification_platform/zynq_fsbl/zynq_fsbl_bsp/system.mss
TRACE::2026-07-21.12:18:16::SCWMssOS::mss exists loading the mss file  E:/7020_Project/25G/25G_PS/Identification_platform/zynq_fsbl/zynq_fsbl_bsp/system.mss
TRACE::2026-07-21.12:18:16::SCWMssOS::Opened the sw design from mss  E:/7020_Project/25G/25G_PS/Identification_platform/zynq_fsbl/zynq_fsbl_bsp/system.mss
TRACE::2026-07-21.12:18:16::SCWMssOS::Adding the swdes entry E:/7020_Project/25G/25G_PS/Identification_platform/zynq_fsbl/zynq_fsbl_bsp/system.mss with des name system
TRACE::2026-07-21.12:18:16::SCWMssOS::updating the scw layer about changes
TRACE::2026-07-21.12:18:16::SCWMssOS::Opened the sw design.  E:/7020_Project/25G/25G_PS/Identification_platform/zynq_fsbl/zynq_fsbl_bsp/system.mss
TRACE::2026-07-21.12:18:16::SCWMssOS::Saving the mss changes E:/7020_Project/25G/25G_PS/Identification_platform/zynq_fsbl/zynq_fsbl_bsp/system.mss
TRACE::2026-07-21.12:18:16::SCWMssOS::Found a swdesign opened with the mssfile.
TRACE::2026-07-21.12:18:16::SCWMssOS::Completed writemss as part of save.
TRACE::2026-07-21.12:18:16::SCWMssOS::Commit changes completed.
TRACE::2026-07-21.12:18:16::SCWPlatform::Trying to open the hw design at E:/7020_Project/25G/25G_PS/Identification_platform/hw/top.xsa
TRACE::2026-07-21.12:18:16::SCWPlatform::DSA given E:/7020_Project/25G/25G_PS/Identification_platform/hw/top.xsa
TRACE::2026-07-21.12:18:16::SCWPlatform::DSA absoulate path E:/7020_Project/25G/25G_PS/Identification_platform/hw/top.xsa
TRACE::2026-07-21.12:18:16::SCWPlatform::DSA directory E:/7020_Project/25G/25G_PS/Identification_platform/hw
TRACE::2026-07-21.12:18:16::SCWPlatform:: Platform Path E:/7020_Project/25G/25G_PS/Identification_platform/hw/top.xsa
TRACE::2026-07-21.12:18:16::SCWPlatform:: Unique name xilinx:::0.0
TRACE::2026-07-21.12:18:16::SCWPlatform::Trying to set the existing hwdb with name top_0
TRACE::2026-07-21.12:18:16::SCWPlatform::Opened existing hwdb top_0
TRACE::2026-07-21.12:18:16::SCWPlatform::Found the Hw Db part of the input DSA
TRACE::2026-07-21.12:18:16::SCWMssOS::Checking the sw design at  E:/7020_Project/25G/25G_PS/Identification_platform/zynq_fsbl/zynq_fsbl_bsp/system.mss
TRACE::2026-07-21.12:18:16::SCWMssOS::DEBUG:  swdes dump  E:/7020_Project/25G/25G_PS/Identification_platform/zynq_fsbl/zynq_fsbl_bsp/system.mss|system||

TRACE::2026-07-21.12:18:16::SCWMssOS::Sw design exists and opened at  E:/7020_Project/25G/25G_PS/Identification_platform/zynq_fsbl/zynq_fsbl_bsp/system.mss
TRACE::2026-07-21.12:18:16::SCWPlatform::Trying to open the hw design at E:/7020_Project/25G/25G_PS/Identification_platform/hw/top.xsa
TRACE::2026-07-21.12:18:16::SCWPlatform::DSA given E:/7020_Project/25G/25G_PS/Identification_platform/hw/top.xsa
TRACE::2026-07-21.12:18:16::SCWPlatform::DSA absoulate path E:/7020_Project/25G/25G_PS/Identification_platform/hw/top.xsa
TRACE::2026-07-21.12:18:16::SCWPlatform::DSA directory E:/7020_Project/25G/25G_PS/Identification_platform/hw
TRACE::2026-07-21.12:18:16::SCWPlatform:: Platform Path E:/7020_Project/25G/25G_PS/Identification_platform/hw/top.xsa
TRACE::2026-07-21.12:18:16::SCWPlatform:: Unique name xilinx:::0.0
TRACE::2026-07-21.12:18:16::SCWPlatform::Trying to set the existing hwdb with name top_0
TRACE::2026-07-21.12:18:16::SCWPlatform::Opened existing hwdb top_0
TRACE::2026-07-21.12:18:16::SCWPlatform::Found the Hw Db part of the input DSA
TRACE::2026-07-21.12:18:16::SCWMssOS::Checking the sw design at  E:/7020_Project/25G/25G_PS/Identification_platform/zynq_fsbl/zynq_fsbl_bsp/system.mss
TRACE::2026-07-21.12:18:16::SCWMssOS::DEBUG:  swdes dump  E:/7020_Project/25G/25G_PS/Identification_platform/zynq_fsbl/zynq_fsbl_bsp/system.mss|system||

TRACE::2026-07-21.12:18:16::SCWMssOS::Sw design exists and opened at  E:/7020_Project/25G/25G_PS/Identification_platform/zynq_fsbl/zynq_fsbl_bsp/system.mss
TRACE::2026-07-21.12:18:16::SCWPlatform::Trying to open the hw design at E:/7020_Project/25G/25G_PS/Identification_platform/hw/top.xsa
TRACE::2026-07-21.12:18:16::SCWPlatform::DSA given E:/7020_Project/25G/25G_PS/Identification_platform/hw/top.xsa
TRACE::2026-07-21.12:18:16::SCWPlatform::DSA absoulate path E:/7020_Project/25G/25G_PS/Identification_platform/hw/top.xsa
TRACE::2026-07-21.12:18:16::SCWPlatform::DSA directory E:/7020_Project/25G/25G_PS/Identification_platform/hw
TRACE::2026-07-21.12:18:16::SCWPlatform:: Platform Path E:/7020_Project/25G/25G_PS/Identification_platform/hw/top.xsa
TRACE::2026-07-21.12:18:16::SCWPlatform:: Unique name xilinx:::0.0
TRACE::2026-07-21.12:18:16::SCWPlatform::Trying to set the existing hwdb with name top_0
TRACE::2026-07-21.12:18:16::SCWPlatform::Opened existing hwdb top_0
TRACE::2026-07-21.12:18:16::SCWPlatform::Found the Hw Db part of the input DSA
TRACE::2026-07-21.12:18:16::SCWMssOS::Checking the sw design at  E:/7020_Project/25G/25G_PS/Identification_platform/zynq_fsbl/zynq_fsbl_bsp/system.mss
TRACE::2026-07-21.12:18:16::SCWMssOS::DEBUG:  swdes dump  E:/7020_Project/25G/25G_PS/Identification_platform/zynq_fsbl/zynq_fsbl_bsp/system.mss|system||

TRACE::2026-07-21.12:18:16::SCWMssOS::Sw design exists and opened at  E:/7020_Project/25G/25G_PS/Identification_platform/zynq_fsbl/zynq_fsbl_bsp/system.mss
TRACE::2026-07-21.12:18:16::SCWWriter::formatted JSON is {
	"platformName":	"Identification_platform",
	"sprVersion":	"2.0",
	"mode":	"gui",
	"dsaType":	"Fixed",
	"platformDesc":	"Identification_platform",
	"platHandOff":	"E:/7020_Project/25G/25G_PL/top.xsa",
	"platIntHandOff":	"<platformDir>/hw/top.xsa",
	"deviceType":	"zynq",
	"platIsPrebuiltAutogen":	"false",
	"platIsNoBootBsp":	"false",
	"platFsblTarget":	"ps7_cortexa9_0",
	"hasFsblMakeHasChanges":	"false",
	"hasPmufwMakeHasChanges":	"false",
	"fsblExtraCompilerFlags":	"-MMD -MP       -mcpu=cortex-a9 -mfpu=vfpv3 -mfloat-abi=hard ",
	"platPreBuiltFlag":	false,
	"platformSamplesDir":	"",
	"platActiveSys":	"Identification_platform",
	"systems":	[{
			"systemName":	"Identification_platform",
			"systemDesc":	"Identification_platform",
			"sysIsBootAutoGen":	"true",
			"systemDispName":	"Identification_platform",
			"sysActiveDom":	"zynq_fsbl",
			"sysDefaultDom":	"",
			"domains":	[{
					"domainName":	"zynq_fsbl",
					"domainDispName":	"zynq_fsbl",
					"domainDesc":	"FSBL Application BSP - Auto Generated.",
					"processors":	"ps7_cortexa9_0",
					"os":	"standalone",
					"sdxOs":	"standalone",
					"debugEnable":	"",
					"domRuntimes":	["cpp"],
					"swRepo":	"",
					"mssOsVer":	"7.3",
					"mssFile":	"",
					"md5Digest":	"c6a5bfe700c8df4586a8e42e6ae6f8df",
					"compatibleApp":	"zynq_fsbl",
					"domType":	"bootDomain",
					"arch":	"32-bit",
					"appSettings":	{
						"appCompilerFlags":	"",
						"appLinkerFlags":	""
					},
					"addedLibs":	["xilffs:4.4", "xilrsa:1.6"],
					"libOptions":	{
						"libsContainingOptions":	[]
					},
					"prebuiltLibs":	{
						"prebuiltIncPath":	[],
						"prebuiltLibPath":	[]
					},
					"isolation":	{
					}
				}]
		}]
}
TRACE::2026-07-21.12:18:16::SCWDomain::checking for install qemu data   : 
TRACE::2026-07-21.12:18:16::SCWDomain:: Using the QEMU Data from install at  : D:/FPGA/Xilinx/Vitis/2020.2/data/emulation/platforms/zynq/sw/a9_standalone/qemu/
TRACE::2026-07-21.12:18:16::SCWDomain:: Using the QEMU args  from install at  : D:/FPGA/Xilinx/Vitis/2020.2/data/emulation/platforms/zynq/sw/a9_standalone/qemu/qemu_args.txt
TRACE::2026-07-21.12:18:16::SCWPlatform::Trying to open the hw design at E:/7020_Project/25G/25G_PS/Identification_platform/hw/top.xsa
TRACE::2026-07-21.12:18:16::SCWPlatform::DSA given E:/7020_Project/25G/25G_PS/Identification_platform/hw/top.xsa
TRACE::2026-07-21.12:18:16::SCWPlatform::DSA absoulate path E:/7020_Project/25G/25G_PS/Identification_platform/hw/top.xsa
TRACE::2026-07-21.12:18:16::SCWPlatform::DSA directory E:/7020_Project/25G/25G_PS/Identification_platform/hw
TRACE::2026-07-21.12:18:16::SCWPlatform:: Platform Path E:/7020_Project/25G/25G_PS/Identification_platform/hw/top.xsa
TRACE::2026-07-21.12:18:16::SCWPlatform:: Unique name xilinx:::0.0
TRACE::2026-07-21.12:18:16::SCWPlatform::Trying to set the existing hwdb with name top_0
TRACE::2026-07-21.12:18:16::SCWPlatform::Opened existing hwdb top_0
TRACE::2026-07-21.12:18:16::SCWPlatform::Found the Hw Db part of the input DSA
TRACE::2026-07-21.12:18:16::SCWPlatform::Trying to open the hw design at E:/7020_Project/25G/25G_PS/Identification_platform/hw/top.xsa
TRACE::2026-07-21.12:18:16::SCWPlatform::DSA given E:/7020_Project/25G/25G_PS/Identification_platform/hw/top.xsa
TRACE::2026-07-21.12:18:16::SCWPlatform::DSA absoulate path E:/7020_Project/25G/25G_PS/Identification_platform/hw/top.xsa
TRACE::2026-07-21.12:18:16::SCWPlatform::DSA directory E:/7020_Project/25G/25G_PS/Identification_platform/hw
TRACE::2026-07-21.12:18:16::SCWPlatform:: Platform Path E:/7020_Project/25G/25G_PS/Identification_platform/hw/top.xsa
TRACE::2026-07-21.12:18:16::SCWPlatform:: Unique name xilinx:::0.0
TRACE::2026-07-21.12:18:16::SCWPlatform::Trying to set the existing hwdb with name top_0
TRACE::2026-07-21.12:18:16::SCWPlatform::Opened existing hwdb top_0
TRACE::2026-07-21.12:18:16::SCWPlatform::Found the Hw Db part of the input DSA
TRACE::2026-07-21.12:18:16::SCWPlatform::Trying to open the hw design at E:/7020_Project/25G/25G_PS/Identification_platform/hw/top.xsa
TRACE::2026-07-21.12:18:16::SCWPlatform::DSA given E:/7020_Project/25G/25G_PS/Identification_platform/hw/top.xsa
TRACE::2026-07-21.12:18:16::SCWPlatform::DSA absoulate path E:/7020_Project/25G/25G_PS/Identification_platform/hw/top.xsa
TRACE::2026-07-21.12:18:16::SCWPlatform::DSA directory E:/7020_Project/25G/25G_PS/Identification_platform/hw
TRACE::2026-07-21.12:18:16::SCWPlatform:: Platform Path E:/7020_Project/25G/25G_PS/Identification_platform/hw/top.xsa
TRACE::2026-07-21.12:18:16::SCWPlatform:: Unique name xilinx:::0.0
TRACE::2026-07-21.12:18:16::SCWPlatform::Trying to set the existing hwdb with name top_0
TRACE::2026-07-21.12:18:16::SCWPlatform::Opened existing hwdb top_0
TRACE::2026-07-21.12:18:16::SCWPlatform::Found the Hw Db part of the input DSA
TRACE::2026-07-21.12:18:16::SCWMssOS::Checking the sw design at  E:/7020_Project/25G/25G_PS/Identification_platform/ps7_cortexa9_0/freertos10_xilinx_domain/bsp/system.mss
TRACE::2026-07-21.12:18:16::SCWMssOS::DEBUG:  swdes dump  E:/7020_Project/25G/25G_PS/Identification_platform/zynq_fsbl/zynq_fsbl_bsp/system.mss|system||

TRACE::2026-07-21.12:18:16::SCWMssOS::No sw design opened at  E:/7020_Project/25G/25G_PS/Identification_platform/ps7_cortexa9_0/freertos10_xilinx_domain/bsp/system.mss
TRACE::2026-07-21.12:18:16::SCWMssOS::mss does not exists at E:/7020_Project/25G/25G_PS/Identification_platform/ps7_cortexa9_0/freertos10_xilinx_domain/bsp/system.mss
TRACE::2026-07-21.12:18:16::SCWMssOS::Creating sw design at  E:/7020_Project/25G/25G_PS/Identification_platform/ps7_cortexa9_0/freertos10_xilinx_domain/bsp/system.mss
TRACE::2026-07-21.12:18:16::SCWMssOS::Adding the swdes entry, created swdb E:/7020_Project/25G/25G_PS/Identification_platform/ps7_cortexa9_0/freertos10_xilinx_domain/bsp/system.mss with des name E:/7020_Project/25G/25G_PS/Identification_platform/ps7_cortexa9_0/freertos10_xilinx_domain/bsp/system.mss
TRACE::2026-07-21.12:18:16::SCWMssOS::updating the scw layer changes to swdes at   E:/7020_Project/25G/25G_PS/Identification_platform/ps7_cortexa9_0/freertos10_xilinx_domain/bsp/system.mss
TRACE::2026-07-21.12:18:16::SCWMssOS::Writing mss at E:/7020_Project/25G/25G_PS/Identification_platform/ps7_cortexa9_0/freertos10_xilinx_domain/bsp/system.mss
TRACE::2026-07-21.12:18:16::SCWMssOS::Completed writing the mss file at E:/7020_Project/25G/25G_PS/Identification_platform/ps7_cortexa9_0/freertos10_xilinx_domain/bsp
TRACE::2026-07-21.12:18:16::SCWMssOS::Picking up changes from newly written mss file into SCW Layer. 
TRACE::2026-07-21.12:18:16::SCWMssOS::Updated the changes from newly written mss file into SCW Layer. 
TRACE::2026-07-21.12:18:16::SCWMssOS::Completed writing the mss file at E:/7020_Project/25G/25G_PS/Identification_platform/ps7_cortexa9_0/freertos10_xilinx_domain/bsp
TRACE::2026-07-21.12:18:16::SCWMssOS::Forcing BSP Sources regeneration.
TRACE::2026-07-21.12:18:17::SCWMssOS::Saving the mss changes E:/7020_Project/25G/25G_PS/Identification_platform/zynq_fsbl/zynq_fsbl_bsp/system.mss
TRACE::2026-07-21.12:18:17::SCWMssOS::Found a swdesign opened with the mssfile.
TRACE::2026-07-21.12:18:17::SCWMssOS::Completed writemss as part of save.
TRACE::2026-07-21.12:18:17::SCWMssOS::Commit changes completed.
TRACE::2026-07-21.12:18:17::SCWMssOS::Saving the mss changes E:/7020_Project/25G/25G_PS/Identification_platform/ps7_cortexa9_0/freertos10_xilinx_domain/bsp/system.mss
TRACE::2026-07-21.12:18:17::SCWMssOS::Found a swdesign opened with the mssfile.
TRACE::2026-07-21.12:18:17::SCWMssOS::Running validate of swdbs.
KEYINFO::2026-07-21.12:18:17::SCWMssOS::Could not open the swdb for E:/7020_Project/25G/25G_PS/Identification_platform/ps7_cortexa9_0/freertos10_xilinx_domain/bsp/system.mss
KEYINFO::2026-07-21.12:18:17::SCWMssOS::Could not open the sw design at  E:/7020_Project/25G/25G_PS/Identification_platform/ps7_cortexa9_0/freertos10_xilinx_domain/bsp/system.mss
ERROR: [Hsi 55-1558] Software Design E:/7020_Project/25G/25G_PS/Identification_platform/ps7_cortexa9_0/freertos10_xilinx_domain/bsp/system.mss is not found

TRACE::2026-07-21.12:18:17::SCWMssOS::Cleared the swdb table entry
TRACE::2026-07-21.12:18:17::SCWMssOS::Adding the swdes entry, mss present, able to open swdb E:/7020_Project/25G/25G_PS/Identification_platform/ps7_cortexa9_0/freertos10_xilinx_domain/bsp/system.mss with des name system_0
TRACE::2026-07-21.12:18:17::SCWMssOS::Writing the mss file completed E:/7020_Project/25G/25G_PS/Identification_platform/ps7_cortexa9_0/freertos10_xilinx_domain/bsp/system.mss
TRACE::2026-07-21.12:18:17::SCWMssOS::Commit changes completed.
TRACE::2026-07-21.12:18:17::SCWPlatform::Trying to open the hw design at E:/7020_Project/25G/25G_PS/Identification_platform/hw/top.xsa
TRACE::2026-07-21.12:18:17::SCWPlatform::DSA given E:/7020_Project/25G/25G_PS/Identification_platform/hw/top.xsa
TRACE::2026-07-21.12:18:17::SCWPlatform::DSA absoulate path E:/7020_Project/25G/25G_PS/Identification_platform/hw/top.xsa
TRACE::2026-07-21.12:18:17::SCWPlatform::DSA directory E:/7020_Project/25G/25G_PS/Identification_platform/hw
TRACE::2026-07-21.12:18:17::SCWPlatform:: Platform Path E:/7020_Project/25G/25G_PS/Identification_platform/hw/top.xsa
TRACE::2026-07-21.12:18:17::SCWPlatform:: Unique name xilinx:::0.0
TRACE::2026-07-21.12:18:17::SCWPlatform::Trying to set the existing hwdb with name top_0
TRACE::2026-07-21.12:18:17::SCWPlatform::Opened existing hwdb top_0
TRACE::2026-07-21.12:18:17::SCWPlatform::Found the Hw Db part of the input DSA
TRACE::2026-07-21.12:18:17::SCWMssOS::Checking the sw design at  E:/7020_Project/25G/25G_PS/Identification_platform/zynq_fsbl/zynq_fsbl_bsp/system.mss
TRACE::2026-07-21.12:18:17::SCWMssOS::DEBUG:  swdes dump  E:/7020_Project/25G/25G_PS/Identification_platform/ps7_cortexa9_0/freertos10_xilinx_domain/bsp/system.mss|system_0||
E:/7020_Project/25G/25G_PS/Identification_platform/zynq_fsbl/zynq_fsbl_bsp/system.mss|system||

TRACE::2026-07-21.12:18:17::SCWMssOS::Sw design exists and opened at  E:/7020_Project/25G/25G_PS/Identification_platform/zynq_fsbl/zynq_fsbl_bsp/system.mss
TRACE::2026-07-21.12:18:17::SCWPlatform::Trying to open the hw design at E:/7020_Project/25G/25G_PS/Identification_platform/hw/top.xsa
TRACE::2026-07-21.12:18:17::SCWPlatform::DSA given E:/7020_Project/25G/25G_PS/Identification_platform/hw/top.xsa
TRACE::2026-07-21.12:18:17::SCWPlatform::DSA absoulate path E:/7020_Project/25G/25G_PS/Identification_platform/hw/top.xsa
TRACE::2026-07-21.12:18:17::SCWPlatform::DSA directory E:/7020_Project/25G/25G_PS/Identification_platform/hw
TRACE::2026-07-21.12:18:17::SCWPlatform:: Platform Path E:/7020_Project/25G/25G_PS/Identification_platform/hw/top.xsa
TRACE::2026-07-21.12:18:17::SCWPlatform:: Unique name xilinx:::0.0
TRACE::2026-07-21.12:18:17::SCWPlatform::Trying to set the existing hwdb with name top_0
TRACE::2026-07-21.12:18:17::SCWPlatform::Opened existing hwdb top_0
TRACE::2026-07-21.12:18:17::SCWPlatform::Found the Hw Db part of the input DSA
TRACE::2026-07-21.12:18:17::SCWMssOS::Checking the sw design at  E:/7020_Project/25G/25G_PS/Identification_platform/zynq_fsbl/zynq_fsbl_bsp/system.mss
TRACE::2026-07-21.12:18:17::SCWMssOS::DEBUG:  swdes dump  E:/7020_Project/25G/25G_PS/Identification_platform/ps7_cortexa9_0/freertos10_xilinx_domain/bsp/system.mss|system_0||
E:/7020_Project/25G/25G_PS/Identification_platform/zynq_fsbl/zynq_fsbl_bsp/system.mss|system||

TRACE::2026-07-21.12:18:17::SCWMssOS::Sw design exists and opened at  E:/7020_Project/25G/25G_PS/Identification_platform/zynq_fsbl/zynq_fsbl_bsp/system.mss
TRACE::2026-07-21.12:18:17::SCWPlatform::Trying to open the hw design at E:/7020_Project/25G/25G_PS/Identification_platform/hw/top.xsa
TRACE::2026-07-21.12:18:17::SCWPlatform::DSA given E:/7020_Project/25G/25G_PS/Identification_platform/hw/top.xsa
TRACE::2026-07-21.12:18:17::SCWPlatform::DSA absoulate path E:/7020_Project/25G/25G_PS/Identification_platform/hw/top.xsa
TRACE::2026-07-21.12:18:17::SCWPlatform::DSA directory E:/7020_Project/25G/25G_PS/Identification_platform/hw
TRACE::2026-07-21.12:18:17::SCWPlatform:: Platform Path E:/7020_Project/25G/25G_PS/Identification_platform/hw/top.xsa
TRACE::2026-07-21.12:18:17::SCWPlatform:: Unique name xilinx:::0.0
TRACE::2026-07-21.12:18:17::SCWPlatform::Trying to set the existing hwdb with name top_0
TRACE::2026-07-21.12:18:17::SCWPlatform::Opened existing hwdb top_0
TRACE::2026-07-21.12:18:17::SCWPlatform::Found the Hw Db part of the input DSA
TRACE::2026-07-21.12:18:17::SCWMssOS::Checking the sw design at  E:/7020_Project/25G/25G_PS/Identification_platform/zynq_fsbl/zynq_fsbl_bsp/system.mss
TRACE::2026-07-21.12:18:17::SCWMssOS::DEBUG:  swdes dump  E:/7020_Project/25G/25G_PS/Identification_platform/ps7_cortexa9_0/freertos10_xilinx_domain/bsp/system.mss|system_0||
E:/7020_Project/25G/25G_PS/Identification_platform/zynq_fsbl/zynq_fsbl_bsp/system.mss|system||

TRACE::2026-07-21.12:18:17::SCWMssOS::Sw design exists and opened at  E:/7020_Project/25G/25G_PS/Identification_platform/zynq_fsbl/zynq_fsbl_bsp/system.mss
TRACE::2026-07-21.12:18:17::SCWPlatform::Trying to open the hw design at E:/7020_Project/25G/25G_PS/Identification_platform/hw/top.xsa
TRACE::2026-07-21.12:18:17::SCWPlatform::DSA given E:/7020_Project/25G/25G_PS/Identification_platform/hw/top.xsa
TRACE::2026-07-21.12:18:17::SCWPlatform::DSA absoulate path E:/7020_Project/25G/25G_PS/Identification_platform/hw/top.xsa
TRACE::2026-07-21.12:18:17::SCWPlatform::DSA directory E:/7020_Project/25G/25G_PS/Identification_platform/hw
TRACE::2026-07-21.12:18:17::SCWPlatform:: Platform Path E:/7020_Project/25G/25G_PS/Identification_platform/hw/top.xsa
TRACE::2026-07-21.12:18:17::SCWPlatform:: Unique name xilinx:::0.0
TRACE::2026-07-21.12:18:17::SCWPlatform::Trying to set the existing hwdb with name top_0
TRACE::2026-07-21.12:18:17::SCWPlatform::Opened existing hwdb top_0
TRACE::2026-07-21.12:18:17::SCWPlatform::Found the Hw Db part of the input DSA
TRACE::2026-07-21.12:18:17::SCWMssOS::Checking the sw design at  E:/7020_Project/25G/25G_PS/Identification_platform/ps7_cortexa9_0/freertos10_xilinx_domain/bsp/system.mss
TRACE::2026-07-21.12:18:17::SCWMssOS::DEBUG:  swdes dump  E:/7020_Project/25G/25G_PS/Identification_platform/ps7_cortexa9_0/freertos10_xilinx_domain/bsp/system.mss|system_0||
E:/7020_Project/25G/25G_PS/Identification_platform/zynq_fsbl/zynq_fsbl_bsp/system.mss|system||

TRACE::2026-07-21.12:18:17::SCWMssOS::Sw design exists and opened at  E:/7020_Project/25G/25G_PS/Identification_platform/ps7_cortexa9_0/freertos10_xilinx_domain/bsp/system.mss
TRACE::2026-07-21.12:18:17::SCWPlatform::Trying to open the hw design at E:/7020_Project/25G/25G_PS/Identification_platform/hw/top.xsa
TRACE::2026-07-21.12:18:17::SCWPlatform::DSA given E:/7020_Project/25G/25G_PS/Identification_platform/hw/top.xsa
TRACE::2026-07-21.12:18:17::SCWPlatform::DSA absoulate path E:/7020_Project/25G/25G_PS/Identification_platform/hw/top.xsa
TRACE::2026-07-21.12:18:17::SCWPlatform::DSA directory E:/7020_Project/25G/25G_PS/Identification_platform/hw
TRACE::2026-07-21.12:18:17::SCWPlatform:: Platform Path E:/7020_Project/25G/25G_PS/Identification_platform/hw/top.xsa
TRACE::2026-07-21.12:18:17::SCWPlatform:: Unique name xilinx:::0.0
TRACE::2026-07-21.12:18:17::SCWPlatform::Trying to set the existing hwdb with name top_0
TRACE::2026-07-21.12:18:17::SCWPlatform::Opened existing hwdb top_0
TRACE::2026-07-21.12:18:17::SCWPlatform::Found the Hw Db part of the input DSA
TRACE::2026-07-21.12:18:17::SCWMssOS::Checking the sw design at  E:/7020_Project/25G/25G_PS/Identification_platform/ps7_cortexa9_0/freertos10_xilinx_domain/bsp/system.mss
TRACE::2026-07-21.12:18:17::SCWMssOS::DEBUG:  swdes dump  E:/7020_Project/25G/25G_PS/Identification_platform/ps7_cortexa9_0/freertos10_xilinx_domain/bsp/system.mss|system_0||
E:/7020_Project/25G/25G_PS/Identification_platform/zynq_fsbl/zynq_fsbl_bsp/system.mss|system||

TRACE::2026-07-21.12:18:17::SCWMssOS::Sw design exists and opened at  E:/7020_Project/25G/25G_PS/Identification_platform/ps7_cortexa9_0/freertos10_xilinx_domain/bsp/system.mss
TRACE::2026-07-21.12:18:17::SCWPlatform::Trying to open the hw design at E:/7020_Project/25G/25G_PS/Identification_platform/hw/top.xsa
TRACE::2026-07-21.12:18:17::SCWPlatform::DSA given E:/7020_Project/25G/25G_PS/Identification_platform/hw/top.xsa
TRACE::2026-07-21.12:18:17::SCWPlatform::DSA absoulate path E:/7020_Project/25G/25G_PS/Identification_platform/hw/top.xsa
TRACE::2026-07-21.12:18:17::SCWPlatform::DSA directory E:/7020_Project/25G/25G_PS/Identification_platform/hw
TRACE::2026-07-21.12:18:17::SCWPlatform:: Platform Path E:/7020_Project/25G/25G_PS/Identification_platform/hw/top.xsa
TRACE::2026-07-21.12:18:17::SCWPlatform:: Unique name xilinx:::0.0
TRACE::2026-07-21.12:18:17::SCWPlatform::Trying to set the existing hwdb with name top_0
TRACE::2026-07-21.12:18:17::SCWPlatform::Opened existing hwdb top_0
TRACE::2026-07-21.12:18:17::SCWPlatform::Found the Hw Db part of the input DSA
TRACE::2026-07-21.12:18:17::SCWMssOS::Checking the sw design at  E:/7020_Project/25G/25G_PS/Identification_platform/ps7_cortexa9_0/freertos10_xilinx_domain/bsp/system.mss
TRACE::2026-07-21.12:18:17::SCWMssOS::DEBUG:  swdes dump  E:/7020_Project/25G/25G_PS/Identification_platform/ps7_cortexa9_0/freertos10_xilinx_domain/bsp/system.mss|system_0||
E:/7020_Project/25G/25G_PS/Identification_platform/zynq_fsbl/zynq_fsbl_bsp/system.mss|system||

TRACE::2026-07-21.12:18:17::SCWMssOS::Sw design exists and opened at  E:/7020_Project/25G/25G_PS/Identification_platform/ps7_cortexa9_0/freertos10_xilinx_domain/bsp/system.mss
TRACE::2026-07-21.12:18:17::SCWWriter::formatted JSON is {
	"platformName":	"Identification_platform",
	"sprVersion":	"2.0",
	"mode":	"gui",
	"dsaType":	"Fixed",
	"platformDesc":	"Identification_platform",
	"platHandOff":	"E:/7020_Project/25G/25G_PL/top.xsa",
	"platIntHandOff":	"<platformDir>/hw/top.xsa",
	"deviceType":	"zynq",
	"platIsPrebuiltAutogen":	"false",
	"platIsNoBootBsp":	"false",
	"platFsblTarget":	"ps7_cortexa9_0",
	"hasFsblMakeHasChanges":	"false",
	"hasPmufwMakeHasChanges":	"false",
	"fsblExtraCompilerFlags":	"-MMD -MP       -mcpu=cortex-a9 -mfpu=vfpv3 -mfloat-abi=hard ",
	"platPreBuiltFlag":	false,
	"platformSamplesDir":	"",
	"platActiveSys":	"Identification_platform",
	"systems":	[{
			"systemName":	"Identification_platform",
			"systemDesc":	"Identification_platform",
			"sysIsBootAutoGen":	"true",
			"systemDispName":	"Identification_platform",
			"sysActiveDom":	"freertos10_xilinx_domain",
			"sysDefaultDom":	"freertos10_xilinx_domain",
			"domains":	[{
					"domainName":	"zynq_fsbl",
					"domainDispName":	"zynq_fsbl",
					"domainDesc":	"FSBL Application BSP - Auto Generated.",
					"processors":	"ps7_cortexa9_0",
					"os":	"standalone",
					"sdxOs":	"standalone",
					"debugEnable":	"",
					"domRuntimes":	["cpp"],
					"swRepo":	"",
					"mssOsVer":	"7.3",
					"mssFile":	"",
					"md5Digest":	"c6a5bfe700c8df4586a8e42e6ae6f8df",
					"compatibleApp":	"zynq_fsbl",
					"domType":	"bootDomain",
					"arch":	"32-bit",
					"appSettings":	{
						"appCompilerFlags":	"",
						"appLinkerFlags":	""
					},
					"addedLibs":	["xilffs:4.4", "xilrsa:1.6"],
					"libOptions":	{
						"libsContainingOptions":	[]
					},
					"prebuiltLibs":	{
						"prebuiltIncPath":	[],
						"prebuiltLibPath":	[]
					},
					"isolation":	{
					}
				}, {
					"domainName":	"freertos10_xilinx_domain",
					"domainDispName":	"freertos10_xilinx_domain",
					"domainDesc":	"freertos10_xilinx_domain",
					"processors":	"ps7_cortexa9_0",
					"os":	"freertos10_xilinx",
					"sdxOs":	"freertos10_xilinx",
					"qemuArgs":	"D:/FPGA/Xilinx/Vitis/2020.2/data/emulation/platforms/zynq/sw/a9_standalone/qemu/qemu_args.txt",
					"qemuData":	"D:/FPGA/Xilinx/Vitis/2020.2/data/emulation/platforms/zynq/sw/a9_standalone/qemu/",
					"debugEnable":	"False",
					"domRuntimes":	["cpp"],
					"swRepo":	"",
					"mssOsVer":	"1.7",
					"mssFile":	"",
					"md5Digest":	"407ed89e8458f658f5c11f275f3db238",
					"compatibleApp":	"",
					"domType":	"mssDomain",
					"appSettings":	{
						"appCompilerFlags":	"",
						"appLinkerFlags":	""
					},
					"addedLibs":	[],
					"libOptions":	{
						"libsContainingOptions":	[]
					},
					"prebuiltLibs":	{
						"prebuiltIncPath":	[],
						"prebuiltLibPath":	[]
					},
					"isolation":	{
					}
				}]
		}]
}
LOG::2026-07-21.12:18:17::SCWPlatform::Started generating the artifacts platform Identification_platform
TRACE::2026-07-21.12:18:17::SCWPlatform::Sanity checking of platform is completed
LOG::2026-07-21.12:18:17::SCWPlatform::Started generating the artifacts for system configuration Identification_platform
LOG::2026-07-21.12:18:17::SCWSystem::Checking the domain zynq_fsbl
LOG::2026-07-21.12:18:17::SCWSystem::Doing application build for :  zynq_fsbl
TRACE::2026-07-21.12:18:17::SCWBDomain::Not a forced makefile updation, No changes are present. 
TRACE::2026-07-21.12:18:17::SCWDomain::Skipping the build for domain :  zynq_fsbl
LOG::2026-07-21.12:18:17::SCWSystem::Checking the domain freertos10_xilinx_domain
LOG::2026-07-21.12:18:17::SCWSystem::Not a boot domain 
LOG::2026-07-21.12:18:17::SCWSystem::Started Processing the domain freertos10_xilinx_domain
TRACE::2026-07-21.12:18:17::SCWDomain::Generating domain artifcats
TRACE::2026-07-21.12:18:17::SCWMssOS::Generating standalone artifcats
TRACE::2026-07-21.12:18:17::SCWMssOS::Copying the qemu file from  D:/FPGA/Xilinx/Vitis/2020.2/data/emulation/platforms/zynq/sw/a9_standalone/qemu/qemu_args.txt To E:/7020_Project/25G/25G_PS/Identification_platform/export/Identification_platform/sw/Identification_platform/qemu/
TRACE::2026-07-21.12:18:17::SCWMssOS::Copying the qemu file from  D:/FPGA/Xilinx/Vitis/2020.2/data/emulation/platforms/zynq/sw/a9_standalone/qemu/qemu_args.txt To E:/7020_Project/25G/25G_PS/Identification_platform/export/Identification_platform/sw/Identification_platform/freertos10_xilinx_domain/qemu/
TRACE::2026-07-21.12:18:17::SCWMssOS:: Copying the user libraries. 
TRACE::2026-07-21.12:18:17::SCWPlatform::Trying to open the hw design at E:/7020_Project/25G/25G_PS/Identification_platform/hw/top.xsa
TRACE::2026-07-21.12:18:17::SCWPlatform::DSA given E:/7020_Project/25G/25G_PS/Identification_platform/hw/top.xsa
TRACE::2026-07-21.12:18:17::SCWPlatform::DSA absoulate path E:/7020_Project/25G/25G_PS/Identification_platform/hw/top.xsa
TRACE::2026-07-21.12:18:17::SCWPlatform::DSA directory E:/7020_Project/25G/25G_PS/Identification_platform/hw
TRACE::2026-07-21.12:18:17::SCWPlatform:: Platform Path E:/7020_Project/25G/25G_PS/Identification_platform/hw/top.xsa
TRACE::2026-07-21.12:18:17::SCWPlatform:: Unique name xilinx:::0.0
TRACE::2026-07-21.12:18:17::SCWPlatform::Trying to set the existing hwdb with name top_0
TRACE::2026-07-21.12:18:17::SCWPlatform::Opened existing hwdb top_0
TRACE::2026-07-21.12:18:17::SCWPlatform::Found the Hw Db part of the input DSA
TRACE::2026-07-21.12:18:17::SCWMssOS::Checking the sw design at  E:/7020_Project/25G/25G_PS/Identification_platform/ps7_cortexa9_0/freertos10_xilinx_domain/bsp/system.mss
TRACE::2026-07-21.12:18:17::SCWMssOS::DEBUG:  swdes dump  E:/7020_Project/25G/25G_PS/Identification_platform/ps7_cortexa9_0/freertos10_xilinx_domain/bsp/system.mss|system_0||
E:/7020_Project/25G/25G_PS/Identification_platform/zynq_fsbl/zynq_fsbl_bsp/system.mss|system||

TRACE::2026-07-21.12:18:17::SCWMssOS::Sw design exists and opened at  E:/7020_Project/25G/25G_PS/Identification_platform/ps7_cortexa9_0/freertos10_xilinx_domain/bsp/system.mss
TRACE::2026-07-21.12:18:17::SCWMssOS::Completed writing the mss file at E:/7020_Project/25G/25G_PS/Identification_platform/ps7_cortexa9_0/freertos10_xilinx_domain/bsp
TRACE::2026-07-21.12:18:17::SCWMssOS::Mss edits present, copying mssfile into export location E:/7020_Project/25G/25G_PS/Identification_platform/ps7_cortexa9_0/freertos10_xilinx_domain/bsp/system.mss
TRACE::2026-07-21.12:18:17::SCWMssOS::bsp generated is upto date with the mss file. Skipping bsp generation.
TRACE::2026-07-21.12:18:17::SCWMssOS::BSP is already built. skipping the bsp build ... 
TRACE::2026-07-21.12:18:17::SCWDomain::Skipping the build for domain :  freertos10_xilinx_domain
TRACE::2026-07-21.12:18:17::SCWMssOS::skipping the bsp build ... 
TRACE::2026-07-21.12:18:17::SCWMssOS::Copying to export directory.
TRACE::2026-07-21.12:18:17::SCWMssOS:: Checking if to create the Supporting Applications
TRACE::2026-07-21.12:18:17::SCWMssOS:: No Linux domain exists, trying to generate FSBL 
TRACE::2026-07-21.12:18:17::SCWMssOS:: Completed Standalone Artifacts creation 
LOG::2026-07-21.12:18:17::SCWSystem::Completed Processing the domain freertos10_xilinx_domain
LOG::2026-07-21.12:18:17::SCWSystem::Completed Processing the sysconfig Identification_platform
LOG::2026-07-21.12:18:17::SCWPlatform::Completed generating the artifacts for system configuration Identification_platform
TRACE::2026-07-21.12:18:17::SCWPlatform::Started preparing the platform 
TRACE::2026-07-21.12:18:17::SCWSystem::Writing the bif file for system config Identification_platform
TRACE::2026-07-21.12:18:17::SCWSystem::dir created 
TRACE::2026-07-21.12:18:17::SCWSystem::Writing the bif 
TRACE::2026-07-21.12:18:17::SCWPlatform::Started writing the spfm file 
TRACE::2026-07-21.12:18:17::SCWPlatform::Started writing the xpfm file 
TRACE::2026-07-21.12:18:17::SCWPlatform::Completed generating the platform
TRACE::2026-07-21.12:18:17::SCWMssOS::Saving the mss changes E:/7020_Project/25G/25G_PS/Identification_platform/zynq_fsbl/zynq_fsbl_bsp/system.mss
TRACE::2026-07-21.12:18:17::SCWMssOS::Found a swdesign opened with the mssfile.
TRACE::2026-07-21.12:18:17::SCWMssOS::Completed writemss as part of save.
TRACE::2026-07-21.12:18:17::SCWMssOS::Commit changes completed.
TRACE::2026-07-21.12:18:17::SCWMssOS::Saving the mss changes E:/7020_Project/25G/25G_PS/Identification_platform/ps7_cortexa9_0/freertos10_xilinx_domain/bsp/system.mss
TRACE::2026-07-21.12:18:17::SCWMssOS::Found a swdesign opened with the mssfile.
TRACE::2026-07-21.12:18:17::SCWMssOS::Completed writemss as part of save.
TRACE::2026-07-21.12:18:17::SCWMssOS::Commit changes completed.
TRACE::2026-07-21.12:18:17::SCWPlatform::Trying to open the hw design at E:/7020_Project/25G/25G_PS/Identification_platform/hw/top.xsa
TRACE::2026-07-21.12:18:17::SCWPlatform::DSA given E:/7020_Project/25G/25G_PS/Identification_platform/hw/top.xsa
TRACE::2026-07-21.12:18:17::SCWPlatform::DSA absoulate path E:/7020_Project/25G/25G_PS/Identification_platform/hw/top.xsa
TRACE::2026-07-21.12:18:17::SCWPlatform::DSA directory E:/7020_Project/25G/25G_PS/Identification_platform/hw
TRACE::2026-07-21.12:18:17::SCWPlatform:: Platform Path E:/7020_Project/25G/25G_PS/Identification_platform/hw/top.xsa
TRACE::2026-07-21.12:18:17::SCWPlatform:: Unique name xilinx:::0.0
TRACE::2026-07-21.12:18:17::SCWPlatform::Trying to set the existing hwdb with name top_0
TRACE::2026-07-21.12:18:17::SCWPlatform::Opened existing hwdb top_0
TRACE::2026-07-21.12:18:17::SCWPlatform::Found the Hw Db part of the input DSA
TRACE::2026-07-21.12:18:17::SCWMssOS::Checking the sw design at  E:/7020_Project/25G/25G_PS/Identification_platform/zynq_fsbl/zynq_fsbl_bsp/system.mss
TRACE::2026-07-21.12:18:17::SCWMssOS::DEBUG:  swdes dump  E:/7020_Project/25G/25G_PS/Identification_platform/ps7_cortexa9_0/freertos10_xilinx_domain/bsp/system.mss|system_0||
E:/7020_Project/25G/25G_PS/Identification_platform/zynq_fsbl/zynq_fsbl_bsp/system.mss|system||

TRACE::2026-07-21.12:18:17::SCWMssOS::Sw design exists and opened at  E:/7020_Project/25G/25G_PS/Identification_platform/zynq_fsbl/zynq_fsbl_bsp/system.mss
TRACE::2026-07-21.12:18:17::SCWPlatform::Trying to open the hw design at E:/7020_Project/25G/25G_PS/Identification_platform/hw/top.xsa
TRACE::2026-07-21.12:18:17::SCWPlatform::DSA given E:/7020_Project/25G/25G_PS/Identification_platform/hw/top.xsa
TRACE::2026-07-21.12:18:17::SCWPlatform::DSA absoulate path E:/7020_Project/25G/25G_PS/Identification_platform/hw/top.xsa
TRACE::2026-07-21.12:18:17::SCWPlatform::DSA directory E:/7020_Project/25G/25G_PS/Identification_platform/hw
TRACE::2026-07-21.12:18:17::SCWPlatform:: Platform Path E:/7020_Project/25G/25G_PS/Identification_platform/hw/top.xsa
TRACE::2026-07-21.12:18:17::SCWPlatform:: Unique name xilinx:::0.0
TRACE::2026-07-21.12:18:17::SCWPlatform::Trying to set the existing hwdb with name top_0
TRACE::2026-07-21.12:18:17::SCWPlatform::Opened existing hwdb top_0
TRACE::2026-07-21.12:18:17::SCWPlatform::Found the Hw Db part of the input DSA
TRACE::2026-07-21.12:18:17::SCWMssOS::Checking the sw design at  E:/7020_Project/25G/25G_PS/Identification_platform/zynq_fsbl/zynq_fsbl_bsp/system.mss
TRACE::2026-07-21.12:18:17::SCWMssOS::DEBUG:  swdes dump  E:/7020_Project/25G/25G_PS/Identification_platform/ps7_cortexa9_0/freertos10_xilinx_domain/bsp/system.mss|system_0||
E:/7020_Project/25G/25G_PS/Identification_platform/zynq_fsbl/zynq_fsbl_bsp/system.mss|system||

TRACE::2026-07-21.12:18:17::SCWMssOS::Sw design exists and opened at  E:/7020_Project/25G/25G_PS/Identification_platform/zynq_fsbl/zynq_fsbl_bsp/system.mss
TRACE::2026-07-21.12:18:17::SCWPlatform::Trying to open the hw design at E:/7020_Project/25G/25G_PS/Identification_platform/hw/top.xsa
TRACE::2026-07-21.12:18:17::SCWPlatform::DSA given E:/7020_Project/25G/25G_PS/Identification_platform/hw/top.xsa
TRACE::2026-07-21.12:18:17::SCWPlatform::DSA absoulate path E:/7020_Project/25G/25G_PS/Identification_platform/hw/top.xsa
TRACE::2026-07-21.12:18:17::SCWPlatform::DSA directory E:/7020_Project/25G/25G_PS/Identification_platform/hw
TRACE::2026-07-21.12:18:17::SCWPlatform:: Platform Path E:/7020_Project/25G/25G_PS/Identification_platform/hw/top.xsa
TRACE::2026-07-21.12:18:17::SCWPlatform:: Unique name xilinx:::0.0
TRACE::2026-07-21.12:18:17::SCWPlatform::Trying to set the existing hwdb with name top_0
TRACE::2026-07-21.12:18:17::SCWPlatform::Opened existing hwdb top_0
TRACE::2026-07-21.12:18:17::SCWPlatform::Found the Hw Db part of the input DSA
TRACE::2026-07-21.12:18:17::SCWMssOS::Checking the sw design at  E:/7020_Project/25G/25G_PS/Identification_platform/zynq_fsbl/zynq_fsbl_bsp/system.mss
TRACE::2026-07-21.12:18:17::SCWMssOS::DEBUG:  swdes dump  E:/7020_Project/25G/25G_PS/Identification_platform/ps7_cortexa9_0/freertos10_xilinx_domain/bsp/system.mss|system_0||
E:/7020_Project/25G/25G_PS/Identification_platform/zynq_fsbl/zynq_fsbl_bsp/system.mss|system||

TRACE::2026-07-21.12:18:17::SCWMssOS::Sw design exists and opened at  E:/7020_Project/25G/25G_PS/Identification_platform/zynq_fsbl/zynq_fsbl_bsp/system.mss
TRACE::2026-07-21.12:18:17::SCWPlatform::Trying to open the hw design at E:/7020_Project/25G/25G_PS/Identification_platform/hw/top.xsa
TRACE::2026-07-21.12:18:17::SCWPlatform::DSA given E:/7020_Project/25G/25G_PS/Identification_platform/hw/top.xsa
TRACE::2026-07-21.12:18:17::SCWPlatform::DSA absoulate path E:/7020_Project/25G/25G_PS/Identification_platform/hw/top.xsa
TRACE::2026-07-21.12:18:17::SCWPlatform::DSA directory E:/7020_Project/25G/25G_PS/Identification_platform/hw
TRACE::2026-07-21.12:18:17::SCWPlatform:: Platform Path E:/7020_Project/25G/25G_PS/Identification_platform/hw/top.xsa
TRACE::2026-07-21.12:18:17::SCWPlatform:: Unique name xilinx:::0.0
TRACE::2026-07-21.12:18:17::SCWPlatform::Trying to set the existing hwdb with name top_0
TRACE::2026-07-21.12:18:17::SCWPlatform::Opened existing hwdb top_0
TRACE::2026-07-21.12:18:17::SCWPlatform::Found the Hw Db part of the input DSA
TRACE::2026-07-21.12:18:17::SCWMssOS::Checking the sw design at  E:/7020_Project/25G/25G_PS/Identification_platform/ps7_cortexa9_0/freertos10_xilinx_domain/bsp/system.mss
TRACE::2026-07-21.12:18:17::SCWMssOS::DEBUG:  swdes dump  E:/7020_Project/25G/25G_PS/Identification_platform/ps7_cortexa9_0/freertos10_xilinx_domain/bsp/system.mss|system_0||
E:/7020_Project/25G/25G_PS/Identification_platform/zynq_fsbl/zynq_fsbl_bsp/system.mss|system||

TRACE::2026-07-21.12:18:17::SCWMssOS::Sw design exists and opened at  E:/7020_Project/25G/25G_PS/Identification_platform/ps7_cortexa9_0/freertos10_xilinx_domain/bsp/system.mss
TRACE::2026-07-21.12:18:17::SCWPlatform::Trying to open the hw design at E:/7020_Project/25G/25G_PS/Identification_platform/hw/top.xsa
TRACE::2026-07-21.12:18:17::SCWPlatform::DSA given E:/7020_Project/25G/25G_PS/Identification_platform/hw/top.xsa
TRACE::2026-07-21.12:18:17::SCWPlatform::DSA absoulate path E:/7020_Project/25G/25G_PS/Identification_platform/hw/top.xsa
TRACE::2026-07-21.12:18:17::SCWPlatform::DSA directory E:/7020_Project/25G/25G_PS/Identification_platform/hw
TRACE::2026-07-21.12:18:17::SCWPlatform:: Platform Path E:/7020_Project/25G/25G_PS/Identification_platform/hw/top.xsa
TRACE::2026-07-21.12:18:17::SCWPlatform:: Unique name xilinx:::0.0
TRACE::2026-07-21.12:18:17::SCWPlatform::Trying to set the existing hwdb with name top_0
TRACE::2026-07-21.12:18:17::SCWPlatform::Opened existing hwdb top_0
TRACE::2026-07-21.12:18:17::SCWPlatform::Found the Hw Db part of the input DSA
TRACE::2026-07-21.12:18:17::SCWMssOS::Checking the sw design at  E:/7020_Project/25G/25G_PS/Identification_platform/ps7_cortexa9_0/freertos10_xilinx_domain/bsp/system.mss
TRACE::2026-07-21.12:18:17::SCWMssOS::DEBUG:  swdes dump  E:/7020_Project/25G/25G_PS/Identification_platform/ps7_cortexa9_0/freertos10_xilinx_domain/bsp/system.mss|system_0||
E:/7020_Project/25G/25G_PS/Identification_platform/zynq_fsbl/zynq_fsbl_bsp/system.mss|system||

TRACE::2026-07-21.12:18:17::SCWMssOS::Sw design exists and opened at  E:/7020_Project/25G/25G_PS/Identification_platform/ps7_cortexa9_0/freertos10_xilinx_domain/bsp/system.mss
TRACE::2026-07-21.12:18:17::SCWPlatform::Trying to open the hw design at E:/7020_Project/25G/25G_PS/Identification_platform/hw/top.xsa
TRACE::2026-07-21.12:18:17::SCWPlatform::DSA given E:/7020_Project/25G/25G_PS/Identification_platform/hw/top.xsa
TRACE::2026-07-21.12:18:17::SCWPlatform::DSA absoulate path E:/7020_Project/25G/25G_PS/Identification_platform/hw/top.xsa
TRACE::2026-07-21.12:18:17::SCWPlatform::DSA directory E:/7020_Project/25G/25G_PS/Identification_platform/hw
TRACE::2026-07-21.12:18:17::SCWPlatform:: Platform Path E:/7020_Project/25G/25G_PS/Identification_platform/hw/top.xsa
TRACE::2026-07-21.12:18:17::SCWPlatform:: Unique name xilinx:::0.0
TRACE::2026-07-21.12:18:17::SCWPlatform::Trying to set the existing hwdb with name top_0
TRACE::2026-07-21.12:18:17::SCWPlatform::Opened existing hwdb top_0
TRACE::2026-07-21.12:18:17::SCWPlatform::Found the Hw Db part of the input DSA
TRACE::2026-07-21.12:18:17::SCWMssOS::Checking the sw design at  E:/7020_Project/25G/25G_PS/Identification_platform/ps7_cortexa9_0/freertos10_xilinx_domain/bsp/system.mss
TRACE::2026-07-21.12:18:17::SCWMssOS::DEBUG:  swdes dump  E:/7020_Project/25G/25G_PS/Identification_platform/ps7_cortexa9_0/freertos10_xilinx_domain/bsp/system.mss|system_0||
E:/7020_Project/25G/25G_PS/Identification_platform/zynq_fsbl/zynq_fsbl_bsp/system.mss|system||

TRACE::2026-07-21.12:18:17::SCWMssOS::Sw design exists and opened at  E:/7020_Project/25G/25G_PS/Identification_platform/ps7_cortexa9_0/freertos10_xilinx_domain/bsp/system.mss
TRACE::2026-07-21.12:18:17::SCWWriter::formatted JSON is {
	"platformName":	"Identification_platform",
	"sprVersion":	"2.0",
	"mode":	"gui",
	"dsaType":	"Fixed",
	"platformDesc":	"Identification_platform",
	"platHandOff":	"E:/7020_Project/25G/25G_PL/top.xsa",
	"platIntHandOff":	"<platformDir>/hw/top.xsa",
	"deviceType":	"zynq",
	"platIsPrebuiltAutogen":	"false",
	"platIsNoBootBsp":	"false",
	"platFsblTarget":	"ps7_cortexa9_0",
	"hasFsblMakeHasChanges":	"false",
	"hasPmufwMakeHasChanges":	"false",
	"fsblExtraCompilerFlags":	"-MMD -MP       -mcpu=cortex-a9 -mfpu=vfpv3 -mfloat-abi=hard ",
	"platPreBuiltFlag":	false,
	"platformSamplesDir":	"",
	"platActiveSys":	"Identification_platform",
	"systems":	[{
			"systemName":	"Identification_platform",
			"systemDesc":	"Identification_platform",
			"sysIsBootAutoGen":	"true",
			"systemDispName":	"Identification_platform",
			"sysActiveDom":	"freertos10_xilinx_domain",
			"sysDefaultDom":	"freertos10_xilinx_domain",
			"domains":	[{
					"domainName":	"zynq_fsbl",
					"domainDispName":	"zynq_fsbl",
					"domainDesc":	"FSBL Application BSP - Auto Generated.",
					"processors":	"ps7_cortexa9_0",
					"os":	"standalone",
					"sdxOs":	"standalone",
					"debugEnable":	"",
					"domRuntimes":	["cpp"],
					"swRepo":	"",
					"mssOsVer":	"7.3",
					"mssFile":	"",
					"md5Digest":	"c6a5bfe700c8df4586a8e42e6ae6f8df",
					"compatibleApp":	"zynq_fsbl",
					"domType":	"bootDomain",
					"arch":	"32-bit",
					"appSettings":	{
						"appCompilerFlags":	"",
						"appLinkerFlags":	""
					},
					"addedLibs":	["xilffs:4.4", "xilrsa:1.6"],
					"libOptions":	{
						"libsContainingOptions":	[]
					},
					"prebuiltLibs":	{
						"prebuiltIncPath":	[],
						"prebuiltLibPath":	[]
					},
					"isolation":	{
					}
				}, {
					"domainName":	"freertos10_xilinx_domain",
					"domainDispName":	"freertos10_xilinx_domain",
					"domainDesc":	"freertos10_xilinx_domain",
					"processors":	"ps7_cortexa9_0",
					"os":	"freertos10_xilinx",
					"sdxOs":	"freertos10_xilinx",
					"qemuArgs":	"D:/FPGA/Xilinx/Vitis/2020.2/data/emulation/platforms/zynq/sw/a9_standalone/qemu/qemu_args.txt",
					"qemuData":	"D:/FPGA/Xilinx/Vitis/2020.2/data/emulation/platforms/zynq/sw/a9_standalone/qemu/",
					"debugEnable":	"False",
					"domRuntimes":	["cpp"],
					"swRepo":	"",
					"mssOsVer":	"1.7",
					"mssFile":	"",
					"md5Digest":	"407ed89e8458f658f5c11f275f3db238",
					"compatibleApp":	"",
					"domType":	"mssDomain",
					"appSettings":	{
						"appCompilerFlags":	"",
						"appLinkerFlags":	""
					},
					"addedLibs":	[],
					"libOptions":	{
						"libsContainingOptions":	[]
					},
					"prebuiltLibs":	{
						"prebuiltIncPath":	[],
						"prebuiltLibPath":	[]
					},
					"isolation":	{
					}
				}]
		}]
}
KEYINFO::2026-07-21.12:18:17::SCWPlatform::updated the xpfm file.
TRACE::2026-07-21.12:18:17::SCWPlatform::Trying to open the hw design at E:/7020_Project/25G/25G_PS/Identification_platform/hw/top.xsa
TRACE::2026-07-21.12:18:17::SCWPlatform::DSA given E:/7020_Project/25G/25G_PS/Identification_platform/hw/top.xsa
TRACE::2026-07-21.12:18:17::SCWPlatform::DSA absoulate path E:/7020_Project/25G/25G_PS/Identification_platform/hw/top.xsa
TRACE::2026-07-21.12:18:17::SCWPlatform::DSA directory E:/7020_Project/25G/25G_PS/Identification_platform/hw
TRACE::2026-07-21.12:18:17::SCWPlatform:: Platform Path E:/7020_Project/25G/25G_PS/Identification_platform/hw/top.xsa
TRACE::2026-07-21.12:18:17::SCWPlatform:: Unique name xilinx:::0.0
TRACE::2026-07-21.12:18:17::SCWPlatform::Trying to set the existing hwdb with name top_0
TRACE::2026-07-21.12:18:17::SCWPlatform::Opened existing hwdb top_0
TRACE::2026-07-21.12:18:17::SCWPlatform::Found the Hw Db part of the input DSA
TRACE::2026-07-21.12:18:17::SCWMssOS::Checking the sw design at  E:/7020_Project/25G/25G_PS/Identification_platform/ps7_cortexa9_0/freertos10_xilinx_domain/bsp/system.mss
TRACE::2026-07-21.12:18:17::SCWMssOS::DEBUG:  swdes dump  E:/7020_Project/25G/25G_PS/Identification_platform/ps7_cortexa9_0/freertos10_xilinx_domain/bsp/system.mss|system_0||
E:/7020_Project/25G/25G_PS/Identification_platform/zynq_fsbl/zynq_fsbl_bsp/system.mss|system||

TRACE::2026-07-21.12:18:17::SCWMssOS::Sw design exists and opened at  E:/7020_Project/25G/25G_PS/Identification_platform/ps7_cortexa9_0/freertos10_xilinx_domain/bsp/system.mss
TRACE::2026-07-21.12:18:17::SCWMssOS::Saving the mss changes E:/7020_Project/25G/25G_PS/Identification_platform/zynq_fsbl/zynq_fsbl_bsp/system.mss
TRACE::2026-07-21.12:18:17::SCWMssOS::Found a swdesign opened with the mssfile.
TRACE::2026-07-21.12:18:17::SCWMssOS::Completed writemss as part of save.
TRACE::2026-07-21.12:18:17::SCWMssOS::Commit changes completed.
TRACE::2026-07-21.12:18:17::SCWMssOS::Saving the mss changes E:/7020_Project/25G/25G_PS/Identification_platform/ps7_cortexa9_0/freertos10_xilinx_domain/bsp/system.mss
TRACE::2026-07-21.12:18:17::SCWMssOS::Found a swdesign opened with the mssfile.
TRACE::2026-07-21.12:18:17::SCWMssOS::Completed writemss as part of save.
TRACE::2026-07-21.12:18:17::SCWMssOS::Commit changes completed.
TRACE::2026-07-21.12:18:17::SCWPlatform::Trying to open the hw design at E:/7020_Project/25G/25G_PS/Identification_platform/hw/top.xsa
TRACE::2026-07-21.12:18:17::SCWPlatform::DSA given E:/7020_Project/25G/25G_PS/Identification_platform/hw/top.xsa
TRACE::2026-07-21.12:18:17::SCWPlatform::DSA absoulate path E:/7020_Project/25G/25G_PS/Identification_platform/hw/top.xsa
TRACE::2026-07-21.12:18:17::SCWPlatform::DSA directory E:/7020_Project/25G/25G_PS/Identification_platform/hw
TRACE::2026-07-21.12:18:17::SCWPlatform:: Platform Path E:/7020_Project/25G/25G_PS/Identification_platform/hw/top.xsa
TRACE::2026-07-21.12:18:17::SCWPlatform:: Unique name xilinx:::0.0
TRACE::2026-07-21.12:18:17::SCWPlatform::Trying to set the existing hwdb with name top_0
TRACE::2026-07-21.12:18:17::SCWPlatform::Opened existing hwdb top_0
TRACE::2026-07-21.12:18:17::SCWPlatform::Found the Hw Db part of the input DSA
TRACE::2026-07-21.12:18:17::SCWMssOS::Checking the sw design at  E:/7020_Project/25G/25G_PS/Identification_platform/zynq_fsbl/zynq_fsbl_bsp/system.mss
TRACE::2026-07-21.12:18:17::SCWMssOS::DEBUG:  swdes dump  E:/7020_Project/25G/25G_PS/Identification_platform/ps7_cortexa9_0/freertos10_xilinx_domain/bsp/system.mss|system_0||
E:/7020_Project/25G/25G_PS/Identification_platform/zynq_fsbl/zynq_fsbl_bsp/system.mss|system||

TRACE::2026-07-21.12:18:17::SCWMssOS::Sw design exists and opened at  E:/7020_Project/25G/25G_PS/Identification_platform/zynq_fsbl/zynq_fsbl_bsp/system.mss
TRACE::2026-07-21.12:18:17::SCWPlatform::Trying to open the hw design at E:/7020_Project/25G/25G_PS/Identification_platform/hw/top.xsa
TRACE::2026-07-21.12:18:17::SCWPlatform::DSA given E:/7020_Project/25G/25G_PS/Identification_platform/hw/top.xsa
TRACE::2026-07-21.12:18:17::SCWPlatform::DSA absoulate path E:/7020_Project/25G/25G_PS/Identification_platform/hw/top.xsa
TRACE::2026-07-21.12:18:17::SCWPlatform::DSA directory E:/7020_Project/25G/25G_PS/Identification_platform/hw
TRACE::2026-07-21.12:18:17::SCWPlatform:: Platform Path E:/7020_Project/25G/25G_PS/Identification_platform/hw/top.xsa
TRACE::2026-07-21.12:18:17::SCWPlatform:: Unique name xilinx:::0.0
TRACE::2026-07-21.12:18:17::SCWPlatform::Trying to set the existing hwdb with name top_0
TRACE::2026-07-21.12:18:17::SCWPlatform::Opened existing hwdb top_0
TRACE::2026-07-21.12:18:17::SCWPlatform::Found the Hw Db part of the input DSA
TRACE::2026-07-21.12:18:17::SCWMssOS::Checking the sw design at  E:/7020_Project/25G/25G_PS/Identification_platform/zynq_fsbl/zynq_fsbl_bsp/system.mss
TRACE::2026-07-21.12:18:17::SCWMssOS::DEBUG:  swdes dump  E:/7020_Project/25G/25G_PS/Identification_platform/ps7_cortexa9_0/freertos10_xilinx_domain/bsp/system.mss|system_0||
E:/7020_Project/25G/25G_PS/Identification_platform/zynq_fsbl/zynq_fsbl_bsp/system.mss|system||

TRACE::2026-07-21.12:18:17::SCWMssOS::Sw design exists and opened at  E:/7020_Project/25G/25G_PS/Identification_platform/zynq_fsbl/zynq_fsbl_bsp/system.mss
TRACE::2026-07-21.12:18:17::SCWPlatform::Trying to open the hw design at E:/7020_Project/25G/25G_PS/Identification_platform/hw/top.xsa
TRACE::2026-07-21.12:18:17::SCWPlatform::DSA given E:/7020_Project/25G/25G_PS/Identification_platform/hw/top.xsa
TRACE::2026-07-21.12:18:17::SCWPlatform::DSA absoulate path E:/7020_Project/25G/25G_PS/Identification_platform/hw/top.xsa
TRACE::2026-07-21.12:18:17::SCWPlatform::DSA directory E:/7020_Project/25G/25G_PS/Identification_platform/hw
TRACE::2026-07-21.12:18:17::SCWPlatform:: Platform Path E:/7020_Project/25G/25G_PS/Identification_platform/hw/top.xsa
TRACE::2026-07-21.12:18:17::SCWPlatform:: Unique name xilinx:::0.0
TRACE::2026-07-21.12:18:17::SCWPlatform::Trying to set the existing hwdb with name top_0
TRACE::2026-07-21.12:18:17::SCWPlatform::Opened existing hwdb top_0
TRACE::2026-07-21.12:18:17::SCWPlatform::Found the Hw Db part of the input DSA
TRACE::2026-07-21.12:18:17::SCWMssOS::Checking the sw design at  E:/7020_Project/25G/25G_PS/Identification_platform/zynq_fsbl/zynq_fsbl_bsp/system.mss
TRACE::2026-07-21.12:18:17::SCWMssOS::DEBUG:  swdes dump  E:/7020_Project/25G/25G_PS/Identification_platform/ps7_cortexa9_0/freertos10_xilinx_domain/bsp/system.mss|system_0||
E:/7020_Project/25G/25G_PS/Identification_platform/zynq_fsbl/zynq_fsbl_bsp/system.mss|system||

TRACE::2026-07-21.12:18:17::SCWMssOS::Sw design exists and opened at  E:/7020_Project/25G/25G_PS/Identification_platform/zynq_fsbl/zynq_fsbl_bsp/system.mss
TRACE::2026-07-21.12:18:17::SCWPlatform::Trying to open the hw design at E:/7020_Project/25G/25G_PS/Identification_platform/hw/top.xsa
TRACE::2026-07-21.12:18:17::SCWPlatform::DSA given E:/7020_Project/25G/25G_PS/Identification_platform/hw/top.xsa
TRACE::2026-07-21.12:18:17::SCWPlatform::DSA absoulate path E:/7020_Project/25G/25G_PS/Identification_platform/hw/top.xsa
TRACE::2026-07-21.12:18:17::SCWPlatform::DSA directory E:/7020_Project/25G/25G_PS/Identification_platform/hw
TRACE::2026-07-21.12:18:17::SCWPlatform:: Platform Path E:/7020_Project/25G/25G_PS/Identification_platform/hw/top.xsa
TRACE::2026-07-21.12:18:17::SCWPlatform:: Unique name xilinx:::0.0
TRACE::2026-07-21.12:18:17::SCWPlatform::Trying to set the existing hwdb with name top_0
TRACE::2026-07-21.12:18:17::SCWPlatform::Opened existing hwdb top_0
TRACE::2026-07-21.12:18:17::SCWPlatform::Found the Hw Db part of the input DSA
TRACE::2026-07-21.12:18:17::SCWMssOS::Checking the sw design at  E:/7020_Project/25G/25G_PS/Identification_platform/ps7_cortexa9_0/freertos10_xilinx_domain/bsp/system.mss
TRACE::2026-07-21.12:18:17::SCWMssOS::DEBUG:  swdes dump  E:/7020_Project/25G/25G_PS/Identification_platform/ps7_cortexa9_0/freertos10_xilinx_domain/bsp/system.mss|system_0||
E:/7020_Project/25G/25G_PS/Identification_platform/zynq_fsbl/zynq_fsbl_bsp/system.mss|system||

TRACE::2026-07-21.12:18:17::SCWMssOS::Sw design exists and opened at  E:/7020_Project/25G/25G_PS/Identification_platform/ps7_cortexa9_0/freertos10_xilinx_domain/bsp/system.mss
TRACE::2026-07-21.12:18:17::SCWPlatform::Trying to open the hw design at E:/7020_Project/25G/25G_PS/Identification_platform/hw/top.xsa
TRACE::2026-07-21.12:18:17::SCWPlatform::DSA given E:/7020_Project/25G/25G_PS/Identification_platform/hw/top.xsa
TRACE::2026-07-21.12:18:17::SCWPlatform::DSA absoulate path E:/7020_Project/25G/25G_PS/Identification_platform/hw/top.xsa
TRACE::2026-07-21.12:18:17::SCWPlatform::DSA directory E:/7020_Project/25G/25G_PS/Identification_platform/hw
TRACE::2026-07-21.12:18:17::SCWPlatform:: Platform Path E:/7020_Project/25G/25G_PS/Identification_platform/hw/top.xsa
TRACE::2026-07-21.12:18:17::SCWPlatform:: Unique name xilinx:::0.0
TRACE::2026-07-21.12:18:17::SCWPlatform::Trying to set the existing hwdb with name top_0
TRACE::2026-07-21.12:18:17::SCWPlatform::Opened existing hwdb top_0
TRACE::2026-07-21.12:18:17::SCWPlatform::Found the Hw Db part of the input DSA
TRACE::2026-07-21.12:18:17::SCWMssOS::Checking the sw design at  E:/7020_Project/25G/25G_PS/Identification_platform/ps7_cortexa9_0/freertos10_xilinx_domain/bsp/system.mss
TRACE::2026-07-21.12:18:17::SCWMssOS::DEBUG:  swdes dump  E:/7020_Project/25G/25G_PS/Identification_platform/ps7_cortexa9_0/freertos10_xilinx_domain/bsp/system.mss|system_0||
E:/7020_Project/25G/25G_PS/Identification_platform/zynq_fsbl/zynq_fsbl_bsp/system.mss|system||

TRACE::2026-07-21.12:18:17::SCWMssOS::Sw design exists and opened at  E:/7020_Project/25G/25G_PS/Identification_platform/ps7_cortexa9_0/freertos10_xilinx_domain/bsp/system.mss
TRACE::2026-07-21.12:18:17::SCWPlatform::Trying to open the hw design at E:/7020_Project/25G/25G_PS/Identification_platform/hw/top.xsa
TRACE::2026-07-21.12:18:17::SCWPlatform::DSA given E:/7020_Project/25G/25G_PS/Identification_platform/hw/top.xsa
TRACE::2026-07-21.12:18:17::SCWPlatform::DSA absoulate path E:/7020_Project/25G/25G_PS/Identification_platform/hw/top.xsa
TRACE::2026-07-21.12:18:17::SCWPlatform::DSA directory E:/7020_Project/25G/25G_PS/Identification_platform/hw
TRACE::2026-07-21.12:18:17::SCWPlatform:: Platform Path E:/7020_Project/25G/25G_PS/Identification_platform/hw/top.xsa
TRACE::2026-07-21.12:18:17::SCWPlatform:: Unique name xilinx:::0.0
TRACE::2026-07-21.12:18:17::SCWPlatform::Trying to set the existing hwdb with name top_0
TRACE::2026-07-21.12:18:17::SCWPlatform::Opened existing hwdb top_0
TRACE::2026-07-21.12:18:17::SCWPlatform::Found the Hw Db part of the input DSA
TRACE::2026-07-21.12:18:17::SCWMssOS::Checking the sw design at  E:/7020_Project/25G/25G_PS/Identification_platform/ps7_cortexa9_0/freertos10_xilinx_domain/bsp/system.mss
TRACE::2026-07-21.12:18:17::SCWMssOS::DEBUG:  swdes dump  E:/7020_Project/25G/25G_PS/Identification_platform/ps7_cortexa9_0/freertos10_xilinx_domain/bsp/system.mss|system_0||
E:/7020_Project/25G/25G_PS/Identification_platform/zynq_fsbl/zynq_fsbl_bsp/system.mss|system||

TRACE::2026-07-21.12:18:17::SCWMssOS::Sw design exists and opened at  E:/7020_Project/25G/25G_PS/Identification_platform/ps7_cortexa9_0/freertos10_xilinx_domain/bsp/system.mss
TRACE::2026-07-21.12:18:17::SCWWriter::formatted JSON is {
	"platformName":	"Identification_platform",
	"sprVersion":	"2.0",
	"mode":	"gui",
	"dsaType":	"Fixed",
	"platformDesc":	"Identification_platform",
	"platHandOff":	"E:/7020_Project/25G/25G_PL/top.xsa",
	"platIntHandOff":	"<platformDir>/hw/top.xsa",
	"deviceType":	"zynq",
	"platIsPrebuiltAutogen":	"false",
	"platIsNoBootBsp":	"false",
	"platFsblTarget":	"ps7_cortexa9_0",
	"hasFsblMakeHasChanges":	"false",
	"hasPmufwMakeHasChanges":	"false",
	"fsblExtraCompilerFlags":	"-MMD -MP       -mcpu=cortex-a9 -mfpu=vfpv3 -mfloat-abi=hard ",
	"platPreBuiltFlag":	false,
	"platformSamplesDir":	"",
	"platActiveSys":	"Identification_platform",
	"systems":	[{
			"systemName":	"Identification_platform",
			"systemDesc":	"Identification_platform",
			"sysIsBootAutoGen":	"true",
			"systemDispName":	"Identification_platform",
			"sysActiveDom":	"freertos10_xilinx_domain",
			"sysDefaultDom":	"freertos10_xilinx_domain",
			"domains":	[{
					"domainName":	"zynq_fsbl",
					"domainDispName":	"zynq_fsbl",
					"domainDesc":	"FSBL Application BSP - Auto Generated.",
					"processors":	"ps7_cortexa9_0",
					"os":	"standalone",
					"sdxOs":	"standalone",
					"debugEnable":	"",
					"domRuntimes":	["cpp"],
					"swRepo":	"",
					"mssOsVer":	"7.3",
					"mssFile":	"",
					"md5Digest":	"c6a5bfe700c8df4586a8e42e6ae6f8df",
					"compatibleApp":	"zynq_fsbl",
					"domType":	"bootDomain",
					"arch":	"32-bit",
					"appSettings":	{
						"appCompilerFlags":	"",
						"appLinkerFlags":	""
					},
					"addedLibs":	["xilffs:4.4", "xilrsa:1.6"],
					"libOptions":	{
						"libsContainingOptions":	[]
					},
					"prebuiltLibs":	{
						"prebuiltIncPath":	[],
						"prebuiltLibPath":	[]
					},
					"isolation":	{
					}
				}, {
					"domainName":	"freertos10_xilinx_domain",
					"domainDispName":	"freertos10_xilinx_domain",
					"domainDesc":	"freertos10_xilinx_domain",
					"processors":	"ps7_cortexa9_0",
					"os":	"freertos10_xilinx",
					"sdxOs":	"freertos10_xilinx",
					"qemuArgs":	"D:/FPGA/Xilinx/Vitis/2020.2/data/emulation/platforms/zynq/sw/a9_standalone/qemu/qemu_args.txt",
					"qemuData":	"D:/FPGA/Xilinx/Vitis/2020.2/data/emulation/platforms/zynq/sw/a9_standalone/qemu/",
					"debugEnable":	"False",
					"domRuntimes":	["cpp"],
					"swRepo":	"",
					"mssOsVer":	"1.7",
					"mssFile":	"",
					"md5Digest":	"407ed89e8458f658f5c11f275f3db238",
					"compatibleApp":	"",
					"domType":	"mssDomain",
					"appSettings":	{
						"appCompilerFlags":	"",
						"appLinkerFlags":	""
					},
					"addedLibs":	[],
					"libOptions":	{
						"libsContainingOptions":	[]
					},
					"prebuiltLibs":	{
						"prebuiltIncPath":	[],
						"prebuiltLibPath":	[]
					},
					"isolation":	{
					}
				}]
		}]
}
TRACE::2026-07-21.12:18:17::SCWPlatform::Trying to open the hw design at E:/7020_Project/25G/25G_PS/Identification_platform/hw/top.xsa
TRACE::2026-07-21.12:18:17::SCWPlatform::DSA given E:/7020_Project/25G/25G_PS/Identification_platform/hw/top.xsa
TRACE::2026-07-21.12:18:17::SCWPlatform::DSA absoulate path E:/7020_Project/25G/25G_PS/Identification_platform/hw/top.xsa
TRACE::2026-07-21.12:18:17::SCWPlatform::DSA directory E:/7020_Project/25G/25G_PS/Identification_platform/hw
TRACE::2026-07-21.12:18:17::SCWPlatform:: Platform Path E:/7020_Project/25G/25G_PS/Identification_platform/hw/top.xsa
TRACE::2026-07-21.12:18:17::SCWPlatform:: Unique name xilinx:::0.0
TRACE::2026-07-21.12:18:17::SCWPlatform::Trying to set the existing hwdb with name top_0
TRACE::2026-07-21.12:18:17::SCWPlatform::Opened existing hwdb top_0
TRACE::2026-07-21.12:18:17::SCWPlatform::Found the Hw Db part of the input DSA
TRACE::2026-07-21.12:18:17::SCWMssOS::Checking the sw design at  E:/7020_Project/25G/25G_PS/Identification_platform/ps7_cortexa9_0/freertos10_xilinx_domain/bsp/system.mss
TRACE::2026-07-21.12:18:17::SCWMssOS::DEBUG:  swdes dump  E:/7020_Project/25G/25G_PS/Identification_platform/ps7_cortexa9_0/freertos10_xilinx_domain/bsp/system.mss|system_0||
E:/7020_Project/25G/25G_PS/Identification_platform/zynq_fsbl/zynq_fsbl_bsp/system.mss|system||

TRACE::2026-07-21.12:18:17::SCWMssOS::Sw design exists and opened at  E:/7020_Project/25G/25G_PS/Identification_platform/ps7_cortexa9_0/freertos10_xilinx_domain/bsp/system.mss
TRACE::2026-07-21.12:18:17::SCWPlatform::Trying to open the hw design at E:/7020_Project/25G/25G_PS/Identification_platform/hw/top.xsa
TRACE::2026-07-21.12:18:17::SCWPlatform::DSA given E:/7020_Project/25G/25G_PS/Identification_platform/hw/top.xsa
TRACE::2026-07-21.12:18:17::SCWPlatform::DSA absoulate path E:/7020_Project/25G/25G_PS/Identification_platform/hw/top.xsa
TRACE::2026-07-21.12:18:17::SCWPlatform::DSA directory E:/7020_Project/25G/25G_PS/Identification_platform/hw
TRACE::2026-07-21.12:18:17::SCWPlatform:: Platform Path E:/7020_Project/25G/25G_PS/Identification_platform/hw/top.xsa
TRACE::2026-07-21.12:18:17::SCWPlatform:: Unique name xilinx:::0.0
TRACE::2026-07-21.12:18:17::SCWPlatform::Trying to set the existing hwdb with name top_0
TRACE::2026-07-21.12:18:17::SCWPlatform::Opened existing hwdb top_0
TRACE::2026-07-21.12:18:17::SCWPlatform::Found the Hw Db part of the input DSA
TRACE::2026-07-21.12:18:17::SCWMssOS::Checking the sw design at  E:/7020_Project/25G/25G_PS/Identification_platform/ps7_cortexa9_0/freertos10_xilinx_domain/bsp/system.mss
TRACE::2026-07-21.12:18:17::SCWMssOS::DEBUG:  swdes dump  E:/7020_Project/25G/25G_PS/Identification_platform/ps7_cortexa9_0/freertos10_xilinx_domain/bsp/system.mss|system_0||
E:/7020_Project/25G/25G_PS/Identification_platform/zynq_fsbl/zynq_fsbl_bsp/system.mss|system||

TRACE::2026-07-21.12:18:17::SCWMssOS::Sw design exists and opened at  E:/7020_Project/25G/25G_PS/Identification_platform/ps7_cortexa9_0/freertos10_xilinx_domain/bsp/system.mss
TRACE::2026-07-21.12:18:17::SCWPlatform::Trying to open the hw design at E:/7020_Project/25G/25G_PS/Identification_platform/hw/top.xsa
TRACE::2026-07-21.12:18:17::SCWPlatform::DSA given E:/7020_Project/25G/25G_PS/Identification_platform/hw/top.xsa
TRACE::2026-07-21.12:18:17::SCWPlatform::DSA absoulate path E:/7020_Project/25G/25G_PS/Identification_platform/hw/top.xsa
TRACE::2026-07-21.12:18:17::SCWPlatform::DSA directory E:/7020_Project/25G/25G_PS/Identification_platform/hw
TRACE::2026-07-21.12:18:17::SCWPlatform:: Platform Path E:/7020_Project/25G/25G_PS/Identification_platform/hw/top.xsa
TRACE::2026-07-21.12:18:17::SCWPlatform:: Unique name xilinx:::0.0
TRACE::2026-07-21.12:18:17::SCWPlatform::Trying to set the existing hwdb with name top_0
TRACE::2026-07-21.12:18:17::SCWPlatform::Opened existing hwdb top_0
TRACE::2026-07-21.12:18:17::SCWPlatform::Found the Hw Db part of the input DSA
TRACE::2026-07-21.12:18:17::SCWMssOS::Checking the sw design at  E:/7020_Project/25G/25G_PS/Identification_platform/ps7_cortexa9_0/freertos10_xilinx_domain/bsp/system.mss
TRACE::2026-07-21.12:18:17::SCWMssOS::DEBUG:  swdes dump  E:/7020_Project/25G/25G_PS/Identification_platform/ps7_cortexa9_0/freertos10_xilinx_domain/bsp/system.mss|system_0||
E:/7020_Project/25G/25G_PS/Identification_platform/zynq_fsbl/zynq_fsbl_bsp/system.mss|system||

TRACE::2026-07-21.12:18:17::SCWMssOS::Sw design exists and opened at  E:/7020_Project/25G/25G_PS/Identification_platform/ps7_cortexa9_0/freertos10_xilinx_domain/bsp/system.mss
TRACE::2026-07-21.12:18:17::SCWMssOS::Saving the mss changes E:/7020_Project/25G/25G_PS/Identification_platform/zynq_fsbl/zynq_fsbl_bsp/system.mss
TRACE::2026-07-21.12:18:17::SCWMssOS::Found a swdesign opened with the mssfile.
TRACE::2026-07-21.12:18:17::SCWMssOS::Completed writemss as part of save.
TRACE::2026-07-21.12:18:17::SCWMssOS::Commit changes completed.
TRACE::2026-07-21.12:18:17::SCWMssOS::Saving the mss changes E:/7020_Project/25G/25G_PS/Identification_platform/ps7_cortexa9_0/freertos10_xilinx_domain/bsp/system.mss
TRACE::2026-07-21.12:18:17::SCWMssOS::Found a swdesign opened with the mssfile.
TRACE::2026-07-21.12:18:17::SCWMssOS::Completed writemss as part of save.
TRACE::2026-07-21.12:18:17::SCWMssOS::Commit changes completed.
TRACE::2026-07-21.12:18:17::SCWPlatform::Trying to open the hw design at E:/7020_Project/25G/25G_PS/Identification_platform/hw/top.xsa
TRACE::2026-07-21.12:18:17::SCWPlatform::DSA given E:/7020_Project/25G/25G_PS/Identification_platform/hw/top.xsa
TRACE::2026-07-21.12:18:17::SCWPlatform::DSA absoulate path E:/7020_Project/25G/25G_PS/Identification_platform/hw/top.xsa
TRACE::2026-07-21.12:18:17::SCWPlatform::DSA directory E:/7020_Project/25G/25G_PS/Identification_platform/hw
TRACE::2026-07-21.12:18:17::SCWPlatform:: Platform Path E:/7020_Project/25G/25G_PS/Identification_platform/hw/top.xsa
TRACE::2026-07-21.12:18:17::SCWPlatform:: Unique name xilinx:::0.0
TRACE::2026-07-21.12:18:17::SCWPlatform::Trying to set the existing hwdb with name top_0
TRACE::2026-07-21.12:18:17::SCWPlatform::Opened existing hwdb top_0
TRACE::2026-07-21.12:18:17::SCWPlatform::Found the Hw Db part of the input DSA
TRACE::2026-07-21.12:18:17::SCWMssOS::Checking the sw design at  E:/7020_Project/25G/25G_PS/Identification_platform/zynq_fsbl/zynq_fsbl_bsp/system.mss
TRACE::2026-07-21.12:18:17::SCWMssOS::DEBUG:  swdes dump  E:/7020_Project/25G/25G_PS/Identification_platform/ps7_cortexa9_0/freertos10_xilinx_domain/bsp/system.mss|system_0||
E:/7020_Project/25G/25G_PS/Identification_platform/zynq_fsbl/zynq_fsbl_bsp/system.mss|system||

TRACE::2026-07-21.12:18:17::SCWMssOS::Sw design exists and opened at  E:/7020_Project/25G/25G_PS/Identification_platform/zynq_fsbl/zynq_fsbl_bsp/system.mss
TRACE::2026-07-21.12:18:17::SCWPlatform::Trying to open the hw design at E:/7020_Project/25G/25G_PS/Identification_platform/hw/top.xsa
TRACE::2026-07-21.12:18:17::SCWPlatform::DSA given E:/7020_Project/25G/25G_PS/Identification_platform/hw/top.xsa
TRACE::2026-07-21.12:18:17::SCWPlatform::DSA absoulate path E:/7020_Project/25G/25G_PS/Identification_platform/hw/top.xsa
TRACE::2026-07-21.12:18:17::SCWPlatform::DSA directory E:/7020_Project/25G/25G_PS/Identification_platform/hw
TRACE::2026-07-21.12:18:17::SCWPlatform:: Platform Path E:/7020_Project/25G/25G_PS/Identification_platform/hw/top.xsa
TRACE::2026-07-21.12:18:17::SCWPlatform:: Unique name xilinx:::0.0
TRACE::2026-07-21.12:18:17::SCWPlatform::Trying to set the existing hwdb with name top_0
TRACE::2026-07-21.12:18:17::SCWPlatform::Opened existing hwdb top_0
TRACE::2026-07-21.12:18:17::SCWPlatform::Found the Hw Db part of the input DSA
TRACE::2026-07-21.12:18:17::SCWMssOS::Checking the sw design at  E:/7020_Project/25G/25G_PS/Identification_platform/zynq_fsbl/zynq_fsbl_bsp/system.mss
TRACE::2026-07-21.12:18:17::SCWMssOS::DEBUG:  swdes dump  E:/7020_Project/25G/25G_PS/Identification_platform/ps7_cortexa9_0/freertos10_xilinx_domain/bsp/system.mss|system_0||
E:/7020_Project/25G/25G_PS/Identification_platform/zynq_fsbl/zynq_fsbl_bsp/system.mss|system||

TRACE::2026-07-21.12:18:17::SCWMssOS::Sw design exists and opened at  E:/7020_Project/25G/25G_PS/Identification_platform/zynq_fsbl/zynq_fsbl_bsp/system.mss
TRACE::2026-07-21.12:18:17::SCWPlatform::Trying to open the hw design at E:/7020_Project/25G/25G_PS/Identification_platform/hw/top.xsa
TRACE::2026-07-21.12:18:17::SCWPlatform::DSA given E:/7020_Project/25G/25G_PS/Identification_platform/hw/top.xsa
TRACE::2026-07-21.12:18:17::SCWPlatform::DSA absoulate path E:/7020_Project/25G/25G_PS/Identification_platform/hw/top.xsa
TRACE::2026-07-21.12:18:17::SCWPlatform::DSA directory E:/7020_Project/25G/25G_PS/Identification_platform/hw
TRACE::2026-07-21.12:18:17::SCWPlatform:: Platform Path E:/7020_Project/25G/25G_PS/Identification_platform/hw/top.xsa
TRACE::2026-07-21.12:18:17::SCWPlatform:: Unique name xilinx:::0.0
TRACE::2026-07-21.12:18:17::SCWPlatform::Trying to set the existing hwdb with name top_0
TRACE::2026-07-21.12:18:17::SCWPlatform::Opened existing hwdb top_0
TRACE::2026-07-21.12:18:17::SCWPlatform::Found the Hw Db part of the input DSA
TRACE::2026-07-21.12:18:17::SCWMssOS::Checking the sw design at  E:/7020_Project/25G/25G_PS/Identification_platform/zynq_fsbl/zynq_fsbl_bsp/system.mss
TRACE::2026-07-21.12:18:17::SCWMssOS::DEBUG:  swdes dump  E:/7020_Project/25G/25G_PS/Identification_platform/ps7_cortexa9_0/freertos10_xilinx_domain/bsp/system.mss|system_0||
E:/7020_Project/25G/25G_PS/Identification_platform/zynq_fsbl/zynq_fsbl_bsp/system.mss|system||

TRACE::2026-07-21.12:18:17::SCWMssOS::Sw design exists and opened at  E:/7020_Project/25G/25G_PS/Identification_platform/zynq_fsbl/zynq_fsbl_bsp/system.mss
TRACE::2026-07-21.12:18:17::SCWPlatform::Trying to open the hw design at E:/7020_Project/25G/25G_PS/Identification_platform/hw/top.xsa
TRACE::2026-07-21.12:18:17::SCWPlatform::DSA given E:/7020_Project/25G/25G_PS/Identification_platform/hw/top.xsa
TRACE::2026-07-21.12:18:17::SCWPlatform::DSA absoulate path E:/7020_Project/25G/25G_PS/Identification_platform/hw/top.xsa
TRACE::2026-07-21.12:18:17::SCWPlatform::DSA directory E:/7020_Project/25G/25G_PS/Identification_platform/hw
TRACE::2026-07-21.12:18:17::SCWPlatform:: Platform Path E:/7020_Project/25G/25G_PS/Identification_platform/hw/top.xsa
TRACE::2026-07-21.12:18:17::SCWPlatform:: Unique name xilinx:::0.0
TRACE::2026-07-21.12:18:17::SCWPlatform::Trying to set the existing hwdb with name top_0
TRACE::2026-07-21.12:18:17::SCWPlatform::Opened existing hwdb top_0
TRACE::2026-07-21.12:18:17::SCWPlatform::Found the Hw Db part of the input DSA
TRACE::2026-07-21.12:18:17::SCWMssOS::Checking the sw design at  E:/7020_Project/25G/25G_PS/Identification_platform/ps7_cortexa9_0/freertos10_xilinx_domain/bsp/system.mss
TRACE::2026-07-21.12:18:17::SCWMssOS::DEBUG:  swdes dump  E:/7020_Project/25G/25G_PS/Identification_platform/ps7_cortexa9_0/freertos10_xilinx_domain/bsp/system.mss|system_0||
E:/7020_Project/25G/25G_PS/Identification_platform/zynq_fsbl/zynq_fsbl_bsp/system.mss|system||

TRACE::2026-07-21.12:18:17::SCWMssOS::Sw design exists and opened at  E:/7020_Project/25G/25G_PS/Identification_platform/ps7_cortexa9_0/freertos10_xilinx_domain/bsp/system.mss
TRACE::2026-07-21.12:18:17::SCWPlatform::Trying to open the hw design at E:/7020_Project/25G/25G_PS/Identification_platform/hw/top.xsa
TRACE::2026-07-21.12:18:17::SCWPlatform::DSA given E:/7020_Project/25G/25G_PS/Identification_platform/hw/top.xsa
TRACE::2026-07-21.12:18:17::SCWPlatform::DSA absoulate path E:/7020_Project/25G/25G_PS/Identification_platform/hw/top.xsa
TRACE::2026-07-21.12:18:17::SCWPlatform::DSA directory E:/7020_Project/25G/25G_PS/Identification_platform/hw
TRACE::2026-07-21.12:18:17::SCWPlatform:: Platform Path E:/7020_Project/25G/25G_PS/Identification_platform/hw/top.xsa
TRACE::2026-07-21.12:18:17::SCWPlatform:: Unique name xilinx:::0.0
TRACE::2026-07-21.12:18:17::SCWPlatform::Trying to set the existing hwdb with name top_0
TRACE::2026-07-21.12:18:17::SCWPlatform::Opened existing hwdb top_0
TRACE::2026-07-21.12:18:17::SCWPlatform::Found the Hw Db part of the input DSA
TRACE::2026-07-21.12:18:17::SCWMssOS::Checking the sw design at  E:/7020_Project/25G/25G_PS/Identification_platform/ps7_cortexa9_0/freertos10_xilinx_domain/bsp/system.mss
TRACE::2026-07-21.12:18:17::SCWMssOS::DEBUG:  swdes dump  E:/7020_Project/25G/25G_PS/Identification_platform/ps7_cortexa9_0/freertos10_xilinx_domain/bsp/system.mss|system_0||
E:/7020_Project/25G/25G_PS/Identification_platform/zynq_fsbl/zynq_fsbl_bsp/system.mss|system||

TRACE::2026-07-21.12:18:17::SCWMssOS::Sw design exists and opened at  E:/7020_Project/25G/25G_PS/Identification_platform/ps7_cortexa9_0/freertos10_xilinx_domain/bsp/system.mss
TRACE::2026-07-21.12:18:17::SCWPlatform::Trying to open the hw design at E:/7020_Project/25G/25G_PS/Identification_platform/hw/top.xsa
TRACE::2026-07-21.12:18:17::SCWPlatform::DSA given E:/7020_Project/25G/25G_PS/Identification_platform/hw/top.xsa
TRACE::2026-07-21.12:18:17::SCWPlatform::DSA absoulate path E:/7020_Project/25G/25G_PS/Identification_platform/hw/top.xsa
TRACE::2026-07-21.12:18:17::SCWPlatform::DSA directory E:/7020_Project/25G/25G_PS/Identification_platform/hw
TRACE::2026-07-21.12:18:17::SCWPlatform:: Platform Path E:/7020_Project/25G/25G_PS/Identification_platform/hw/top.xsa
TRACE::2026-07-21.12:18:17::SCWPlatform:: Unique name xilinx:::0.0
TRACE::2026-07-21.12:18:17::SCWPlatform::Trying to set the existing hwdb with name top_0
TRACE::2026-07-21.12:18:17::SCWPlatform::Opened existing hwdb top_0
TRACE::2026-07-21.12:18:17::SCWPlatform::Found the Hw Db part of the input DSA
TRACE::2026-07-21.12:18:17::SCWMssOS::Checking the sw design at  E:/7020_Project/25G/25G_PS/Identification_platform/ps7_cortexa9_0/freertos10_xilinx_domain/bsp/system.mss
TRACE::2026-07-21.12:18:17::SCWMssOS::DEBUG:  swdes dump  E:/7020_Project/25G/25G_PS/Identification_platform/ps7_cortexa9_0/freertos10_xilinx_domain/bsp/system.mss|system_0||
E:/7020_Project/25G/25G_PS/Identification_platform/zynq_fsbl/zynq_fsbl_bsp/system.mss|system||

TRACE::2026-07-21.12:18:17::SCWMssOS::Sw design exists and opened at  E:/7020_Project/25G/25G_PS/Identification_platform/ps7_cortexa9_0/freertos10_xilinx_domain/bsp/system.mss
TRACE::2026-07-21.12:18:17::SCWWriter::formatted JSON is {
	"platformName":	"Identification_platform",
	"sprVersion":	"2.0",
	"mode":	"gui",
	"dsaType":	"Fixed",
	"platformDesc":	"Identification_platform",
	"platHandOff":	"E:/7020_Project/25G/25G_PL/top.xsa",
	"platIntHandOff":	"<platformDir>/hw/top.xsa",
	"deviceType":	"zynq",
	"platIsPrebuiltAutogen":	"false",
	"platIsNoBootBsp":	"false",
	"platFsblTarget":	"ps7_cortexa9_0",
	"hasFsblMakeHasChanges":	"false",
	"hasPmufwMakeHasChanges":	"false",
	"fsblExtraCompilerFlags":	"-MMD -MP       -mcpu=cortex-a9 -mfpu=vfpv3 -mfloat-abi=hard ",
	"platPreBuiltFlag":	false,
	"platformSamplesDir":	"",
	"platActiveSys":	"Identification_platform",
	"systems":	[{
			"systemName":	"Identification_platform",
			"systemDesc":	"Identification_platform",
			"sysIsBootAutoGen":	"true",
			"systemDispName":	"Identification_platform",
			"sysActiveDom":	"freertos10_xilinx_domain",
			"sysDefaultDom":	"freertos10_xilinx_domain",
			"domains":	[{
					"domainName":	"zynq_fsbl",
					"domainDispName":	"zynq_fsbl",
					"domainDesc":	"FSBL Application BSP - Auto Generated.",
					"processors":	"ps7_cortexa9_0",
					"os":	"standalone",
					"sdxOs":	"standalone",
					"debugEnable":	"",
					"domRuntimes":	["cpp"],
					"swRepo":	"",
					"mssOsVer":	"7.3",
					"mssFile":	"",
					"md5Digest":	"c6a5bfe700c8df4586a8e42e6ae6f8df",
					"compatibleApp":	"zynq_fsbl",
					"domType":	"bootDomain",
					"arch":	"32-bit",
					"appSettings":	{
						"appCompilerFlags":	"",
						"appLinkerFlags":	""
					},
					"addedLibs":	["xilffs:4.4", "xilrsa:1.6"],
					"libOptions":	{
						"libsContainingOptions":	[]
					},
					"prebuiltLibs":	{
						"prebuiltIncPath":	[],
						"prebuiltLibPath":	[]
					},
					"isolation":	{
					}
				}, {
					"domainName":	"freertos10_xilinx_domain",
					"domainDispName":	"freertos10_xilinx on ps7_cortexa9_0",
					"domainDesc":	"freertos10_xilinx_domain",
					"processors":	"ps7_cortexa9_0",
					"os":	"freertos10_xilinx",
					"sdxOs":	"freertos10_xilinx",
					"qemuArgs":	"D:/FPGA/Xilinx/Vitis/2020.2/data/emulation/platforms/zynq/sw/a9_standalone/qemu/qemu_args.txt",
					"qemuData":	"D:/FPGA/Xilinx/Vitis/2020.2/data/emulation/platforms/zynq/sw/a9_standalone/qemu/",
					"debugEnable":	"False",
					"domRuntimes":	["cpp"],
					"swRepo":	"",
					"mssOsVer":	"1.7",
					"mssFile":	"",
					"md5Digest":	"407ed89e8458f658f5c11f275f3db238",
					"compatibleApp":	"",
					"domType":	"mssDomain",
					"appSettings":	{
						"appCompilerFlags":	"",
						"appLinkerFlags":	""
					},
					"addedLibs":	[],
					"libOptions":	{
						"libsContainingOptions":	[]
					},
					"prebuiltLibs":	{
						"prebuiltIncPath":	[],
						"prebuiltLibPath":	[]
					},
					"isolation":	{
					}
				}]
		}]
}
TRACE::2026-07-21.12:18:17::SCWMssOS::Saving the mss changes E:/7020_Project/25G/25G_PS/Identification_platform/zynq_fsbl/zynq_fsbl_bsp/system.mss
TRACE::2026-07-21.12:18:17::SCWMssOS::Found a swdesign opened with the mssfile.
TRACE::2026-07-21.12:18:17::SCWMssOS::Completed writemss as part of save.
TRACE::2026-07-21.12:18:17::SCWMssOS::Commit changes completed.
TRACE::2026-07-21.12:18:17::SCWMssOS::Saving the mss changes E:/7020_Project/25G/25G_PS/Identification_platform/ps7_cortexa9_0/freertos10_xilinx_domain/bsp/system.mss
TRACE::2026-07-21.12:18:17::SCWMssOS::Found a swdesign opened with the mssfile.
TRACE::2026-07-21.12:18:17::SCWMssOS::Completed writemss as part of save.
TRACE::2026-07-21.12:18:17::SCWMssOS::Commit changes completed.
TRACE::2026-07-21.12:18:17::SCWPlatform::Trying to open the hw design at E:/7020_Project/25G/25G_PS/Identification_platform/hw/top.xsa
TRACE::2026-07-21.12:18:17::SCWPlatform::DSA given E:/7020_Project/25G/25G_PS/Identification_platform/hw/top.xsa
TRACE::2026-07-21.12:18:17::SCWPlatform::DSA absoulate path E:/7020_Project/25G/25G_PS/Identification_platform/hw/top.xsa
TRACE::2026-07-21.12:18:17::SCWPlatform::DSA directory E:/7020_Project/25G/25G_PS/Identification_platform/hw
TRACE::2026-07-21.12:18:17::SCWPlatform:: Platform Path E:/7020_Project/25G/25G_PS/Identification_platform/hw/top.xsa
TRACE::2026-07-21.12:18:17::SCWPlatform:: Unique name xilinx:::0.0
TRACE::2026-07-21.12:18:17::SCWPlatform::Trying to set the existing hwdb with name top_0
TRACE::2026-07-21.12:18:17::SCWPlatform::Opened existing hwdb top_0
TRACE::2026-07-21.12:18:17::SCWPlatform::Found the Hw Db part of the input DSA
TRACE::2026-07-21.12:18:17::SCWMssOS::Checking the sw design at  E:/7020_Project/25G/25G_PS/Identification_platform/zynq_fsbl/zynq_fsbl_bsp/system.mss
TRACE::2026-07-21.12:18:17::SCWMssOS::DEBUG:  swdes dump  E:/7020_Project/25G/25G_PS/Identification_platform/ps7_cortexa9_0/freertos10_xilinx_domain/bsp/system.mss|system_0||
E:/7020_Project/25G/25G_PS/Identification_platform/zynq_fsbl/zynq_fsbl_bsp/system.mss|system||

TRACE::2026-07-21.12:18:17::SCWMssOS::Sw design exists and opened at  E:/7020_Project/25G/25G_PS/Identification_platform/zynq_fsbl/zynq_fsbl_bsp/system.mss
TRACE::2026-07-21.12:18:17::SCWPlatform::Trying to open the hw design at E:/7020_Project/25G/25G_PS/Identification_platform/hw/top.xsa
TRACE::2026-07-21.12:18:17::SCWPlatform::DSA given E:/7020_Project/25G/25G_PS/Identification_platform/hw/top.xsa
TRACE::2026-07-21.12:18:17::SCWPlatform::DSA absoulate path E:/7020_Project/25G/25G_PS/Identification_platform/hw/top.xsa
TRACE::2026-07-21.12:18:17::SCWPlatform::DSA directory E:/7020_Project/25G/25G_PS/Identification_platform/hw
TRACE::2026-07-21.12:18:17::SCWPlatform:: Platform Path E:/7020_Project/25G/25G_PS/Identification_platform/hw/top.xsa
TRACE::2026-07-21.12:18:17::SCWPlatform:: Unique name xilinx:::0.0
TRACE::2026-07-21.12:18:17::SCWPlatform::Trying to set the existing hwdb with name top_0
TRACE::2026-07-21.12:18:17::SCWPlatform::Opened existing hwdb top_0
TRACE::2026-07-21.12:18:17::SCWPlatform::Found the Hw Db part of the input DSA
TRACE::2026-07-21.12:18:17::SCWMssOS::Checking the sw design at  E:/7020_Project/25G/25G_PS/Identification_platform/zynq_fsbl/zynq_fsbl_bsp/system.mss
TRACE::2026-07-21.12:18:17::SCWMssOS::DEBUG:  swdes dump  E:/7020_Project/25G/25G_PS/Identification_platform/ps7_cortexa9_0/freertos10_xilinx_domain/bsp/system.mss|system_0||
E:/7020_Project/25G/25G_PS/Identification_platform/zynq_fsbl/zynq_fsbl_bsp/system.mss|system||

TRACE::2026-07-21.12:18:17::SCWMssOS::Sw design exists and opened at  E:/7020_Project/25G/25G_PS/Identification_platform/zynq_fsbl/zynq_fsbl_bsp/system.mss
TRACE::2026-07-21.12:18:17::SCWPlatform::Trying to open the hw design at E:/7020_Project/25G/25G_PS/Identification_platform/hw/top.xsa
TRACE::2026-07-21.12:18:17::SCWPlatform::DSA given E:/7020_Project/25G/25G_PS/Identification_platform/hw/top.xsa
TRACE::2026-07-21.12:18:17::SCWPlatform::DSA absoulate path E:/7020_Project/25G/25G_PS/Identification_platform/hw/top.xsa
TRACE::2026-07-21.12:18:17::SCWPlatform::DSA directory E:/7020_Project/25G/25G_PS/Identification_platform/hw
TRACE::2026-07-21.12:18:17::SCWPlatform:: Platform Path E:/7020_Project/25G/25G_PS/Identification_platform/hw/top.xsa
TRACE::2026-07-21.12:18:17::SCWPlatform:: Unique name xilinx:::0.0
TRACE::2026-07-21.12:18:17::SCWPlatform::Trying to set the existing hwdb with name top_0
TRACE::2026-07-21.12:18:17::SCWPlatform::Opened existing hwdb top_0
TRACE::2026-07-21.12:18:17::SCWPlatform::Found the Hw Db part of the input DSA
TRACE::2026-07-21.12:18:17::SCWMssOS::Checking the sw design at  E:/7020_Project/25G/25G_PS/Identification_platform/zynq_fsbl/zynq_fsbl_bsp/system.mss
TRACE::2026-07-21.12:18:17::SCWMssOS::DEBUG:  swdes dump  E:/7020_Project/25G/25G_PS/Identification_platform/ps7_cortexa9_0/freertos10_xilinx_domain/bsp/system.mss|system_0||
E:/7020_Project/25G/25G_PS/Identification_platform/zynq_fsbl/zynq_fsbl_bsp/system.mss|system||

TRACE::2026-07-21.12:18:17::SCWMssOS::Sw design exists and opened at  E:/7020_Project/25G/25G_PS/Identification_platform/zynq_fsbl/zynq_fsbl_bsp/system.mss
TRACE::2026-07-21.12:18:17::SCWPlatform::Trying to open the hw design at E:/7020_Project/25G/25G_PS/Identification_platform/hw/top.xsa
TRACE::2026-07-21.12:18:17::SCWPlatform::DSA given E:/7020_Project/25G/25G_PS/Identification_platform/hw/top.xsa
TRACE::2026-07-21.12:18:17::SCWPlatform::DSA absoulate path E:/7020_Project/25G/25G_PS/Identification_platform/hw/top.xsa
TRACE::2026-07-21.12:18:17::SCWPlatform::DSA directory E:/7020_Project/25G/25G_PS/Identification_platform/hw
TRACE::2026-07-21.12:18:17::SCWPlatform:: Platform Path E:/7020_Project/25G/25G_PS/Identification_platform/hw/top.xsa
TRACE::2026-07-21.12:18:17::SCWPlatform:: Unique name xilinx:::0.0
TRACE::2026-07-21.12:18:17::SCWPlatform::Trying to set the existing hwdb with name top_0
TRACE::2026-07-21.12:18:17::SCWPlatform::Opened existing hwdb top_0
TRACE::2026-07-21.12:18:17::SCWPlatform::Found the Hw Db part of the input DSA
TRACE::2026-07-21.12:18:17::SCWMssOS::Checking the sw design at  E:/7020_Project/25G/25G_PS/Identification_platform/ps7_cortexa9_0/freertos10_xilinx_domain/bsp/system.mss
TRACE::2026-07-21.12:18:17::SCWMssOS::DEBUG:  swdes dump  E:/7020_Project/25G/25G_PS/Identification_platform/ps7_cortexa9_0/freertos10_xilinx_domain/bsp/system.mss|system_0||
E:/7020_Project/25G/25G_PS/Identification_platform/zynq_fsbl/zynq_fsbl_bsp/system.mss|system||

TRACE::2026-07-21.12:18:17::SCWMssOS::Sw design exists and opened at  E:/7020_Project/25G/25G_PS/Identification_platform/ps7_cortexa9_0/freertos10_xilinx_domain/bsp/system.mss
TRACE::2026-07-21.12:18:17::SCWPlatform::Trying to open the hw design at E:/7020_Project/25G/25G_PS/Identification_platform/hw/top.xsa
TRACE::2026-07-21.12:18:17::SCWPlatform::DSA given E:/7020_Project/25G/25G_PS/Identification_platform/hw/top.xsa
TRACE::2026-07-21.12:18:17::SCWPlatform::DSA absoulate path E:/7020_Project/25G/25G_PS/Identification_platform/hw/top.xsa
TRACE::2026-07-21.12:18:17::SCWPlatform::DSA directory E:/7020_Project/25G/25G_PS/Identification_platform/hw
TRACE::2026-07-21.12:18:17::SCWPlatform:: Platform Path E:/7020_Project/25G/25G_PS/Identification_platform/hw/top.xsa
TRACE::2026-07-21.12:18:17::SCWPlatform:: Unique name xilinx:::0.0
TRACE::2026-07-21.12:18:17::SCWPlatform::Trying to set the existing hwdb with name top_0
TRACE::2026-07-21.12:18:17::SCWPlatform::Opened existing hwdb top_0
TRACE::2026-07-21.12:18:17::SCWPlatform::Found the Hw Db part of the input DSA
TRACE::2026-07-21.12:18:17::SCWMssOS::Checking the sw design at  E:/7020_Project/25G/25G_PS/Identification_platform/ps7_cortexa9_0/freertos10_xilinx_domain/bsp/system.mss
TRACE::2026-07-21.12:18:17::SCWMssOS::DEBUG:  swdes dump  E:/7020_Project/25G/25G_PS/Identification_platform/ps7_cortexa9_0/freertos10_xilinx_domain/bsp/system.mss|system_0||
E:/7020_Project/25G/25G_PS/Identification_platform/zynq_fsbl/zynq_fsbl_bsp/system.mss|system||

TRACE::2026-07-21.12:18:17::SCWMssOS::Sw design exists and opened at  E:/7020_Project/25G/25G_PS/Identification_platform/ps7_cortexa9_0/freertos10_xilinx_domain/bsp/system.mss
TRACE::2026-07-21.12:18:17::SCWPlatform::Trying to open the hw design at E:/7020_Project/25G/25G_PS/Identification_platform/hw/top.xsa
TRACE::2026-07-21.12:18:17::SCWPlatform::DSA given E:/7020_Project/25G/25G_PS/Identification_platform/hw/top.xsa
TRACE::2026-07-21.12:18:17::SCWPlatform::DSA absoulate path E:/7020_Project/25G/25G_PS/Identification_platform/hw/top.xsa
TRACE::2026-07-21.12:18:17::SCWPlatform::DSA directory E:/7020_Project/25G/25G_PS/Identification_platform/hw
TRACE::2026-07-21.12:18:17::SCWPlatform:: Platform Path E:/7020_Project/25G/25G_PS/Identification_platform/hw/top.xsa
TRACE::2026-07-21.12:18:17::SCWPlatform:: Unique name xilinx:::0.0
TRACE::2026-07-21.12:18:17::SCWPlatform::Trying to set the existing hwdb with name top_0
TRACE::2026-07-21.12:18:17::SCWPlatform::Opened existing hwdb top_0
TRACE::2026-07-21.12:18:17::SCWPlatform::Found the Hw Db part of the input DSA
TRACE::2026-07-21.12:18:17::SCWMssOS::Checking the sw design at  E:/7020_Project/25G/25G_PS/Identification_platform/ps7_cortexa9_0/freertos10_xilinx_domain/bsp/system.mss
TRACE::2026-07-21.12:18:17::SCWMssOS::DEBUG:  swdes dump  E:/7020_Project/25G/25G_PS/Identification_platform/ps7_cortexa9_0/freertos10_xilinx_domain/bsp/system.mss|system_0||
E:/7020_Project/25G/25G_PS/Identification_platform/zynq_fsbl/zynq_fsbl_bsp/system.mss|system||

TRACE::2026-07-21.12:18:17::SCWMssOS::Sw design exists and opened at  E:/7020_Project/25G/25G_PS/Identification_platform/ps7_cortexa9_0/freertos10_xilinx_domain/bsp/system.mss
TRACE::2026-07-21.12:18:17::SCWWriter::formatted JSON is {
	"platformName":	"Identification_platform",
	"sprVersion":	"2.0",
	"mode":	"gui",
	"dsaType":	"Fixed",
	"platformDesc":	"Identification_platform",
	"platHandOff":	"E:/7020_Project/25G/25G_PL/top.xsa",
	"platIntHandOff":	"<platformDir>/hw/top.xsa",
	"deviceType":	"zynq",
	"platIsPrebuiltAutogen":	"false",
	"platIsNoBootBsp":	"false",
	"platFsblTarget":	"ps7_cortexa9_0",
	"hasFsblMakeHasChanges":	"false",
	"hasPmufwMakeHasChanges":	"false",
	"fsblExtraCompilerFlags":	"-MMD -MP       -mcpu=cortex-a9 -mfpu=vfpv3 -mfloat-abi=hard ",
	"platPreBuiltFlag":	false,
	"platformSamplesDir":	"",
	"platActiveSys":	"Identification_platform",
	"systems":	[{
			"systemName":	"Identification_platform",
			"systemDesc":	"Identification_platform",
			"sysIsBootAutoGen":	"true",
			"systemDispName":	"Identification_platform",
			"sysActiveDom":	"freertos10_xilinx_domain",
			"sysDefaultDom":	"freertos10_xilinx_domain",
			"domains":	[{
					"domainName":	"zynq_fsbl",
					"domainDispName":	"zynq_fsbl",
					"domainDesc":	"FSBL Application BSP - Auto Generated.",
					"processors":	"ps7_cortexa9_0",
					"os":	"standalone",
					"sdxOs":	"standalone",
					"debugEnable":	"",
					"domRuntimes":	["cpp"],
					"swRepo":	"",
					"mssOsVer":	"7.3",
					"mssFile":	"",
					"md5Digest":	"c6a5bfe700c8df4586a8e42e6ae6f8df",
					"compatibleApp":	"zynq_fsbl",
					"domType":	"bootDomain",
					"arch":	"32-bit",
					"appSettings":	{
						"appCompilerFlags":	"",
						"appLinkerFlags":	""
					},
					"addedLibs":	["xilffs:4.4", "xilrsa:1.6"],
					"libOptions":	{
						"libsContainingOptions":	[]
					},
					"prebuiltLibs":	{
						"prebuiltIncPath":	[],
						"prebuiltLibPath":	[]
					},
					"isolation":	{
					}
				}, {
					"domainName":	"freertos10_xilinx_domain",
					"domainDispName":	"freertos10_xilinx on ps7_cortexa9_0",
					"domainDesc":	"freertos10_xilinx_domain",
					"processors":	"ps7_cortexa9_0",
					"os":	"freertos10_xilinx",
					"sdxOs":	"freertos10_xilinx",
					"qemuArgs":	"D:/FPGA/Xilinx/Vitis/2020.2/data/emulation/platforms/zynq/sw/a9_standalone/qemu/qemu_args.txt",
					"qemuData":	"D:/FPGA/Xilinx/Vitis/2020.2/data/emulation/platforms/zynq/sw/a9_standalone/qemu/",
					"debugEnable":	"False",
					"domRuntimes":	["cpp"],
					"swRepo":	"",
					"mssOsVer":	"1.7",
					"mssFile":	"",
					"md5Digest":	"407ed89e8458f658f5c11f275f3db238",
					"compatibleApp":	"",
					"domType":	"mssDomain",
					"appSettings":	{
						"appCompilerFlags":	"",
						"appLinkerFlags":	""
					},
					"addedLibs":	[],
					"libOptions":	{
						"libsContainingOptions":	[]
					},
					"prebuiltLibs":	{
						"prebuiltIncPath":	[],
						"prebuiltLibPath":	[]
					},
					"isolation":	{
					}
				}]
		}]
}
TRACE::2026-07-21.12:18:17::SCWPlatform::Clearing the existing platform
TRACE::2026-07-21.12:18:17::SCWSystem::Clearing the existing sysconfig
TRACE::2026-07-21.12:18:17::SCWBDomain::clearing the fsbl build
TRACE::2026-07-21.12:18:17::SCWMssOS::Removing the swdes entry for  E:/7020_Project/25G/25G_PS/Identification_platform/zynq_fsbl/zynq_fsbl_bsp/system.mss
TRACE::2026-07-21.12:18:17::SCWMssOS::Removing the swdes entry for  E:/7020_Project/25G/25G_PS/Identification_platform/ps7_cortexa9_0/freertos10_xilinx_domain/bsp/system.mss
TRACE::2026-07-21.12:18:17::SCWSystem::Clearing the domains completed.
TRACE::2026-07-21.12:18:17::SCWPlatform::Clearing the opened hw db.
TRACE::2026-07-21.12:18:17::SCWPlatform::DSA given E:/7020_Project/25G/25G_PS/Identification_platform/hw/top.xsa
TRACE::2026-07-21.12:18:17::SCWPlatform::DSA absoulate path E:/7020_Project/25G/25G_PS/Identification_platform/hw/top.xsa
TRACE::2026-07-21.12:18:17::SCWPlatform:: Platform location is E:/7020_Project/25G/25G_PS/Identification_platform/hw
TRACE::2026-07-21.12:18:17::SCWPlatform:: Platform Path E:/7020_Project/25G/25G_PS/Identification_platform/hw/top.xsa
TRACE::2026-07-21.12:18:17::SCWPlatform:: Unique name xilinx:::0.0
TRACE::2026-07-21.12:18:17::SCWPlatform::Removing the HwDB with name E:/7020_Project/25G/25G_PS/Identification_platform/hw/top.xsa
TRACE::2026-07-21.12:18:17::SCWPlatform::Trying to open the hw design at E:/7020_Project/25G/25G_PS/Identification_platform/hw/top.xsa
TRACE::2026-07-21.12:18:17::SCWPlatform::DSA given E:/7020_Project/25G/25G_PS/Identification_platform/hw/top.xsa
TRACE::2026-07-21.12:18:17::SCWPlatform::DSA absoulate path E:/7020_Project/25G/25G_PS/Identification_platform/hw/top.xsa
TRACE::2026-07-21.12:18:17::SCWPlatform::DSA directory E:/7020_Project/25G/25G_PS/Identification_platform/hw
TRACE::2026-07-21.12:18:17::SCWPlatform:: Platform Path E:/7020_Project/25G/25G_PS/Identification_platform/hw/top.xsa
TRACE::2026-07-21.12:18:17::SCWPlatform:: Unique name xilinx:::0.0
TRACE::2026-07-21.12:18:17::SCWPlatform::Do not have an existing db opened. 
TRACE::2026-07-21.12:18:18::SCWPlatform::Opened new HwDB with name top_1
TRACE::2026-07-21.12:18:18::SCWReader::Active system found as  Identification_platform
TRACE::2026-07-21.12:18:18::SCWReader::Handling sysconfig Identification_platform
TRACE::2026-07-21.12:18:18::SCWDomain::checking for install qemu data   : 
TRACE::2026-07-21.12:18:18::SCWDomain:: Using the QEMU Data from install at  : D:/FPGA/Xilinx/Vitis/2020.2/data/emulation/platforms/zynq/sw/a9_standalone/qemu/
TRACE::2026-07-21.12:18:18::SCWDomain:: Using the QEMU args  from install at  : D:/FPGA/Xilinx/Vitis/2020.2/data/emulation/platforms/zynq/sw/a9_standalone/qemu/qemu_args.txt
TRACE::2026-07-21.12:18:18::SCWPlatform::Trying to open the hw design at E:/7020_Project/25G/25G_PS/Identification_platform/hw/top.xsa
TRACE::2026-07-21.12:18:18::SCWPlatform::DSA given E:/7020_Project/25G/25G_PS/Identification_platform/hw/top.xsa
TRACE::2026-07-21.12:18:18::SCWPlatform::DSA absoulate path E:/7020_Project/25G/25G_PS/Identification_platform/hw/top.xsa
TRACE::2026-07-21.12:18:18::SCWPlatform::DSA directory E:/7020_Project/25G/25G_PS/Identification_platform/hw
TRACE::2026-07-21.12:18:18::SCWPlatform:: Platform Path E:/7020_Project/25G/25G_PS/Identification_platform/hw/top.xsa
TRACE::2026-07-21.12:18:18::SCWPlatform:: Unique name xilinx:::0.0
TRACE::2026-07-21.12:18:18::SCWPlatform::Trying to set the existing hwdb with name top_1
TRACE::2026-07-21.12:18:18::SCWPlatform::Opened existing hwdb top_1
TRACE::2026-07-21.12:18:18::SCWPlatform::Found the Hw Db part of the input DSA
TRACE::2026-07-21.12:18:18::SCWPlatform::Trying to open the hw design at E:/7020_Project/25G/25G_PS/Identification_platform/hw/top.xsa
TRACE::2026-07-21.12:18:18::SCWPlatform::DSA given E:/7020_Project/25G/25G_PS/Identification_platform/hw/top.xsa
TRACE::2026-07-21.12:18:18::SCWPlatform::DSA absoulate path E:/7020_Project/25G/25G_PS/Identification_platform/hw/top.xsa
TRACE::2026-07-21.12:18:18::SCWPlatform::DSA directory E:/7020_Project/25G/25G_PS/Identification_platform/hw
TRACE::2026-07-21.12:18:18::SCWPlatform:: Platform Path E:/7020_Project/25G/25G_PS/Identification_platform/hw/top.xsa
TRACE::2026-07-21.12:18:18::SCWPlatform:: Unique name xilinx:::0.0
TRACE::2026-07-21.12:18:18::SCWPlatform::Trying to set the existing hwdb with name top_1
TRACE::2026-07-21.12:18:18::SCWPlatform::Opened existing hwdb top_1
TRACE::2026-07-21.12:18:18::SCWPlatform::Found the Hw Db part of the input DSA
TRACE::2026-07-21.12:18:18::SCWPlatform::Trying to open the hw design at E:/7020_Project/25G/25G_PS/Identification_platform/hw/top.xsa
TRACE::2026-07-21.12:18:18::SCWPlatform::DSA given E:/7020_Project/25G/25G_PS/Identification_platform/hw/top.xsa
TRACE::2026-07-21.12:18:18::SCWPlatform::DSA absoulate path E:/7020_Project/25G/25G_PS/Identification_platform/hw/top.xsa
TRACE::2026-07-21.12:18:18::SCWPlatform::DSA directory E:/7020_Project/25G/25G_PS/Identification_platform/hw
TRACE::2026-07-21.12:18:18::SCWPlatform:: Platform Path E:/7020_Project/25G/25G_PS/Identification_platform/hw/top.xsa
TRACE::2026-07-21.12:18:18::SCWPlatform:: Unique name xilinx:::0.0
TRACE::2026-07-21.12:18:18::SCWPlatform::Trying to set the existing hwdb with name top_1
TRACE::2026-07-21.12:18:18::SCWPlatform::Opened existing hwdb top_1
TRACE::2026-07-21.12:18:18::SCWPlatform::Found the Hw Db part of the input DSA
TRACE::2026-07-21.12:18:18::SCWReader::Boot application domain added for zynq_fsbl
TRACE::2026-07-21.12:18:18::SCWPlatform::Trying to open the hw design at E:/7020_Project/25G/25G_PS/Identification_platform/hw/top.xsa
TRACE::2026-07-21.12:18:18::SCWPlatform::DSA given E:/7020_Project/25G/25G_PS/Identification_platform/hw/top.xsa
TRACE::2026-07-21.12:18:18::SCWPlatform::DSA absoulate path E:/7020_Project/25G/25G_PS/Identification_platform/hw/top.xsa
TRACE::2026-07-21.12:18:18::SCWPlatform::DSA directory E:/7020_Project/25G/25G_PS/Identification_platform/hw
TRACE::2026-07-21.12:18:18::SCWPlatform:: Platform Path E:/7020_Project/25G/25G_PS/Identification_platform/hw/top.xsa
TRACE::2026-07-21.12:18:18::SCWPlatform:: Unique name xilinx:::0.0
TRACE::2026-07-21.12:18:18::SCWPlatform::Trying to set the existing hwdb with name top_1
TRACE::2026-07-21.12:18:18::SCWPlatform::Opened existing hwdb top_1
TRACE::2026-07-21.12:18:18::SCWPlatform::Found the Hw Db part of the input DSA
TRACE::2026-07-21.12:18:18::SCWMssOS::Checking the sw design at  E:/7020_Project/25G/25G_PS/Identification_platform/zynq_fsbl/zynq_fsbl_bsp/system.mss
TRACE::2026-07-21.12:18:18::SCWMssOS::DEBUG:  swdes dump  
TRACE::2026-07-21.12:18:18::SCWMssOS::No sw design opened at  E:/7020_Project/25G/25G_PS/Identification_platform/zynq_fsbl/zynq_fsbl_bsp/system.mss
TRACE::2026-07-21.12:18:18::SCWMssOS::mss exists loading the mss file  E:/7020_Project/25G/25G_PS/Identification_platform/zynq_fsbl/zynq_fsbl_bsp/system.mss
TRACE::2026-07-21.12:18:18::SCWMssOS::Opened the sw design from mss  E:/7020_Project/25G/25G_PS/Identification_platform/zynq_fsbl/zynq_fsbl_bsp/system.mss
TRACE::2026-07-21.12:18:18::SCWMssOS::Adding the swdes entry E:/7020_Project/25G/25G_PS/Identification_platform/zynq_fsbl/zynq_fsbl_bsp/system.mss with des name system
TRACE::2026-07-21.12:18:18::SCWMssOS::updating the scw layer about changes
TRACE::2026-07-21.12:18:19::SCWMssOS::Opened the sw design.  E:/7020_Project/25G/25G_PS/Identification_platform/zynq_fsbl/zynq_fsbl_bsp/system.mss
TRACE::2026-07-21.12:18:19::SCWPlatform::Trying to open the hw design at E:/7020_Project/25G/25G_PS/Identification_platform/hw/top.xsa
TRACE::2026-07-21.12:18:19::SCWPlatform::DSA given E:/7020_Project/25G/25G_PS/Identification_platform/hw/top.xsa
TRACE::2026-07-21.12:18:19::SCWPlatform::DSA absoulate path E:/7020_Project/25G/25G_PS/Identification_platform/hw/top.xsa
TRACE::2026-07-21.12:18:19::SCWPlatform::DSA directory E:/7020_Project/25G/25G_PS/Identification_platform/hw
TRACE::2026-07-21.12:18:19::SCWPlatform:: Platform Path E:/7020_Project/25G/25G_PS/Identification_platform/hw/top.xsa
TRACE::2026-07-21.12:18:19::SCWPlatform:: Unique name xilinx:::0.0
TRACE::2026-07-21.12:18:19::SCWPlatform::Trying to set the existing hwdb with name top_1
TRACE::2026-07-21.12:18:19::SCWPlatform::Opened existing hwdb top_1
TRACE::2026-07-21.12:18:19::SCWPlatform::Found the Hw Db part of the input DSA
TRACE::2026-07-21.12:18:19::SCWMssOS::Checking the sw design at  E:/7020_Project/25G/25G_PS/Identification_platform/zynq_fsbl/zynq_fsbl_bsp/system.mss
TRACE::2026-07-21.12:18:19::SCWMssOS::DEBUG:  swdes dump  E:/7020_Project/25G/25G_PS/Identification_platform/zynq_fsbl/zynq_fsbl_bsp/system.mss|system||

TRACE::2026-07-21.12:18:19::SCWMssOS::Sw design exists and opened at  E:/7020_Project/25G/25G_PS/Identification_platform/zynq_fsbl/zynq_fsbl_bsp/system.mss
TRACE::2026-07-21.12:18:19::SCWMssOS:: library already available in sw design:  xilffs:4.4
TRACE::2026-07-21.12:18:19::SCWPlatform::Trying to open the hw design at E:/7020_Project/25G/25G_PS/Identification_platform/hw/top.xsa
TRACE::2026-07-21.12:18:19::SCWPlatform::DSA given E:/7020_Project/25G/25G_PS/Identification_platform/hw/top.xsa
TRACE::2026-07-21.12:18:19::SCWPlatform::DSA absoulate path E:/7020_Project/25G/25G_PS/Identification_platform/hw/top.xsa
TRACE::2026-07-21.12:18:19::SCWPlatform::DSA directory E:/7020_Project/25G/25G_PS/Identification_platform/hw
TRACE::2026-07-21.12:18:19::SCWPlatform:: Platform Path E:/7020_Project/25G/25G_PS/Identification_platform/hw/top.xsa
TRACE::2026-07-21.12:18:19::SCWPlatform:: Unique name xilinx:::0.0
TRACE::2026-07-21.12:18:19::SCWPlatform::Trying to set the existing hwdb with name top_1
TRACE::2026-07-21.12:18:19::SCWPlatform::Opened existing hwdb top_1
TRACE::2026-07-21.12:18:19::SCWPlatform::Found the Hw Db part of the input DSA
TRACE::2026-07-21.12:18:19::SCWMssOS::Checking the sw design at  E:/7020_Project/25G/25G_PS/Identification_platform/zynq_fsbl/zynq_fsbl_bsp/system.mss
TRACE::2026-07-21.12:18:19::SCWMssOS::DEBUG:  swdes dump  E:/7020_Project/25G/25G_PS/Identification_platform/zynq_fsbl/zynq_fsbl_bsp/system.mss|system||

TRACE::2026-07-21.12:18:19::SCWMssOS::Sw design exists and opened at  E:/7020_Project/25G/25G_PS/Identification_platform/zynq_fsbl/zynq_fsbl_bsp/system.mss
TRACE::2026-07-21.12:18:19::SCWMssOS:: library already available in sw design:  xilrsa:1.6
TRACE::2026-07-21.12:18:19::SCWMssOS::Saving the mss changes E:/7020_Project/25G/25G_PS/Identification_platform/zynq_fsbl/zynq_fsbl_bsp/system.mss
TRACE::2026-07-21.12:18:19::SCWMssOS::Found a swdesign opened with the mssfile.
TRACE::2026-07-21.12:18:19::SCWMssOS::Completed writemss as part of save.
TRACE::2026-07-21.12:18:19::SCWMssOS::Commit changes completed.
TRACE::2026-07-21.12:18:19::SCWReader::Adding prebuilt librarypaths as   
TRACE::2026-07-21.12:18:19::SCWReader::Adding prebuilt incpaths  as   
TRACE::2026-07-21.12:18:19::SCWPlatform::Trying to open the hw design at E:/7020_Project/25G/25G_PS/Identification_platform/hw/top.xsa
TRACE::2026-07-21.12:18:19::SCWPlatform::DSA given E:/7020_Project/25G/25G_PS/Identification_platform/hw/top.xsa
TRACE::2026-07-21.12:18:19::SCWPlatform::DSA absoulate path E:/7020_Project/25G/25G_PS/Identification_platform/hw/top.xsa
TRACE::2026-07-21.12:18:19::SCWPlatform::DSA directory E:/7020_Project/25G/25G_PS/Identification_platform/hw
TRACE::2026-07-21.12:18:19::SCWPlatform:: Platform Path E:/7020_Project/25G/25G_PS/Identification_platform/hw/top.xsa
TRACE::2026-07-21.12:18:19::SCWPlatform:: Unique name xilinx:::0.0
TRACE::2026-07-21.12:18:19::SCWPlatform::Trying to set the existing hwdb with name top_1
TRACE::2026-07-21.12:18:19::SCWPlatform::Opened existing hwdb top_1
TRACE::2026-07-21.12:18:19::SCWPlatform::Found the Hw Db part of the input DSA
TRACE::2026-07-21.12:18:19::SCWMssOS::Checking the sw design at  E:/7020_Project/25G/25G_PS/Identification_platform/zynq_fsbl/zynq_fsbl_bsp/system.mss
TRACE::2026-07-21.12:18:19::SCWMssOS::DEBUG:  swdes dump  E:/7020_Project/25G/25G_PS/Identification_platform/zynq_fsbl/zynq_fsbl_bsp/system.mss|system||

TRACE::2026-07-21.12:18:19::SCWMssOS::Sw design exists and opened at  E:/7020_Project/25G/25G_PS/Identification_platform/zynq_fsbl/zynq_fsbl_bsp/system.mss
TRACE::2026-07-21.12:18:19::SCWReader::No isolation master present  
TRACE::2026-07-21.12:18:19::SCWDomain::checking for install qemu data   : 
TRACE::2026-07-21.12:18:19::SCWDomain:: Using the QEMU Data from install at  : D:/FPGA/Xilinx/Vitis/2020.2/data/emulation/platforms/zynq/sw/a9_standalone/qemu/
TRACE::2026-07-21.12:18:19::SCWDomain:: Using the QEMU args  from install at  : D:/FPGA/Xilinx/Vitis/2020.2/data/emulation/platforms/zynq/sw/a9_standalone/qemu/qemu_args.txt
TRACE::2026-07-21.12:18:19::SCWPlatform::Trying to open the hw design at E:/7020_Project/25G/25G_PS/Identification_platform/hw/top.xsa
TRACE::2026-07-21.12:18:19::SCWPlatform::DSA given E:/7020_Project/25G/25G_PS/Identification_platform/hw/top.xsa
TRACE::2026-07-21.12:18:19::SCWPlatform::DSA absoulate path E:/7020_Project/25G/25G_PS/Identification_platform/hw/top.xsa
TRACE::2026-07-21.12:18:19::SCWPlatform::DSA directory E:/7020_Project/25G/25G_PS/Identification_platform/hw
TRACE::2026-07-21.12:18:19::SCWPlatform:: Platform Path E:/7020_Project/25G/25G_PS/Identification_platform/hw/top.xsa
TRACE::2026-07-21.12:18:19::SCWPlatform:: Unique name xilinx:::0.0
TRACE::2026-07-21.12:18:19::SCWPlatform::Trying to set the existing hwdb with name top_1
TRACE::2026-07-21.12:18:19::SCWPlatform::Opened existing hwdb top_1
TRACE::2026-07-21.12:18:19::SCWPlatform::Found the Hw Db part of the input DSA
TRACE::2026-07-21.12:18:19::SCWPlatform::Trying to open the hw design at E:/7020_Project/25G/25G_PS/Identification_platform/hw/top.xsa
TRACE::2026-07-21.12:18:19::SCWPlatform::DSA given E:/7020_Project/25G/25G_PS/Identification_platform/hw/top.xsa
TRACE::2026-07-21.12:18:19::SCWPlatform::DSA absoulate path E:/7020_Project/25G/25G_PS/Identification_platform/hw/top.xsa
TRACE::2026-07-21.12:18:19::SCWPlatform::DSA directory E:/7020_Project/25G/25G_PS/Identification_platform/hw
TRACE::2026-07-21.12:18:19::SCWPlatform:: Platform Path E:/7020_Project/25G/25G_PS/Identification_platform/hw/top.xsa
TRACE::2026-07-21.12:18:19::SCWPlatform:: Unique name xilinx:::0.0
TRACE::2026-07-21.12:18:19::SCWPlatform::Trying to set the existing hwdb with name top_1
TRACE::2026-07-21.12:18:19::SCWPlatform::Opened existing hwdb top_1
TRACE::2026-07-21.12:18:19::SCWPlatform::Found the Hw Db part of the input DSA
TRACE::2026-07-21.12:18:19::SCWPlatform::Trying to open the hw design at E:/7020_Project/25G/25G_PS/Identification_platform/hw/top.xsa
TRACE::2026-07-21.12:18:19::SCWPlatform::DSA given E:/7020_Project/25G/25G_PS/Identification_platform/hw/top.xsa
TRACE::2026-07-21.12:18:19::SCWPlatform::DSA absoulate path E:/7020_Project/25G/25G_PS/Identification_platform/hw/top.xsa
TRACE::2026-07-21.12:18:19::SCWPlatform::DSA directory E:/7020_Project/25G/25G_PS/Identification_platform/hw
TRACE::2026-07-21.12:18:19::SCWPlatform:: Platform Path E:/7020_Project/25G/25G_PS/Identification_platform/hw/top.xsa
TRACE::2026-07-21.12:18:19::SCWPlatform:: Unique name xilinx:::0.0
TRACE::2026-07-21.12:18:19::SCWPlatform::Trying to set the existing hwdb with name top_1
TRACE::2026-07-21.12:18:19::SCWPlatform::Opened existing hwdb top_1
TRACE::2026-07-21.12:18:19::SCWPlatform::Found the Hw Db part of the input DSA
TRACE::2026-07-21.12:18:19::SCWMssOS::Checking the sw design at  E:/7020_Project/25G/25G_PS/Identification_platform/ps7_cortexa9_0/freertos10_xilinx_domain/bsp/system.mss
TRACE::2026-07-21.12:18:19::SCWMssOS::DEBUG:  swdes dump  E:/7020_Project/25G/25G_PS/Identification_platform/zynq_fsbl/zynq_fsbl_bsp/system.mss|system||

TRACE::2026-07-21.12:18:19::SCWMssOS::No sw design opened at  E:/7020_Project/25G/25G_PS/Identification_platform/ps7_cortexa9_0/freertos10_xilinx_domain/bsp/system.mss
TRACE::2026-07-21.12:18:19::SCWMssOS::mss exists loading the mss file  E:/7020_Project/25G/25G_PS/Identification_platform/ps7_cortexa9_0/freertos10_xilinx_domain/bsp/system.mss
TRACE::2026-07-21.12:18:19::SCWMssOS::Opened the sw design from mss  E:/7020_Project/25G/25G_PS/Identification_platform/ps7_cortexa9_0/freertos10_xilinx_domain/bsp/system.mss
TRACE::2026-07-21.12:18:19::SCWMssOS::Adding the swdes entry E:/7020_Project/25G/25G_PS/Identification_platform/ps7_cortexa9_0/freertos10_xilinx_domain/bsp/system.mss with des name system_0
TRACE::2026-07-21.12:18:19::SCWMssOS::updating the scw layer about changes
TRACE::2026-07-21.12:18:19::SCWMssOS::Opened the sw design.  E:/7020_Project/25G/25G_PS/Identification_platform/ps7_cortexa9_0/freertos10_xilinx_domain/bsp/system.mss
TRACE::2026-07-21.12:18:19::SCWMssOS::Saving the mss changes E:/7020_Project/25G/25G_PS/Identification_platform/ps7_cortexa9_0/freertos10_xilinx_domain/bsp/system.mss
TRACE::2026-07-21.12:18:19::SCWMssOS::Found a swdesign opened with the mssfile.
TRACE::2026-07-21.12:18:19::SCWMssOS::Completed writemss as part of save.
TRACE::2026-07-21.12:18:19::SCWMssOS::Commit changes completed.
TRACE::2026-07-21.12:18:19::SCWReader::Adding prebuilt librarypaths as   
TRACE::2026-07-21.12:18:19::SCWReader::Adding prebuilt incpaths  as   
TRACE::2026-07-21.12:18:19::SCWPlatform::Trying to open the hw design at E:/7020_Project/25G/25G_PS/Identification_platform/hw/top.xsa
TRACE::2026-07-21.12:18:19::SCWPlatform::DSA given E:/7020_Project/25G/25G_PS/Identification_platform/hw/top.xsa
TRACE::2026-07-21.12:18:19::SCWPlatform::DSA absoulate path E:/7020_Project/25G/25G_PS/Identification_platform/hw/top.xsa
TRACE::2026-07-21.12:18:19::SCWPlatform::DSA directory E:/7020_Project/25G/25G_PS/Identification_platform/hw
TRACE::2026-07-21.12:18:19::SCWPlatform:: Platform Path E:/7020_Project/25G/25G_PS/Identification_platform/hw/top.xsa
TRACE::2026-07-21.12:18:19::SCWPlatform:: Unique name xilinx:::0.0
TRACE::2026-07-21.12:18:19::SCWPlatform::Trying to set the existing hwdb with name top_1
TRACE::2026-07-21.12:18:19::SCWPlatform::Opened existing hwdb top_1
TRACE::2026-07-21.12:18:19::SCWPlatform::Found the Hw Db part of the input DSA
TRACE::2026-07-21.12:18:19::SCWMssOS::Checking the sw design at  E:/7020_Project/25G/25G_PS/Identification_platform/ps7_cortexa9_0/freertos10_xilinx_domain/bsp/system.mss
TRACE::2026-07-21.12:18:19::SCWMssOS::DEBUG:  swdes dump  E:/7020_Project/25G/25G_PS/Identification_platform/ps7_cortexa9_0/freertos10_xilinx_domain/bsp/system.mss|system_0||
E:/7020_Project/25G/25G_PS/Identification_platform/zynq_fsbl/zynq_fsbl_bsp/system.mss|system||

TRACE::2026-07-21.12:18:19::SCWMssOS::Sw design exists and opened at  E:/7020_Project/25G/25G_PS/Identification_platform/ps7_cortexa9_0/freertos10_xilinx_domain/bsp/system.mss
TRACE::2026-07-21.12:18:19::SCWReader::No isolation master present  
TRACE::2026-07-24.12:03:13::SCWPlatform::Trying to open the hw design at D:/DianSai/2023H_25/2025G_calvin/25G_PS/Identification_platform/hw/top.xsa
TRACE::2026-07-24.12:03:13::SCWPlatform::DSA given D:/DianSai/2023H_25/2025G_calvin/25G_PS/Identification_platform/hw/top.xsa
TRACE::2026-07-24.12:03:13::SCWPlatform::DSA absoulate path D:/DianSai/2023H_25/2025G_calvin/25G_PS/Identification_platform/hw/top.xsa
TRACE::2026-07-24.12:03:16::SCWPlatform::DSA directory D:/DianSai/2023H_25/2025G_calvin/25G_PS/Identification_platform/hw
ERROR::2026-07-24.12:03:16::SCWPlatform::Error: Hw specification provided does not have the HwDb, please check: E:/7020_Project/25G/25G_PL/top.xsa
TRACE::2026-07-24.12:03:23::SCWPlatform::Trying to open the hw design at D:/DianSai/2023H_25/2025G_calvin/25G_PS/Identification_platform/hw/top.xsa
TRACE::2026-07-24.12:03:23::SCWPlatform::DSA given D:/DianSai/2023H_25/2025G_calvin/25G_PS/Identification_platform/hw/top.xsa
TRACE::2026-07-24.12:03:23::SCWPlatform::DSA absoulate path D:/DianSai/2023H_25/2025G_calvin/25G_PS/Identification_platform/hw/top.xsa
TRACE::2026-07-24.12:03:23::SCWPlatform::DSA directory D:/DianSai/2023H_25/2025G_calvin/25G_PS/Identification_platform/hw
ERROR::2026-07-24.12:03:23::SCWPlatform::Error: Hw specification provided does not have the HwDb, please check: E:/7020_Project/25G/25G_PL/top.xsa
TRACE::2026-07-24.12:03:23::SCWPlatform::Trying to open the hw design at D:/DianSai/2023H_25/2025G_calvin/25G_PS/Identification_platform/hw/top.xsa
TRACE::2026-07-24.12:03:23::SCWPlatform::DSA given D:/DianSai/2023H_25/2025G_calvin/25G_PS/Identification_platform/hw/top.xsa
TRACE::2026-07-24.12:03:23::SCWPlatform::DSA absoulate path D:/DianSai/2023H_25/2025G_calvin/25G_PS/Identification_platform/hw/top.xsa
TRACE::2026-07-24.12:03:23::SCWPlatform::DSA directory D:/DianSai/2023H_25/2025G_calvin/25G_PS/Identification_platform/hw
ERROR::2026-07-24.12:03:23::SCWPlatform::Error: Hw specification provided does not have the HwDb, please check: E:/7020_Project/25G/25G_PL/top.xsa
TRACE::2026-07-24.12:05:08::SCWPlatform::Trying to open the hw design at D:/DianSai/2023H_25/2025G_calvin/25G_PS/Identification_platform/hw/top.xsa
TRACE::2026-07-24.12:05:08::SCWPlatform::DSA given D:/DianSai/2023H_25/2025G_calvin/25G_PS/Identification_platform/hw/top.xsa
TRACE::2026-07-24.12:05:08::SCWPlatform::DSA absoulate path D:/DianSai/2023H_25/2025G_calvin/25G_PS/Identification_platform/hw/top.xsa
TRACE::2026-07-24.12:05:08::SCWPlatform::DSA directory D:/DianSai/2023H_25/2025G_calvin/25G_PS/Identification_platform/hw
ERROR::2026-07-24.12:05:08::SCWPlatform::Error: Hw specification provided does not have the HwDb, please check: E:/7020_Project/25G/25G_PL/top.xsa
TRACE::2026-07-24.12:05:08::SCWPlatform::Trying to open the hw design at D:/DianSai/2023H_25/2025G_calvin/25G_PS/Identification_platform/hw/top.xsa
TRACE::2026-07-24.12:05:08::SCWPlatform::DSA given D:/DianSai/2023H_25/2025G_calvin/25G_PS/Identification_platform/hw/top.xsa
TRACE::2026-07-24.12:05:08::SCWPlatform::DSA absoulate path D:/DianSai/2023H_25/2025G_calvin/25G_PS/Identification_platform/hw/top.xsa
TRACE::2026-07-24.12:05:08::SCWPlatform::DSA directory D:/DianSai/2023H_25/2025G_calvin/25G_PS/Identification_platform/hw
ERROR::2026-07-24.12:05:08::SCWPlatform::Error: Hw specification provided does not have the HwDb, please check: E:/7020_Project/25G/25G_PL/top.xsa
TRACE::2026-07-24.12:07:30::SCWPlatform::Trying to open the hw design at D:/DianSai/2023H_25/2025G_calvin/25G_PS/Identification_platform/hw/top.xsa
TRACE::2026-07-24.12:07:30::SCWPlatform::DSA given D:/DianSai/2023H_25/2025G_calvin/25G_PS/Identification_platform/hw/top.xsa
TRACE::2026-07-24.12:07:30::SCWPlatform::DSA absoulate path D:/DianSai/2023H_25/2025G_calvin/25G_PS/Identification_platform/hw/top.xsa
TRACE::2026-07-24.12:07:33::SCWPlatform::DSA directory D:/DianSai/2023H_25/2025G_calvin/25G_PS/Identification_platform/hw
ERROR::2026-07-24.12:07:33::SCWPlatform::Error: Hw specification provided does not have the HwDb, please check: E:/7020_Project/25G/25G_PL/top.xsa
TRACE::2026-07-24.12:07:33::SCWPlatform::Trying to open the hw design at D:/DianSai/2023H_25/2025G_calvin/25G_PS/Identification_platform/hw/top.xsa
TRACE::2026-07-24.12:07:33::SCWPlatform::DSA given D:/DianSai/2023H_25/2025G_calvin/25G_PS/Identification_platform/hw/top.xsa
TRACE::2026-07-24.12:07:33::SCWPlatform::DSA absoulate path D:/DianSai/2023H_25/2025G_calvin/25G_PS/Identification_platform/hw/top.xsa
TRACE::2026-07-24.12:07:33::SCWPlatform::DSA directory D:/DianSai/2023H_25/2025G_calvin/25G_PS/Identification_platform/hw
ERROR::2026-07-24.12:07:33::SCWPlatform::Error: Hw specification provided does not have the HwDb, please check: E:/7020_Project/25G/25G_PL/top.xsa
TRACE::2026-07-24.12:07:33::SCWPlatform::Trying to open the hw design at D:/DianSai/2023H_25/2025G_calvin/25G_PS/Identification_platform/hw/top.xsa
TRACE::2026-07-24.12:07:33::SCWPlatform::DSA given D:/DianSai/2023H_25/2025G_calvin/25G_PS/Identification_platform/hw/top.xsa
TRACE::2026-07-24.12:07:33::SCWPlatform::DSA absoulate path D:/DianSai/2023H_25/2025G_calvin/25G_PS/Identification_platform/hw/top.xsa
TRACE::2026-07-24.12:07:33::SCWPlatform::DSA directory D:/DianSai/2023H_25/2025G_calvin/25G_PS/Identification_platform/hw
ERROR::2026-07-24.12:07:33::SCWPlatform::Error: Hw specification provided does not have the HwDb, please check: E:/7020_Project/25G/25G_PL/top.xsa
TRACE::2026-07-24.12:12:59::SCWPlatform::Trying to open the hw design at D:/DianSai/2023H_25/2025G_calvin/25G_PS/Identification_platform/hw/top.xsa
TRACE::2026-07-24.12:12:59::SCWPlatform::DSA given D:/DianSai/2023H_25/2025G_calvin/25G_PS/Identification_platform/hw/top.xsa
TRACE::2026-07-24.12:12:59::SCWPlatform::DSA absoulate path D:/DianSai/2023H_25/2025G_calvin/25G_PS/Identification_platform/hw/top.xsa
TRACE::2026-07-24.12:12:59::SCWPlatform::DSA directory D:/DianSai/2023H_25/2025G_calvin/25G_PS/Identification_platform/hw
ERROR::2026-07-24.12:12:59::SCWPlatform::Error: Hw specification provided does not have the HwDb, please check: E:/7020_Project/25G/25G_PL/top.xsa
TRACE::2026-07-24.12:15:45::SCWPlatform::Trying to open the hw design at D:/DianSai/2023H_25/2025G_calvin/25G_PS/Identification_platform/hw/top.xsa
TRACE::2026-07-24.12:15:45::SCWPlatform::DSA given D:/DianSai/2023H_25/2025G_calvin/25G_PS/Identification_platform/hw/top.xsa
TRACE::2026-07-24.12:15:45::SCWPlatform::DSA absoulate path D:/DianSai/2023H_25/2025G_calvin/25G_PS/Identification_platform/hw/top.xsa
TRACE::2026-07-24.12:15:45::SCWPlatform::DSA directory D:/DianSai/2023H_25/2025G_calvin/25G_PS/Identification_platform/hw
ERROR::2026-07-24.12:15:45::SCWPlatform::Error: Hw specification provided does not have the HwDb, please check: E:/7020_Project/25G/25G_PL/top.xsa
TRACE::2026-07-24.12:15:45::SCWPlatform::Trying to open the hw design at D:/DianSai/2023H_25/2025G_calvin/25G_PS/Identification_platform/hw/top.xsa
TRACE::2026-07-24.12:15:45::SCWPlatform::DSA given D:/DianSai/2023H_25/2025G_calvin/25G_PS/Identification_platform/hw/top.xsa
TRACE::2026-07-24.12:15:45::SCWPlatform::DSA absoulate path D:/DianSai/2023H_25/2025G_calvin/25G_PS/Identification_platform/hw/top.xsa
TRACE::2026-07-24.12:15:45::SCWPlatform::DSA directory D:/DianSai/2023H_25/2025G_calvin/25G_PS/Identification_platform/hw
ERROR::2026-07-24.12:15:45::SCWPlatform::Error: Hw specification provided does not have the HwDb, please check: E:/7020_Project/25G/25G_PL/top.xsa
TRACE::2026-07-24.12:47:58::SCWPlatform::Trying to open the hw design at D:/DianSai/2023H_25/2025G_calvin/25G_PS/Identification_platform/hw/top.xsa
TRACE::2026-07-24.12:47:58::SCWPlatform::DSA given D:/DianSai/2023H_25/2025G_calvin/25G_PS/Identification_platform/hw/top.xsa
TRACE::2026-07-24.12:47:58::SCWPlatform::DSA absoulate path D:/DianSai/2023H_25/2025G_calvin/25G_PS/Identification_platform/hw/top.xsa
TRACE::2026-07-24.12:48:01::SCWPlatform::DSA directory D:/DianSai/2023H_25/2025G_calvin/25G_PS/Identification_platform/hw
ERROR::2026-07-24.12:48:01::SCWPlatform::Error: Hw specification provided does not have the HwDb, please check: E:/7020_Project/25G/25G_PL/top.xsa
TRACE::2026-07-26.20:44:35::SCWPlatform::Trying to open the hw design at D:/DianSai/2023H_25/2025G_calvin/25G_PS/Identification_platform/hw/top.xsa
TRACE::2026-07-26.20:44:35::SCWPlatform::DSA given D:/DianSai/2023H_25/2025G_calvin/25G_PS/Identification_platform/hw/top.xsa
TRACE::2026-07-26.20:44:35::SCWPlatform::DSA absoulate path D:/DianSai/2023H_25/2025G_calvin/25G_PS/Identification_platform/hw/top.xsa
TRACE::2026-07-26.20:44:41::SCWPlatform::DSA directory D:/DianSai/2023H_25/2025G_calvin/25G_PS/Identification_platform/hw
ERROR::2026-07-26.20:44:41::SCWPlatform::Error: Hw specification provided does not have the HwDb, please check: E:/7020_Project/25G/25G_PL/top.xsa
TRACE::2026-07-26.20:44:41::SCWPlatform::Trying to open the hw design at D:/DianSai/2023H_25/2025G_calvin/25G_PS/Identification_platform/hw/top.xsa
TRACE::2026-07-26.20:44:41::SCWPlatform::DSA given D:/DianSai/2023H_25/2025G_calvin/25G_PS/Identification_platform/hw/top.xsa
TRACE::2026-07-26.20:44:41::SCWPlatform::DSA absoulate path D:/DianSai/2023H_25/2025G_calvin/25G_PS/Identification_platform/hw/top.xsa
TRACE::2026-07-26.20:44:41::SCWPlatform::DSA directory D:/DianSai/2023H_25/2025G_calvin/25G_PS/Identification_platform/hw
ERROR::2026-07-26.20:44:41::SCWPlatform::Error: Hw specification provided does not have the HwDb, please check: E:/7020_Project/25G/25G_PL/top.xsa
