#-----------------------------------------------------------
# Vivado v2020.2 (64-bit)
# SW Build 3064766 on Wed Nov 18 09:12:45 MST 2020
# IP Build 3064653 on Wed Nov 18 14:17:31 MST 2020
# Start of session at: Fri Jul 24 20:24:03 2026
# Process ID: 34512
# Current directory: E:/7020_Project/25G
# Command line: vivado.exe -mode batch -source 25G_PL\script\pl_build_bitstream.tcl -tclargs --rebuild
# Log file: E:/7020_Project/25G/vivado.log
# Journal file: E:/7020_Project/25G\vivado.jou
#-----------------------------------------------------------
source {25G_PL\script\pl_build_bitstream.tcl}
# proc require_file {path description} {
#     if {![file isfile $path]} {
#         error "$description not found: $path"
#     }
# }
# proc progress {message} {
#     puts "[clock format [clock seconds] -format {%Y-%m-%d %H:%M:%S}] PL build: $message"
#     flush stdout
# }
# proc run_is_current {run expected_status} {
#     return [expr {[get_property STATUS $run] eq $expected_status && \
#                   [get_property NEEDS_REFRESH $run] eq "0"}]
# }
# proc ask_current_bitstream_action {} {
#     while {1} {
#         puts "Existing bitstream is up to date."
#         puts -nonewline "Select 1: rebuild synthesis, implementation, and bitstream; 0: keep current files [1/0]: "
#         flush stdout
#         if {[gets stdin choice] < 0} {
#             error "No input received. Use --rebuild to force a rebuild or --keep to retain current files."
#         }
# 
#         switch -- [string trim $choice] {
#             1 { return rebuild }
#             0 { return keep }
#             default { puts "Invalid selection. Enter 1 or 0." }
#         }
#     }
# }
# set script_dir [file dirname [file normalize [info script]]]
# source [file join $script_dir pl_automation_helpers.tcl]
## namespace eval pl_automation {
##     variable remembered [dict create]
##     variable pending [dict create]
##     variable script_dir ""
## }
## proc pl_automation::init {directory} {
##     variable script_dir
##     variable remembered
##     set script_dir $directory
##     set cache_file [file join $script_dir .automation_targets.tcl]
##     if {[file isfile $cache_file]} {
##         source $cache_file
##     }
## }
## proc pl_automation::option {name} {
##     variable remembered
##     variable pending
##     variable script_dir
##     set index [lsearch -exact $::argv $name]
##     if {$index >= 0} {
##         if {$index + 1 >= [llength $::argv] || [string match --* [lindex $::argv [expr {$index + 1}]]]} {
##             error "$name requires a value"
##         }
##         set value [lindex $::argv [expr {$index + 1}]]
##         if {[file pathtype $value] ne "absolute"} { set value [file join $script_dir $value] }
##         set value [file normalize $value]
##         dict set pending $name $value
##         return $value
##     }
##     if {[dict exists $remembered $name]} {
##         return [dict get $remembered $name]
##     }
##     return ""
## }
## proc pl_automation::choice {name} {
##     variable remembered
##     variable pending
##     set index [lsearch -exact $::argv $name]
##     if {$index >= 0} {
##         if {$index + 1 >= [llength $::argv] || [string match --* [lindex $::argv [expr {$index + 1}]]]} { error "$name requires a value" }
##         set value [lindex $::argv [expr {$index + 1}]]
##         dict set pending $name $value
##         return $value
##     }
##     if {[dict exists $remembered $name]} { return [dict get $remembered $name] }
##     return ""
## }
## proc pl_automation::unique_file {files description option_name} {
##     set files [lsort -unique $files]
##     if {[llength $files] != 1} {
##         error "Could not uniquely identify $description. Run again with $option_name <path>; the choice will be remembered. Candidates: $files"
##     }
##     return [lindex $files 0]
## }
## proc pl_automation::project_file {project_root} {
##     set selected [option --project]
##     if {$selected ne ""} {
##         if {![file isfile $selected]} { error "Vivado project not found: $selected" }
##         return $selected
##     }
##     return [unique_file [glob -nocomplain -types f -directory $project_root *.xpr] "Vivado project" --project]
## }
## proc pl_automation::remember {} {
##     variable pending
##     variable remembered
##     variable script_dir
##     if {[dict size $pending] == 0} { return }
##     dict for {key value} $pending { dict set remembered $key $value }
##     set handle [open [file join $script_dir .automation_targets.tcl] w]
##     puts $handle "# Generated from explicit automation-script arguments."
##     puts $handle [list set ::pl_automation::remembered $remembered]
##     close $handle
## }
## proc pl_automation::project_name {project_file} {
##     return [file rootname [file tail $project_file]]
## }
## proc pl_automation::open_target_project {project_file} {
##     set project_dir [file normalize [file dirname $project_file]]
##     set current [current_project -quiet]
##     if {$current eq ""} {
##         open_project $project_file
##         return 1
##     }
##     if {[file normalize [get_property DIRECTORY $current]] ne $project_dir} {
##         error "Another project is open: [get_property DIRECTORY $current]\nClose it or open $project_file before running this script."
##     }
##     return 0
## }
## proc pl_automation::close_if_opened {opened} {
##     if {$opened} { close_project }
## }
## proc pl_automation::bd_file {} {
##     set selected [option --bd]
##     if {$selected ne ""} {
##         if {![file isfile $selected]} { error "Block Design not found: $selected" }
##         return $selected
##     }
##     set project_dir [get_property DIRECTORY [current_project]]
##     set bd_files [glob -nocomplain -types f [file join $project_dir *.srcs sources_1 bd * *.bd]]
##     return [unique_file $bd_files "Block Design" --bd]
## }
# pl_automation::init $script_dir
# set project_dir [file normalize [file join $script_dir ..]]
# set project_file [pl_automation::project_file $project_dir]
# set project_dir [file dirname $project_file]
# set project_name [pl_automation::project_name $project_file]
# set threads 24
# set thread_arg [lsearch -exact $argv "--threads"]
# if {$thread_arg >= 0} {
#     if {$thread_arg + 1 >= [llength $argv]} {
#         error "--threads requires a positive integer"
#     }
#     set threads [lindex $argv [expr {$thread_arg + 1}]]
# }
# if {![string is integer -strict $threads] || $threads < 1} {
#     error "--threads must be a positive integer; received '$threads'"
# }
# set has_rebuild [expr {[lsearch -exact $argv "--rebuild"] >= 0}]
# set has_keep [expr {[lsearch -exact $argv "--keep"] >= 0}]
# if {$has_rebuild && $has_keep} {
#     error "Use either --rebuild or --keep, not both."
# }
# progress "checking project files"
2026-07-24 20:24:06 PL build: checking project files
# require_file $project_file "Vivado project"
Scanning sources...
Finished scanning sources
INFO: [IP_Flow 19-234] Refreshing IP repositories
INFO: [IP_Flow 19-1700] Loaded user IP repository 'e:/7020_Project/25G/25G_PL/ip_core'.
INFO: [IP_Flow 19-2313] Loaded Vivado IP repository 'D:/FPGA/Xilinx/Vivado/2020.2/data/ip'.
open_project: Time (s): cpu = 00:00:00 ; elapsed = 00:00:06 . Memory (MB): peak = 1106.246 ; gain = 0.000
# set opened_by_script [pl_automation::open_target_project $project_file]
# set top_name [get_property TOP [get_filesets sources_1]]
# if {$top_name eq ""} {
#     pl_automation::close_if_opened $opened_by_script
#     error "The synthesis top is not set in $project_file"
# }
# set xsa_file [file join $project_dir "$top_name.xsa"]
# set bit_file [file join $project_dir "$project_name.runs" impl_1 "$top_name.bit"]
# if {[get_runs -quiet impl_1] eq ""} {
#     pl_automation::close_if_opened $opened_by_script
#     error "Implementation run impl_1 does not exist in project $project_name"
# }
# if {[get_runs -quiet synth_1] eq ""} {
#     pl_automation::close_if_opened $opened_by_script
#     error "Synthesis run synth_1 does not exist in project $project_name"
# }
# set_param general.maxThreads $threads
# if {[lsearch -exact $argv "--check"] >= 0} {
#     progress "checking existing bitstream and hardware export"
#     require_file $bit_file "Existing bitstream"
#     require_file $xsa_file "Existing hardware export"
#     progress "CHECK PASSED: $project_name and implementation run impl_1 are available"
#     pl_automation::close_if_opened $opened_by_script
#     return
# }
# pl_automation::remember
# set impl_run [get_runs impl_1]
# set synth_run [get_runs synth_1]
# set bitstream_current [expr {[file isfile $bit_file] && \
#     [run_is_current $impl_run "write_bitstream Complete!"] && \
#     [run_is_current $synth_run "synth_design Complete!"]}]
# if {$bitstream_current} {
#     progress "existing top.bit, synth_1, and impl_1 are up to date"
#     if {$has_rebuild} {
#         set build_action rebuild
#         progress "--rebuild selected; starting a full rebuild"
#     } elseif {$has_keep} {
#         set build_action keep
#         progress "--keep selected; retaining current bitstream and XSA"
#     } else {
#         set build_action [ask_current_bitstream_action]
#     }
# 
#     if {$build_action eq "keep"} {
#         progress "keeping current top.bit and top.xsa; no files were regenerated"
#         pl_automation::close_if_opened $opened_by_script
#         return
#     }
# } else {
#     progress "bitstream is missing or out of date; a full rebuild is required"
#     if {$has_keep} {
#         progress "--keep ignored because current hardware outputs are not valid"
#     }
# }
2026-07-24 20:24:12 PL build: bitstream is missing or out of date; a full rebuild is required
# progress "setting Vivado maximum worker threads to $threads and run-job limit to $threads"
2026-07-24 20:24:12 PL build: setting Vivado maximum worker threads to 24 and run-job limit to 24
# progress "resetting implementation run impl_1"
2026-07-24 20:24:12 PL build: resetting implementation run impl_1
# reset_runs [get_runs impl_1]
# progress "resetting synthesis run synth_1"
2026-07-24 20:24:13 PL build: resetting synthesis run synth_1
# reset_runs [get_runs synth_1]
# progress "launching synthesis run synth_1"
2026-07-24 20:24:13 PL build: launching synthesis run synth_1
# launch_runs synth_1 -jobs $threads
INFO: [IP_Flow 19-7066] Running IP cache check for IP system_ad_fifo_monitor_axi_0_0
INFO: [IP_Flow 19-7066] Running IP cache check for IP system_auto_pc_0
INFO: [IP_Flow 19-7066] Running IP cache check for IP system_smartconnect_0_0
INFO: [IP_Flow 19-4993] Using cached IP synthesis design for IP system_ad_fifo_monitor_axi_0_0, cache-ID = dbd0e8968e3d2888; cache size = 66.963 MB.
INFO: [IP_Flow 19-4993] Using cached IP synthesis design for IP system_auto_pc_0, cache-ID = a19be76e83b57ebd; cache size = 66.963 MB.
INFO: [IP_Flow 19-4993] Using cached IP synthesis design for IP system_smartconnect_0_0, cache-ID = 9501da230e320253; cache size = 66.963 MB.
[Fri Jul 24 20:24:17 2026] Launched synth_1...
Run output will be captured here: E:/7020_Project/25G/25G_PL/25G_PL.runs/synth_1/runme.log
# progress "waiting for synthesis completion"
2026-07-24 20:24:17 PL build: waiting for synthesis completion
# wait_on_run synth_1
[Fri Jul 24 20:24:17 2026] Waiting for synth_1 to finish...

*** Running vivado
    with args -log top.vds -m64 -product Vivado -mode batch -messageDb vivado.pb -notrace -source top.tcl



****** Vivado v2020.2 (64-bit)
  **** SW Build 3064766 on Wed Nov 18 09:12:45 MST 2020
  **** IP Build 3064653 on Wed Nov 18 14:17:31 MST 2020
    ** Copyright 1986-2020 Xilinx, Inc. All Rights Reserved.

source top.tcl -notrace
INFO: [IP_Flow 19-234] Refreshing IP repositories
INFO: [IP_Flow 19-1700] Loaded user IP repository 'e:/7020_Project/25G/25G_PL/ip_core'.
INFO: [IP_Flow 19-2313] Loaded Vivado IP repository 'D:/FPGA/Xilinx/Vivado/2020.2/data/ip'.
Command: synth_design -top top -part xc7z020clg400-2
Starting synth_design
Attempting to get a license for feature 'Synthesis' and/or device 'xc7z020'
INFO: [Common 17-349] Got license for feature 'Synthesis' and/or device 'xc7z020'
INFO: [Device 21-403] Loading part xc7z020clg400-2
INFO: [Synth 8-7079] Multithreading enabled for synth_design using a maximum of 4 processes.
INFO: [Synth 8-7078] Launching helper process for spawning children vivado processes
INFO: [Synth 8-7075] Helper process launched with PID 9800
---------------------------------------------------------------------------------
Starting RTL Elaboration : Time (s): cpu = 00:00:00 ; elapsed = 00:00:03 . Memory (MB): peak = 1106.832 ; gain = 0.000
---------------------------------------------------------------------------------
INFO: [Synth 8-6157] synthesizing module 'top' [E:/7020_Project/25G/25G_PL/25G_PL.srcs/sources_1/new/top.v:3]
INFO: [Synth 8-6157] synthesizing module 'H_top' [E:/7020_Project/25G/25G_PL/25G_PL.srcs/sources_1/new/H_top.v:5]
INFO: [Synth 8-6157] synthesizing module 'ODDR' [D:/FPGA/Xilinx/Vivado/2020.2/scripts/rt/data/unisim_comp.v:49791]
	Parameter DDR_CLK_EDGE bound to: OPPOSITE_EDGE - type: string 
	Parameter INIT bound to: 1'b0 
	Parameter IS_C_INVERTED bound to: 1'b0 
	Parameter IS_D1_INVERTED bound to: 1'b0 
	Parameter IS_D2_INVERTED bound to: 1'b0 
	Parameter SRTYPE bound to: SYNC - type: string 
INFO: [Synth 8-6155] done synthesizing module 'ODDR' (1#1) [D:/FPGA/Xilinx/Vivado/2020.2/scripts/rt/data/unisim_comp.v:49791]
INFO: [Synth 8-6157] synthesizing module 'PLL_AD' [E:/7020_Project/25G/25G_PL/25G_PL.runs/synth_1/.Xil/Vivado-36228-MSI/realtime/PLL_AD_stub.v:5]
INFO: [Synth 8-6155] done synthesizing module 'PLL_AD' (2#1) [E:/7020_Project/25G/25G_PL/25G_PL.runs/synth_1/.Xil/Vivado-36228-MSI/realtime/PLL_AD_stub.v:5]
INFO: [Synth 8-6157] synthesizing module 'ad_fifo_wrapper_0' [E:/7020_Project/25G/25G_PL/25G_PL.runs/synth_1/.Xil/Vivado-36228-MSI/realtime/ad_fifo_wrapper_0_stub.v:6]
INFO: [Synth 8-6155] done synthesizing module 'ad_fifo_wrapper_0' (3#1) [E:/7020_Project/25G/25G_PL/25G_PL.runs/synth_1/.Xil/Vivado-36228-MSI/realtime/ad_fifo_wrapper_0_stub.v:6]
INFO: [Synth 8-6157] synthesizing module 'blk_rom_sine' [E:/7020_Project/25G/25G_PL/25G_PL.runs/synth_1/.Xil/Vivado-36228-MSI/realtime/blk_rom_sine_stub.v:6]
INFO: [Synth 8-6155] done synthesizing module 'blk_rom_sine' (4#1) [E:/7020_Project/25G/25G_PL/25G_PL.runs/synth_1/.Xil/Vivado-36228-MSI/realtime/blk_rom_sine_stub.v:6]
INFO: [Synth 8-6157] synthesizing module 'blk_rom_triangle' [E:/7020_Project/25G/25G_PL/25G_PL.runs/synth_1/.Xil/Vivado-36228-MSI/realtime/blk_rom_triangle_stub.v:6]
INFO: [Synth 8-6155] done synthesizing module 'blk_rom_triangle' (5#1) [E:/7020_Project/25G/25G_PL/25G_PL.runs/synth_1/.Xil/Vivado-36228-MSI/realtime/blk_rom_triangle_stub.v:6]
INFO: [Synth 8-6157] synthesizing module 'DDS_DAC' [E:/7020_Project/25G/25G_PL/25G_PL.runs/synth_1/.Xil/Vivado-36228-MSI/realtime/DDS_DAC_stub.v:6]
INFO: [Synth 8-6155] done synthesizing module 'DDS_DAC' (6#1) [E:/7020_Project/25G/25G_PL/25G_PL.runs/synth_1/.Xil/Vivado-36228-MSI/realtime/DDS_DAC_stub.v:6]
INFO: [Synth 8-6155] done synthesizing module 'H_top' (7#1) [E:/7020_Project/25G/25G_PL/25G_PL.srcs/sources_1/new/H_top.v:5]
INFO: [Synth 8-6157] synthesizing module 'system_wrapper' [E:/7020_Project/25G/25G_PL/25G_PL.gen/sources_1/bd/system/hdl/system_wrapper.v:12]
INFO: [Synth 8-6157] synthesizing module 'system' [e:/7020_Project/25G/25G_PL/25G_PL.gen/sources_1/bd/system/synth/system.v:1013]
INFO: [Synth 8-6157] synthesizing module 'system_Pll_DA_0' [E:/7020_Project/25G/25G_PL/25G_PL.runs/synth_1/.Xil/Vivado-36228-MSI/realtime/system_Pll_DA_0_stub.v:5]
INFO: [Synth 8-6155] done synthesizing module 'system_Pll_DA_0' (8#1) [E:/7020_Project/25G/25G_PL/25G_PL.runs/synth_1/.Xil/Vivado-36228-MSI/realtime/system_Pll_DA_0_stub.v:5]
INFO: [Synth 8-6157] synthesizing module 'system_ad_fifo_monitor_axi_0_0' [E:/7020_Project/25G/25G_PL/25G_PL.runs/synth_1/.Xil/Vivado-36228-MSI/realtime/system_ad_fifo_monitor_axi_0_0_stub.v:6]
INFO: [Synth 8-6155] done synthesizing module 'system_ad_fifo_monitor_axi_0_0' (9#1) [E:/7020_Project/25G/25G_PL/25G_PL.runs/synth_1/.Xil/Vivado-36228-MSI/realtime/system_ad_fifo_monitor_axi_0_0_stub.v:6]
INFO: [Synth 8-6157] synthesizing module 'system_axi_bram_ctrl_0_0' [E:/7020_Project/25G/25G_PL/25G_PL.runs/synth_1/.Xil/Vivado-36228-MSI/realtime/system_axi_bram_ctrl_0_0_stub.v:6]
INFO: [Synth 8-6155] done synthesizing module 'system_axi_bram_ctrl_0_0' (10#1) [E:/7020_Project/25G/25G_PL/25G_PL.runs/synth_1/.Xil/Vivado-36228-MSI/realtime/system_axi_bram_ctrl_0_0_stub.v:6]
INFO: [Synth 8-6157] synthesizing module 'system_axi_dma_adc_0' [E:/7020_Project/25G/25G_PL/25G_PL.runs/synth_1/.Xil/Vivado-36228-MSI/realtime/system_axi_dma_adc_0_stub.v:6]
INFO: [Synth 8-6155] done synthesizing module 'system_axi_dma_adc_0' (11#1) [E:/7020_Project/25G/25G_PL/25G_PL.runs/synth_1/.Xil/Vivado-36228-MSI/realtime/system_axi_dma_adc_0_stub.v:6]
WARNING: [Synth 8-7071] port 's2mm_prmry_reset_out_n' of module 'system_axi_dma_adc_0' is unconnected for instance 'axi_dma_adc' [e:/7020_Project/25G/25G_PL/25G_PL.gen/sources_1/bd/system/synth/system.v:1485]
WARNING: [Synth 8-7071] port 's2mm_introut' of module 'system_axi_dma_adc_0' is unconnected for instance 'axi_dma_adc' [e:/7020_Project/25G/25G_PL/25G_PL.gen/sources_1/bd/system/synth/system.v:1485]
WARNING: [Synth 8-7071] port 'axi_dma_tstvec' of module 'system_axi_dma_adc_0' is unconnected for instance 'axi_dma_adc' [e:/7020_Project/25G/25G_PL/25G_PL.gen/sources_1/bd/system/synth/system.v:1485]
WARNING: [Synth 8-7023] instance 'axi_dma_adc' of module 'system_axi_dma_adc_0' has 43 connections declared, but only 40 given [e:/7020_Project/25G/25G_PL/25G_PL.gen/sources_1/bd/system/synth/system.v:1485]
INFO: [Synth 8-6157] synthesizing module 'system_axi_interconnect_0_0' [e:/7020_Project/25G/25G_PL/25G_PL.gen/sources_1/bd/system/synth/system.v:1944]
INFO: [Synth 8-6157] synthesizing module 'm00_couplers_imp_LCIC31' [e:/7020_Project/25G/25G_PL/25G_PL.gen/sources_1/bd/system/synth/system.v:12]
INFO: [Synth 8-6155] done synthesizing module 'm00_couplers_imp_LCIC31' (12#1) [e:/7020_Project/25G/25G_PL/25G_PL.gen/sources_1/bd/system/synth/system.v:12]
INFO: [Synth 8-6157] synthesizing module 'm01_couplers_imp_1QVELOC' [e:/7020_Project/25G/25G_PL/25G_PL.gen/sources_1/bd/system/synth/system.v:137]
INFO: [Synth 8-6155] done synthesizing module 'm01_couplers_imp_1QVELOC' (13#1) [e:/7020_Project/25G/25G_PL/25G_PL.gen/sources_1/bd/system/synth/system.v:137]
INFO: [Synth 8-6157] synthesizing module 'm02_couplers_imp_1KEU66M' [e:/7020_Project/25G/25G_PL/25G_PL.gen/sources_1/bd/system/synth/system.v:283]
INFO: [Synth 8-6155] done synthesizing module 'm02_couplers_imp_1KEU66M' (14#1) [e:/7020_Project/25G/25G_PL/25G_PL.gen/sources_1/bd/system/synth/system.v:283]
INFO: [Synth 8-6157] synthesizing module 'm03_couplers_imp_S32O2N' [e:/7020_Project/25G/25G_PL/25G_PL.gen/sources_1/bd/system/synth/system.v:415]
INFO: [Synth 8-6155] done synthesizing module 'm03_couplers_imp_S32O2N' (15#1) [e:/7020_Project/25G/25G_PL/25G_PL.gen/sources_1/bd/system/synth/system.v:415]
INFO: [Synth 8-6157] synthesizing module 's00_couplers_imp_Y9JEWS' [e:/7020_Project/25G/25G_PL/25G_PL.gen/sources_1/bd/system/synth/system.v:561]
INFO: [Synth 8-6157] synthesizing module 'system_auto_pc_0' [E:/7020_Project/25G/25G_PL/25G_PL.runs/synth_1/.Xil/Vivado-36228-MSI/realtime/system_auto_pc_0_stub.v:6]
INFO: [Synth 8-6155] done synthesizing module 'system_auto_pc_0' (16#1) [E:/7020_Project/25G/25G_PL/25G_PL.runs/synth_1/.Xil/Vivado-36228-MSI/realtime/system_auto_pc_0_stub.v:6]
INFO: [Synth 8-6155] done synthesizing module 's00_couplers_imp_Y9JEWS' (17#1) [e:/7020_Project/25G/25G_PL/25G_PL.gen/sources_1/bd/system/synth/system.v:561]
INFO: [Synth 8-6157] synthesizing module 's01_couplers_imp_1N4HKML' [e:/7020_Project/25G/25G_PL/25G_PL.gen/sources_1/bd/system/synth/system.v:866]
INFO: [Synth 8-6155] done synthesizing module 's01_couplers_imp_1N4HKML' (18#1) [e:/7020_Project/25G/25G_PL/25G_PL.gen/sources_1/bd/system/synth/system.v:866]
INFO: [Synth 8-6157] synthesizing module 'system_xbar_0' [E:/7020_Project/25G/25G_PL/25G_PL.runs/synth_1/.Xil/Vivado-36228-MSI/realtime/system_xbar_0_stub.v:6]
INFO: [Synth 8-6155] done synthesizing module 'system_xbar_0' (19#1) [E:/7020_Project/25G/25G_PL/25G_PL.runs/synth_1/.Xil/Vivado-36228-MSI/realtime/system_xbar_0_stub.v:6]
INFO: [Synth 8-6155] done synthesizing module 'system_axi_interconnect_0_0' (20#1) [e:/7020_Project/25G/25G_PL/25G_PL.gen/sources_1/bd/system/synth/system.v:1944]
WARNING: [Synth 8-7071] port 'S01_AXI_arready' of module 'system_axi_interconnect_0_0' is unconnected for instance 'axi_interconnect_0' [e:/7020_Project/25G/25G_PL/25G_PL.gen/sources_1/bd/system/synth/system.v:1526]
WARNING: [Synth 8-7071] port 'S01_AXI_awready' of module 'system_axi_interconnect_0_0' is unconnected for instance 'axi_interconnect_0' [e:/7020_Project/25G/25G_PL/25G_PL.gen/sources_1/bd/system/synth/system.v:1526]
WARNING: [Synth 8-7071] port 'S01_AXI_bresp' of module 'system_axi_interconnect_0_0' is unconnected for instance 'axi_interconnect_0' [e:/7020_Project/25G/25G_PL/25G_PL.gen/sources_1/bd/system/synth/system.v:1526]
WARNING: [Synth 8-7071] port 'S01_AXI_bvalid' of module 'system_axi_interconnect_0_0' is unconnected for instance 'axi_interconnect_0' [e:/7020_Project/25G/25G_PL/25G_PL.gen/sources_1/bd/system/synth/system.v:1526]
WARNING: [Synth 8-7071] port 'S01_AXI_rdata' of module 'system_axi_interconnect_0_0' is unconnected for instance 'axi_interconnect_0' [e:/7020_Project/25G/25G_PL/25G_PL.gen/sources_1/bd/system/synth/system.v:1526]
WARNING: [Synth 8-7071] port 'S01_AXI_rresp' of module 'system_axi_interconnect_0_0' is unconnected for instance 'axi_interconnect_0' [e:/7020_Project/25G/25G_PL/25G_PL.gen/sources_1/bd/system/synth/system.v:1526]
WARNING: [Synth 8-7071] port 'S01_AXI_rvalid' of module 'system_axi_interconnect_0_0' is unconnected for instance 'axi_interconnect_0' [e:/7020_Project/25G/25G_PL/25G_PL.gen/sources_1/bd/system/synth/system.v:1526]
WARNING: [Synth 8-7071] port 'S01_AXI_wready' of module 'system_axi_interconnect_0_0' is unconnected for instance 'axi_interconnect_0' [e:/7020_Project/25G/25G_PL/25G_PL.gen/sources_1/bd/system/synth/system.v:1526]
WARNING: [Synth 8-7023] instance 'axi_interconnect_0' of module 'system_axi_interconnect_0_0' has 142 connections declared, but only 134 given [e:/7020_Project/25G/25G_PL/25G_PL.gen/sources_1/bd/system/synth/system.v:1526]
INFO: [Synth 8-6157] synthesizing module 'system_axis_data_fifo_0_0' [E:/7020_Project/25G/25G_PL/25G_PL.runs/synth_1/.Xil/Vivado-36228-MSI/realtime/system_axis_data_fifo_0_0_stub.v:6]
INFO: [Synth 8-6155] done synthesizing module 'system_axis_data_fifo_0_0' (21#1) [E:/7020_Project/25G/25G_PL/25G_PL.runs/synth_1/.Xil/Vivado-36228-MSI/realtime/system_axis_data_fifo_0_0_stub.v:6]
INFO: [Synth 8-6157] synthesizing module 'system_blk_PS_TO_PL_0' [E:/7020_Project/25G/25G_PL/25G_PL.runs/synth_1/.Xil/Vivado-36228-MSI/realtime/system_blk_PS_TO_PL_0_stub.v:6]
INFO: [Synth 8-6155] done synthesizing module 'system_blk_PS_TO_PL_0' (22#1) [E:/7020_Project/25G/25G_PL/25G_PL.runs/synth_1/.Xil/Vivado-36228-MSI/realtime/system_blk_PS_TO_PL_0_stub.v:6]
WARNING: [Synth 8-7071] port 'rsta_busy' of module 'system_blk_PS_TO_PL_0' is unconnected for instance 'blk_PS_TO_PL' [e:/7020_Project/25G/25G_PL/25G_PL.gen/sources_1/bd/system/synth/system.v:1673]
WARNING: [Synth 8-7071] port 'rstb_busy' of module 'system_blk_PS_TO_PL_0' is unconnected for instance 'blk_PS_TO_PL' [e:/7020_Project/25G/25G_PL/25G_PL.gen/sources_1/bd/system/synth/system.v:1673]
WARNING: [Synth 8-7023] instance 'blk_PS_TO_PL' of module 'system_blk_PS_TO_PL_0' has 16 connections declared, but only 14 given [e:/7020_Project/25G/25G_PL/25G_PL.gen/sources_1/bd/system/synth/system.v:1673]
INFO: [Synth 8-6157] synthesizing module 'system_iq_demodulator_0_0' [E:/7020_Project/25G/25G_PL/25G_PL.runs/synth_1/.Xil/Vivado-36228-MSI/realtime/system_iq_demodulator_0_0_stub.v:6]
INFO: [Synth 8-6155] done synthesizing module 'system_iq_demodulator_0_0' (23#1) [E:/7020_Project/25G/25G_PL/25G_PL.runs/synth_1/.Xil/Vivado-36228-MSI/realtime/system_iq_demodulator_0_0_stub.v:6]
WARNING: [Synth 8-7071] port 'o_i_sum' of module 'system_iq_demodulator_0_0' is unconnected for instance 'iq_demodulator_0' [e:/7020_Project/25G/25G_PL/25G_PL.gen/sources_1/bd/system/synth/system.v:1688]
WARNING: [Synth 8-7071] port 'o_q_sum' of module 'system_iq_demodulator_0_0' is unconnected for instance 'iq_demodulator_0' [e:/7020_Project/25G/25G_PL/25G_PL.gen/sources_1/bd/system/synth/system.v:1688]
WARNING: [Synth 8-7071] port 'o_sample_count' of module 'system_iq_demodulator_0_0' is unconnected for instance 'iq_demodulator_0' [e:/7020_Project/25G/25G_PL/25G_PL.gen/sources_1/bd/system/synth/system.v:1688]
WARNING: [Synth 8-7071] port 'o_ready' of module 'system_iq_demodulator_0_0' is unconnected for instance 'iq_demodulator_0' [e:/7020_Project/25G/25G_PL/25G_PL.gen/sources_1/bd/system/synth/system.v:1688]
WARNING: [Synth 8-7071] port 'o_result_seq' of module 'system_iq_demodulator_0_0' is unconnected for instance 'iq_demodulator_0' [e:/7020_Project/25G/25G_PL/25G_PL.gen/sources_1/bd/system/synth/system.v:1688]
WARNING: [Synth 8-7023] instance 'iq_demodulator_0' of module 'system_iq_demodulator_0_0' has 29 connections declared, but only 24 given [e:/7020_Project/25G/25G_PL/25G_PL.gen/sources_1/bd/system/synth/system.v:1688]
INFO: [Synth 8-6157] synthesizing module 'system_proc_sys_reset_0_0' [E:/7020_Project/25G/25G_PL/25G_PL.runs/synth_1/.Xil/Vivado-36228-MSI/realtime/system_proc_sys_reset_0_0_stub.v:6]
INFO: [Synth 8-6155] done synthesizing module 'system_proc_sys_reset_0_0' (24#1) [E:/7020_Project/25G/25G_PL/25G_PL.runs/synth_1/.Xil/Vivado-36228-MSI/realtime/system_proc_sys_reset_0_0_stub.v:6]
WARNING: [Synth 8-7071] port 'mb_reset' of module 'system_proc_sys_reset_0_0' is unconnected for instance 'proc_sys_reset_0' [e:/7020_Project/25G/25G_PL/25G_PL.gen/sources_1/bd/system/synth/system.v:1713]
WARNING: [Synth 8-7071] port 'bus_struct_reset' of module 'system_proc_sys_reset_0_0' is unconnected for instance 'proc_sys_reset_0' [e:/7020_Project/25G/25G_PL/25G_PL.gen/sources_1/bd/system/synth/system.v:1713]
WARNING: [Synth 8-7071] port 'peripheral_reset' of module 'system_proc_sys_reset_0_0' is unconnected for instance 'proc_sys_reset_0' [e:/7020_Project/25G/25G_PL/25G_PL.gen/sources_1/bd/system/synth/system.v:1713]
WARNING: [Synth 8-7071] port 'interconnect_aresetn' of module 'system_proc_sys_reset_0_0' is unconnected for instance 'proc_sys_reset_0' [e:/7020_Project/25G/25G_PL/25G_PL.gen/sources_1/bd/system/synth/system.v:1713]
WARNING: [Synth 8-7023] instance 'proc_sys_reset_0' of module 'system_proc_sys_reset_0_0' has 10 connections declared, but only 6 given [e:/7020_Project/25G/25G_PL/25G_PL.gen/sources_1/bd/system/synth/system.v:1713]
INFO: [Synth 8-6157] synthesizing module 'system_processing_system7_0_0' [E:/7020_Project/25G/25G_PL/25G_PL.runs/synth_1/.Xil/Vivado-36228-MSI/realtime/system_processing_system7_0_0_stub.v:6]
INFO: [Synth 8-6155] done synthesizing module 'system_processing_system7_0_0' (25#1) [E:/7020_Project/25G/25G_PL/25G_PL.runs/synth_1/.Xil/Vivado-36228-MSI/realtime/system_processing_system7_0_0_stub.v:6]
WARNING: [Synth 8-7071] port 'GPIO_O' of module 'system_processing_system7_0_0' is unconnected for instance 'processing_system7_0' [e:/7020_Project/25G/25G_PL/25G_PL.gen/sources_1/bd/system/synth/system.v:1722]
WARNING: [Synth 8-7071] port 'GPIO_T' of module 'system_processing_system7_0_0' is unconnected for instance 'processing_system7_0' [e:/7020_Project/25G/25G_PL/25G_PL.gen/sources_1/bd/system/synth/system.v:1722]
WARNING: [Synth 8-7071] port 'S_AXI_GP0_ARREADY' of module 'system_processing_system7_0_0' is unconnected for instance 'processing_system7_0' [e:/7020_Project/25G/25G_PL/25G_PL.gen/sources_1/bd/system/synth/system.v:1722]
WARNING: [Synth 8-7071] port 'S_AXI_GP0_RLAST' of module 'system_processing_system7_0_0' is unconnected for instance 'processing_system7_0' [e:/7020_Project/25G/25G_PL/25G_PL.gen/sources_1/bd/system/synth/system.v:1722]
WARNING: [Synth 8-7071] port 'S_AXI_GP0_RVALID' of module 'system_processing_system7_0_0' is unconnected for instance 'processing_system7_0' [e:/7020_Project/25G/25G_PL/25G_PL.gen/sources_1/bd/system/synth/system.v:1722]
WARNING: [Synth 8-7071] port 'S_AXI_GP0_RRESP' of module 'system_processing_system7_0_0' is unconnected for instance 'processing_system7_0' [e:/7020_Project/25G/25G_PL/25G_PL.gen/sources_1/bd/system/synth/system.v:1722]
WARNING: [Synth 8-7071] port 'S_AXI_GP0_RDATA' of module 'system_processing_system7_0_0' is unconnected for instance 'processing_system7_0' [e:/7020_Project/25G/25G_PL/25G_PL.gen/sources_1/bd/system/synth/system.v:1722]
WARNING: [Synth 8-7071] port 'S_AXI_GP0_BID' of module 'system_processing_system7_0_0' is unconnected for instance 'processing_system7_0' [e:/7020_Project/25G/25G_PL/25G_PL.gen/sources_1/bd/system/synth/system.v:1722]
WARNING: [Synth 8-7071] port 'S_AXI_GP0_RID' of module 'system_processing_system7_0_0' is unconnected for instance 'processing_system7_0' [e:/7020_Project/25G/25G_PL/25G_PL.gen/sources_1/bd/system/synth/system.v:1722]
WARNING: [Synth 8-7071] port 'S_AXI_HP0_ARREADY' of module 'system_processing_system7_0_0' is unconnected for instance 'processing_system7_0' [e:/7020_Project/25G/25G_PL/25G_PL.gen/sources_1/bd/system/synth/system.v:1722]
WARNING: [Synth 8-7071] port 'S_AXI_HP0_RLAST' of module 'system_processing_system7_0_0' is unconnected for instance 'processing_system7_0' [e:/7020_Project/25G/25G_PL/25G_PL.gen/sources_1/bd/system/synth/system.v:1722]
WARNING: [Synth 8-7071] port 'S_AXI_HP0_RVALID' of module 'system_processing_system7_0_0' is unconnected for instance 'processing_system7_0' [e:/7020_Project/25G/25G_PL/25G_PL.gen/sources_1/bd/system/synth/system.v:1722]
WARNING: [Synth 8-7071] port 'S_AXI_HP0_RRESP' of module 'system_processing_system7_0_0' is unconnected for instance 'processing_system7_0' [e:/7020_Project/25G/25G_PL/25G_PL.gen/sources_1/bd/system/synth/system.v:1722]
WARNING: [Synth 8-7071] port 'S_AXI_HP0_BID' of module 'system_processing_system7_0_0' is unconnected for instance 'processing_system7_0' [e:/7020_Project/25G/25G_PL/25G_PL.gen/sources_1/bd/system/synth/system.v:1722]
WARNING: [Synth 8-7071] port 'S_AXI_HP0_RID' of module 'system_processing_system7_0_0' is unconnected for instance 'processing_system7_0' [e:/7020_Project/25G/25G_PL/25G_PL.gen/sources_1/bd/system/synth/system.v:1722]
WARNING: [Synth 8-7071] port 'S_AXI_HP0_RDATA' of module 'system_processing_system7_0_0' is unconnected for instance 'processing_system7_0' [e:/7020_Project/25G/25G_PL/25G_PL.gen/sources_1/bd/system/synth/system.v:1722]
WARNING: [Synth 8-7071] port 'S_AXI_HP0_RCOUNT' of module 'system_processing_system7_0_0' is unconnected for instance 'processing_system7_0' [e:/7020_Project/25G/25G_PL/25G_PL.gen/sources_1/bd/system/synth/system.v:1722]
WARNING: [Synth 8-7071] port 'S_AXI_HP0_WCOUNT' of module 'system_processing_system7_0_0' is unconnected for instance 'processing_system7_0' [e:/7020_Project/25G/25G_PL/25G_PL.gen/sources_1/bd/system/synth/system.v:1722]
WARNING: [Synth 8-7071] port 'S_AXI_HP0_RACOUNT' of module 'system_processing_system7_0_0' is unconnected for instance 'processing_system7_0' [e:/7020_Project/25G/25G_PL/25G_PL.gen/sources_1/bd/system/synth/system.v:1722]
WARNING: [Synth 8-7071] port 'S_AXI_HP0_WACOUNT' of module 'system_processing_system7_0_0' is unconnected for instance 'processing_system7_0' [e:/7020_Project/25G/25G_PL/25G_PL.gen/sources_1/bd/system/synth/system.v:1722]
WARNING: [Synth 8-7023] instance 'processing_system7_0' of module 'system_processing_system7_0_0' has 150 connections declared, but only 130 given [e:/7020_Project/25G/25G_PL/25G_PL.gen/sources_1/bd/system/synth/system.v:1722]
INFO: [Synth 8-6157] synthesizing module 'system_smartconnect_0_0' [E:/7020_Project/25G/25G_PL/25G_PL.runs/synth_1/.Xil/Vivado-36228-MSI/realtime/system_smartconnect_0_0_stub.v:6]
INFO: [Synth 8-6155] done synthesizing module 'system_smartconnect_0_0' (26#1) [E:/7020_Project/25G/25G_PL/25G_PL.runs/synth_1/.Xil/Vivado-36228-MSI/realtime/system_smartconnect_0_0_stub.v:6]
WARNING: [Synth 8-7071] port 'S01_AXI_awready' of module 'system_smartconnect_0_0' is unconnected for instance 'smartconnect_0' [e:/7020_Project/25G/25G_PL/25G_PL.gen/sources_1/bd/system/synth/system.v:1853]
WARNING: [Synth 8-7071] port 'S01_AXI_wready' of module 'system_smartconnect_0_0' is unconnected for instance 'smartconnect_0' [e:/7020_Project/25G/25G_PL/25G_PL.gen/sources_1/bd/system/synth/system.v:1853]
WARNING: [Synth 8-7071] port 'S01_AXI_bid' of module 'system_smartconnect_0_0' is unconnected for instance 'smartconnect_0' [e:/7020_Project/25G/25G_PL/25G_PL.gen/sources_1/bd/system/synth/system.v:1853]
WARNING: [Synth 8-7071] port 'S01_AXI_bresp' of module 'system_smartconnect_0_0' is unconnected for instance 'smartconnect_0' [e:/7020_Project/25G/25G_PL/25G_PL.gen/sources_1/bd/system/synth/system.v:1853]
WARNING: [Synth 8-7071] port 'S01_AXI_buser' of module 'system_smartconnect_0_0' is unconnected for instance 'smartconnect_0' [e:/7020_Project/25G/25G_PL/25G_PL.gen/sources_1/bd/system/synth/system.v:1853]
WARNING: [Synth 8-7071] port 'S01_AXI_bvalid' of module 'system_smartconnect_0_0' is unconnected for instance 'smartconnect_0' [e:/7020_Project/25G/25G_PL/25G_PL.gen/sources_1/bd/system/synth/system.v:1853]
WARNING: [Synth 8-7071] port 'S01_AXI_arready' of module 'system_smartconnect_0_0' is unconnected for instance 'smartconnect_0' [e:/7020_Project/25G/25G_PL/25G_PL.gen/sources_1/bd/system/synth/system.v:1853]
WARNING: [Synth 8-7071] port 'S01_AXI_rid' of module 'system_smartconnect_0_0' is unconnected for instance 'smartconnect_0' [e:/7020_Project/25G/25G_PL/25G_PL.gen/sources_1/bd/system/synth/system.v:1853]
WARNING: [Synth 8-7071] port 'S01_AXI_rdata' of module 'system_smartconnect_0_0' is unconnected for instance 'smartconnect_0' [e:/7020_Project/25G/25G_PL/25G_PL.gen/sources_1/bd/system/synth/system.v:1853]
WARNING: [Synth 8-7071] port 'S01_AXI_rresp' of module 'system_smartconnect_0_0' is unconnected for instance 'smartconnect_0' [e:/7020_Project/25G/25G_PL/25G_PL.gen/sources_1/bd/system/synth/system.v:1853]
WARNING: [Synth 8-7071] port 'S01_AXI_rlast' of module 'system_smartconnect_0_0' is unconnected for instance 'smartconnect_0' [e:/7020_Project/25G/25G_PL/25G_PL.gen/sources_1/bd/system/synth/system.v:1853]
WARNING: [Synth 8-7071] port 'S01_AXI_ruser' of module 'system_smartconnect_0_0' is unconnected for instance 'smartconnect_0' [e:/7020_Project/25G/25G_PL/25G_PL.gen/sources_1/bd/system/synth/system.v:1853]
WARNING: [Synth 8-7071] port 'S01_AXI_rvalid' of module 'system_smartconnect_0_0' is unconnected for instance 'smartconnect_0' [e:/7020_Project/25G/25G_PL/25G_PL.gen/sources_1/bd/system/synth/system.v:1853]
WARNING: [Synth 8-7023] instance 'smartconnect_0' of module 'system_smartconnect_0_0' has 101 connections declared, but only 88 given [e:/7020_Project/25G/25G_PL/25G_PL.gen/sources_1/bd/system/synth/system.v:1853]
INFO: [Synth 8-6155] done synthesizing module 'system' (27#1) [e:/7020_Project/25G/25G_PL/25G_PL.gen/sources_1/bd/system/synth/system.v:1013]
INFO: [Synth 8-6155] done synthesizing module 'system_wrapper' (28#1) [E:/7020_Project/25G/25G_PL/25G_PL.gen/sources_1/bd/system/hdl/system_wrapper.v:12]
INFO: [Synth 8-6155] done synthesizing module 'top' (29#1) [E:/7020_Project/25G/25G_PL/25G_PL.srcs/sources_1/new/top.v:3]
---------------------------------------------------------------------------------
Finished RTL Elaboration : Time (s): cpu = 00:00:00 ; elapsed = 00:00:04 . Memory (MB): peak = 1149.754 ; gain = 42.922
---------------------------------------------------------------------------------
---------------------------------------------------------------------------------
Start Handling Custom Attributes
---------------------------------------------------------------------------------
---------------------------------------------------------------------------------
Finished Handling Custom Attributes : Time (s): cpu = 00:00:00 ; elapsed = 00:00:04 . Memory (MB): peak = 1149.754 ; gain = 42.922
---------------------------------------------------------------------------------
---------------------------------------------------------------------------------
Finished RTL Optimization Phase 1 : Time (s): cpu = 00:00:00 ; elapsed = 00:00:04 . Memory (MB): peak = 1149.754 ; gain = 42.922
---------------------------------------------------------------------------------
Netlist sorting complete. Time (s): cpu = 00:00:00 ; elapsed = 00:00:00.035 . Memory (MB): peak = 1151.445 ; gain = 0.000
INFO: [Netlist 29-17] Analyzing 4 Unisim elements for replacement
INFO: [Netlist 29-28] Unisim Transformation completed in 0 CPU seconds
INFO: [Project 1-570] Preparing netlist for logic optimization

Processing XDC Constraints
Initializing timing engine
Parsing XDC File [e:/7020_Project/25G/25G_PL/25G_PL.gen/sources_1/bd/system/ip/system_Pll_DA_0/system_Pll_DA_0/system_Pll_DA_0_in_context.xdc] for cell 'u_system/system_i/Pll_DA'
Finished Parsing XDC File [e:/7020_Project/25G/25G_PL/25G_PL.gen/sources_1/bd/system/ip/system_Pll_DA_0/system_Pll_DA_0/system_Pll_DA_0_in_context.xdc] for cell 'u_system/system_i/Pll_DA'
Parsing XDC File [e:/7020_Project/25G/25G_PL/25G_PL.gen/sources_1/bd/system/ip/system_axi_bram_ctrl_0_0/system_axi_bram_ctrl_0_0/system_axi_bram_ctrl_0_0_in_context.xdc] for cell 'u_system/system_i/axi_bram_ctrl_0'
Finished Parsing XDC File [e:/7020_Project/25G/25G_PL/25G_PL.gen/sources_1/bd/system/ip/system_axi_bram_ctrl_0_0/system_axi_bram_ctrl_0_0/system_axi_bram_ctrl_0_0_in_context.xdc] for cell 'u_system/system_i/axi_bram_ctrl_0'
Parsing XDC File [e:/7020_Project/25G/25G_PL/25G_PL.gen/sources_1/bd/system/ip/system_axi_dma_adc_0/system_axi_dma_adc_0/system_axi_dma_adc_0_in_context.xdc] for cell 'u_system/system_i/axi_dma_adc'
Finished Parsing XDC File [e:/7020_Project/25G/25G_PL/25G_PL.gen/sources_1/bd/system/ip/system_axi_dma_adc_0/system_axi_dma_adc_0/system_axi_dma_adc_0_in_context.xdc] for cell 'u_system/system_i/axi_dma_adc'
Parsing XDC File [e:/7020_Project/25G/25G_PL/25G_PL.gen/sources_1/bd/system/ip/system_xbar_0/system_xbar_0/system_xbar_0_in_context.xdc] for cell 'u_system/system_i/axi_interconnect_0/xbar'
Finished Parsing XDC File [e:/7020_Project/25G/25G_PL/25G_PL.gen/sources_1/bd/system/ip/system_xbar_0/system_xbar_0/system_xbar_0_in_context.xdc] for cell 'u_system/system_i/axi_interconnect_0/xbar'
Parsing XDC File [e:/7020_Project/25G/25G_PL/25G_PL.gen/sources_1/bd/system/ip/system_auto_pc_0_1/system_auto_pc_0/system_auto_pc_0_in_context.xdc] for cell 'u_system/system_i/axi_interconnect_0/s00_couplers/auto_pc'
Finished Parsing XDC File [e:/7020_Project/25G/25G_PL/25G_PL.gen/sources_1/bd/system/ip/system_auto_pc_0_1/system_auto_pc_0/system_auto_pc_0_in_context.xdc] for cell 'u_system/system_i/axi_interconnect_0/s00_couplers/auto_pc'
Parsing XDC File [e:/7020_Project/25G/25G_PL/25G_PL.gen/sources_1/bd/system/ip/system_axis_data_fifo_0_0/system_axis_data_fifo_0_0/system_axis_data_fifo_0_0_in_context.xdc] for cell 'u_system/system_i/axis_data_fifo_0'
Finished Parsing XDC File [e:/7020_Project/25G/25G_PL/25G_PL.gen/sources_1/bd/system/ip/system_axis_data_fifo_0_0/system_axis_data_fifo_0_0/system_axis_data_fifo_0_0_in_context.xdc] for cell 'u_system/system_i/axis_data_fifo_0'
Parsing XDC File [e:/7020_Project/25G/25G_PL/25G_PL.gen/sources_1/bd/system/ip/system_blk_PS_TO_PL_0/system_blk_PS_TO_PL_0/system_blk_mem_gen_0_0_in_context.xdc] for cell 'u_system/system_i/blk_PS_TO_PL'
Finished Parsing XDC File [e:/7020_Project/25G/25G_PL/25G_PL.gen/sources_1/bd/system/ip/system_blk_PS_TO_PL_0/system_blk_PS_TO_PL_0/system_blk_mem_gen_0_0_in_context.xdc] for cell 'u_system/system_i/blk_PS_TO_PL'
Parsing XDC File [e:/7020_Project/25G/25G_PL/25G_PL.gen/sources_1/bd/system/ip/system_iq_demodulator_0_0/system_iq_demodulator_0_0/system_iq_demodulator_0_0_in_context.xdc] for cell 'u_system/system_i/iq_demodulator_0'
Finished Parsing XDC File [e:/7020_Project/25G/25G_PL/25G_PL.gen/sources_1/bd/system/ip/system_iq_demodulator_0_0/system_iq_demodulator_0_0/system_iq_demodulator_0_0_in_context.xdc] for cell 'u_system/system_i/iq_demodulator_0'
Parsing XDC File [e:/7020_Project/25G/25G_PL/25G_PL.gen/sources_1/bd/system/ip/system_proc_sys_reset_0_0/system_proc_sys_reset_0_0/system_proc_sys_reset_0_0_in_context.xdc] for cell 'u_system/system_i/proc_sys_reset_0'
Finished Parsing XDC File [e:/7020_Project/25G/25G_PL/25G_PL.gen/sources_1/bd/system/ip/system_proc_sys_reset_0_0/system_proc_sys_reset_0_0/system_proc_sys_reset_0_0_in_context.xdc] for cell 'u_system/system_i/proc_sys_reset_0'
Parsing XDC File [e:/7020_Project/25G/25G_PL/25G_PL.gen/sources_1/bd/system/ip/system_processing_system7_0_0/system_processing_system7_0_0/system_processing_system7_0_0_in_context.xdc] for cell 'u_system/system_i/processing_system7_0'
Finished Parsing XDC File [e:/7020_Project/25G/25G_PL/25G_PL.gen/sources_1/bd/system/ip/system_processing_system7_0_0/system_processing_system7_0_0/system_processing_system7_0_0_in_context.xdc] for cell 'u_system/system_i/processing_system7_0'
Parsing XDC File [e:/7020_Project/25G/25G_PL/25G_PL.gen/sources_1/bd/system/ip/system_smartconnect_0_0/system_smartconnect_0_0/system_smartconnect_0_0_in_context.xdc] for cell 'u_system/system_i/smartconnect_0'
Finished Parsing XDC File [e:/7020_Project/25G/25G_PL/25G_PL.gen/sources_1/bd/system/ip/system_smartconnect_0_0/system_smartconnect_0_0/system_smartconnect_0_0_in_context.xdc] for cell 'u_system/system_i/smartconnect_0'
Parsing XDC File [e:/7020_Project/25G/25G_PL/25G_PL.gen/sources_1/bd/system/ip/system_ad_fifo_monitor_axi_0_0/system_ad_fifo_monitor_axi_0_0/system_ad_fifo_monitor_axi_0_0_in_context.xdc] for cell 'u_system/system_i/ad_fifo_monitor_axi_0'
Finished Parsing XDC File [e:/7020_Project/25G/25G_PL/25G_PL.gen/sources_1/bd/system/ip/system_ad_fifo_monitor_axi_0_0/system_ad_fifo_monitor_axi_0_0/system_ad_fifo_monitor_axi_0_0_in_context.xdc] for cell 'u_system/system_i/ad_fifo_monitor_axi_0'
Parsing XDC File [e:/7020_Project/25G/25G_PL/25G_PL.gen/sources_1/ip/PLL_AD/PLL_AD/PLL_AD_in_context.xdc] for cell 'u_h_top/ad_clk'
Finished Parsing XDC File [e:/7020_Project/25G/25G_PL/25G_PL.gen/sources_1/ip/PLL_AD/PLL_AD/PLL_AD_in_context.xdc] for cell 'u_h_top/ad_clk'
Parsing XDC File [e:/7020_Project/25G/25G_PL/25G_PL.gen/sources_1/ip/blk_rom_sine/blk_rom_sine/blk_rom_sine_in_context.xdc] for cell 'u_h_top/sine_a'
Finished Parsing XDC File [e:/7020_Project/25G/25G_PL/25G_PL.gen/sources_1/ip/blk_rom_sine/blk_rom_sine/blk_rom_sine_in_context.xdc] for cell 'u_h_top/sine_a'
Parsing XDC File [e:/7020_Project/25G/25G_PL/25G_PL.gen/sources_1/ip/blk_rom_sine/blk_rom_sine/blk_rom_sine_in_context.xdc] for cell 'u_h_top/sine_b'
Finished Parsing XDC File [e:/7020_Project/25G/25G_PL/25G_PL.gen/sources_1/ip/blk_rom_sine/blk_rom_sine/blk_rom_sine_in_context.xdc] for cell 'u_h_top/sine_b'
Parsing XDC File [e:/7020_Project/25G/25G_PL/25G_PL.gen/sources_1/ip/blk_rom_triangle/blk_rom_triangle/blk_rom_triangle_in_context.xdc] for cell 'u_h_top/triangle_a'
Finished Parsing XDC File [e:/7020_Project/25G/25G_PL/25G_PL.gen/sources_1/ip/blk_rom_triangle/blk_rom_triangle/blk_rom_triangle_in_context.xdc] for cell 'u_h_top/triangle_a'
Parsing XDC File [e:/7020_Project/25G/25G_PL/25G_PL.gen/sources_1/ip/blk_rom_triangle/blk_rom_triangle/blk_rom_triangle_in_context.xdc] for cell 'u_h_top/triangle_b'
Finished Parsing XDC File [e:/7020_Project/25G/25G_PL/25G_PL.gen/sources_1/ip/blk_rom_triangle/blk_rom_triangle/blk_rom_triangle_in_context.xdc] for cell 'u_h_top/triangle_b'
Parsing XDC File [e:/7020_Project/25G/25G_PL/25G_PL.gen/sources_1/ip/DDS_DAC/DDS_DAC/DDS_DAC_in_context.xdc] for cell 'u_h_top/u_dac_dds'
Finished Parsing XDC File [e:/7020_Project/25G/25G_PL/25G_PL.gen/sources_1/ip/DDS_DAC/DDS_DAC/DDS_DAC_in_context.xdc] for cell 'u_h_top/u_dac_dds'
Parsing XDC File [e:/7020_Project/25G/25G_PL/25G_PL.gen/sources_1/ip/ad_fifo_wrapper_0/ad_fifo_wrapper_0/ad_fifo_wrapper_0_in_context.xdc] for cell 'u_h_top/u_ad_fifo'
Finished Parsing XDC File [e:/7020_Project/25G/25G_PL/25G_PL.gen/sources_1/ip/ad_fifo_wrapper_0/ad_fifo_wrapper_0/ad_fifo_wrapper_0_in_context.xdc] for cell 'u_h_top/u_ad_fifo'
Parsing XDC File [E:/7020_Project/25G/25G_PL/25G_PL.srcs/constrs_1/new/23H.xdc]
CRITICAL WARNING: [Vivado 12-613] Cannot find cell 'u_system/system_i/processing_system7_0/inst' in current context, where current instance = '' and current design = 'preSynthElab_1' [E:/7020_Project/25G/25G_PL/25G_PL.srcs/constrs_1/new/23H.xdc:31]
WARNING: [Vivado 12-508] No pins matched 'PS7_i/FCLKCLK[0]'. [E:/7020_Project/25G/25G_PL/25G_PL.srcs/constrs_1/new/23H.xdc:32]
CRITICAL WARNING: [Vivado 12-613] Cannot find cell 'u_system/system_i/proc_sys_reset_0/U0' in current context, where current instance = '' and current design = 'preSynthElab_1' [E:/7020_Project/25G/25G_PL/25G_PL.srcs/constrs_1/new/23H.xdc:777]
WARNING: [Vivado 12-508] No pins matched '*cdc_to*/D'. [E:/7020_Project/25G/25G_PL/25G_PL.srcs/constrs_1/new/23H.xdc:778]
CRITICAL WARNING: [Vivado 12-613] Cannot find cell 'u_system/system_i/axi_dma_adc/U0' in current context, where current instance = '' and current design = 'preSynthElab_1' [E:/7020_Project/25G/25G_PL/25G_PL.srcs/constrs_1/new/23H.xdc:835]
WARNING: [Vivado 12-508] No pins matched '*cdc_to*/D'. [E:/7020_Project/25G/25G_PL/25G_PL.srcs/constrs_1/new/23H.xdc:836]
CRITICAL WARNING: [Vivado 12-613] Cannot find cell 'u_system/system_i/smartconnect_0/inst/clk_map/psr_aclk/U0' in current context, where current instance = '' and current design = 'preSynthElab_1' [E:/7020_Project/25G/25G_PL/25G_PL.srcs/constrs_1/new/23H.xdc:906]
WARNING: [Vivado 12-508] No pins matched '*cdc_to*/D'. [E:/7020_Project/25G/25G_PL/25G_PL.srcs/constrs_1/new/23H.xdc:907]
CRITICAL WARNING: [Vivado 12-613] Cannot find cell 'u_system/system_i/Pll_DA/inst' in current context, where current instance = '' and current design = 'preSynthElab_1' [E:/7020_Project/25G/25G_PL/25G_PL.srcs/constrs_1/new/23H.xdc:978]
WARNING: [Vivado 12-4214] option '-scoped_to_current_instance' can't be used with top instance, ignoring this option. [E:/7020_Project/25G/25G_PL/25G_PL.srcs/constrs_1/new/23H.xdc:979]
WARNING: [Vivado 12-584] No ports matched 'clk_in1'. [E:/7020_Project/25G/25G_PL/25G_PL.srcs/constrs_1/new/23H.xdc:979]
WARNING: [Vivado 12-180] No cells matched '*adv*'. [E:/7020_Project/25G/25G_PL/25G_PL.srcs/constrs_1/new/23H.xdc:983]
CRITICAL WARNING: [Vivado 12-613] Cannot find cell 'u_h_top/u_ad9767/ila_debug/inst' in current context, where current instance = '' and current design = 'preSynthElab_1' [E:/7020_Project/25G/25G_PL/25G_PL.srcs/constrs_1/new/23H.xdc:1065]
WARNING: [Vivado 12-180] No cells matched 'get_cells -hierarchical -filter {NAME =~ "*allx_typeA_match_detection.ltlib_v1_0_0_allx_typeA_inst/DUT/I_WHOLE_SLICE.G_SLICE_IDX[*].U_ALL_SRL_SLICE/u_srl*/S*"}'. [E:/7020_Project/25G/25G_PL/25G_PL.srcs/constrs_1/new/23H.xdc:1066]
WARNING: [Vivado 12-508] No pins matched 'get_pins -filter REF_PIN_NAME=~CLK* -of_objects [get_cells -hierarchical -filter {NAME =~ "*allx_typeA_match_detection.ltlib_v1_0_0_allx_typeA_inst/DUT/I_WHOLE_SLICE.G_SLICE_IDX[*].U_ALL_SRL_SLICE/u_srl*/S*"}]'. [E:/7020_Project/25G/25G_PL/25G_PL.srcs/constrs_1/new/23H.xdc:1066]
WARNING: [Vivado 12-180] No cells matched 'get_cells -hierarchical -filter {NAME =~ "*allx_typeA_match_detection.ltlib_v1_0_0_allx_typeA_inst/DUT/I_WHOLE_SLICE.G_SLICE_IDX[*].U_ALL_SRL_SLICE/I_IS_TERMINATION_SLICE_W_OUTPUT_REG.DOUT_O_reg*"}'. [E:/7020_Project/25G/25G_PL/25G_PL.srcs/constrs_1/new/23H.xdc:1066]
WARNING: [Vivado 12-508] No pins matched 'get_pins -filter REF_PIN_NAME=~D* -of_objects [get_cells -hierarchical -filter {NAME =~ "*allx_typeA_match_detection.ltlib_v1_0_0_allx_typeA_inst/DUT/I_WHOLE_SLICE.G_SLICE_IDX[*].U_ALL_SRL_SLICE/I_IS_TERMINATION_SLICE_W_OUTPUT_REG.DOUT_O_reg*"}]'. [E:/7020_Project/25G/25G_PL/25G_PL.srcs/constrs_1/new/23H.xdc:1066]
WARNING: [Vivado 12-180] No cells matched 'get_cells -hierarchical -filter { NAME =~  "*ila_core_inst/u_ila_cap_ctrl/u_cap_addrgen/u_cap_sample_counter/u_scnt_cmp/allx_typeA_match_detection.ltlib_v1_0_0_allx_typeA_inst/DUT/I_WHOLE_SLICE.G_SLICE_IDX[*].U_ALL_SRL_SLICE/u_srl*/S*"}'. [E:/7020_Project/25G/25G_PL/25G_PL.srcs/constrs_1/new/23H.xdc:1071]
WARNING: [Vivado 12-508] No pins matched 'get_pins -filter REF_PIN_NAME=~CLK* -of_objects [get_cells -hierarchical -filter { NAME =~  "*ila_core_inst/u_ila_cap_ctrl/u_cap_addrgen/u_cap_sample_counter/u_scnt_cmp/allx_typeA_match_detection.ltlib_v1_0_0_allx_typeA_inst/DUT/I_WHOLE_SLICE.G_SLICE_IDX[*].U_ALL_SRL_SLICE/u_srl*/S*"}]'. [E:/7020_Project/25G/25G_PL/25G_PL.srcs/constrs_1/new/23H.xdc:1071]
WARNING: [Vivado 12-180] No cells matched 'get_cells -hierarchical -filter { NAME =~  "*ila_core_inst/u_ila_cap_ctrl/u_cap_addrgen/u_cap_sample_counter/u_scnt_cmp_q*" && IS_SEQUENTIAL }'. [E:/7020_Project/25G/25G_PL/25G_PL.srcs/constrs_1/new/23H.xdc:1071]
WARNING: [Vivado 12-180] No cells matched 'get_cells -hierarchical -filter { NAME =~  "*ila_core_inst/u_ila_cap_ctrl/u_cap_addrgen/u_cap_window_counter/u_wcnt_lcmp/allx_typeA_match_detection.ltlib_v1_0_0_allx_typeA_inst/DUT/I_WHOLE_SLICE.G_SLICE_IDX[*].U_ALL_SRL_SLICE/u_srl*/S*"}'. [E:/7020_Project/25G/25G_PL/25G_PL.srcs/constrs_1/new/23H.xdc:1076]
WARNING: [Vivado 12-508] No pins matched 'get_pins -filter REF_PIN_NAME=~CLK* -of_objects [get_cells -hierarchical -filter { NAME =~  "*ila_core_inst/u_ila_cap_ctrl/u_cap_addrgen/u_cap_window_counter/u_wcnt_lcmp/allx_typeA_match_detection.ltlib_v1_0_0_allx_typeA_inst/DUT/I_WHOLE_SLICE.G_SLICE_IDX[*].U_ALL_SRL_SLICE/u_srl*/S*"}]'. [E:/7020_Project/25G/25G_PL/25G_PL.srcs/constrs_1/new/23H.xdc:1076]
WARNING: [Vivado 12-180] No cells matched 'get_cells -hierarchical -filter { NAME =~  "*ila_core_inst/u_ila_cap_ctrl/u_cap_addrgen/u_cap_window_counter/u_wcnt_lcmp_q*" && IS_SEQUENTIAL }'. [E:/7020_Project/25G/25G_PL/25G_PL.srcs/constrs_1/new/23H.xdc:1076]
WARNING: [Vivado 12-180] No cells matched 'get_cells -hierarchical -filter { NAME =~  "*ila_core_inst/u_ila_cap_ctrl/u_cap_addrgen/u_cap_window_counter/u_wcnt_hcmp/allx_typeA_match_detection.ltlib_v1_0_0_allx_typeA_inst/DUT/I_WHOLE_SLICE.G_SLICE_IDX[*].U_ALL_SRL_SLICE/u_srl*/S*"}'. [E:/7020_Project/25G/25G_PL/25G_PL.srcs/constrs_1/new/23H.xdc:1077]
WARNING: [Vivado 12-508] No pins matched 'get_pins -filter REF_PIN_NAME=~CLK* -of_objects [get_cells -hierarchical -filter { NAME =~  "*ila_core_inst/u_ila_cap_ctrl/u_cap_addrgen/u_cap_window_counter/u_wcnt_hcmp/allx_typeA_match_detection.ltlib_v1_0_0_allx_typeA_inst/DUT/I_WHOLE_SLICE.G_SLICE_IDX[*].U_ALL_SRL_SLICE/u_srl*/S*"}]'. [E:/7020_Project/25G/25G_PL/25G_PL.srcs/constrs_1/new/23H.xdc:1077]
WARNING: [Vivado 12-180] No cells matched 'get_cells -hierarchical -filter { NAME =~  "*ila_core_inst/u_ila_cap_ctrl/u_cap_addrgen/u_cap_window_counter/u_wcnt_hcmp_q*" && IS_SEQUENTIAL }'. [E:/7020_Project/25G/25G_PL/25G_PL.srcs/constrs_1/new/23H.xdc:1077]
WARNING: [Vivado 12-180] No cells matched 'get_cells -hierarchical -filter { NAME =~ "*ADV_TRIG.u_adv_trig/fsm_mem_data*" && IS_SEQUENTIAL }'. [E:/7020_Project/25G/25G_PL/25G_PL.srcs/constrs_1/new/23H.xdc:1082]
WARNING: [Vivado 12-180] No cells matched 'get_cells -hierarchical -filter { NAME =~ "*ila_core_inst/ADV_TRIG.u_adv_trig/current_state_reg*" && IS_SEQUENTIAL}'. [E:/7020_Project/25G/25G_PL/25G_PL.srcs/constrs_1/new/23H.xdc:1083]
WARNING: [Vivado 12-180] No cells matched 'get_cells -hierarchical -filter { NAME =~ "*ila_core_inst/ADV_TRIG.u_adv_trig/cntcmpsel_reg*" && IS_SEQUENTIAL}'. [E:/7020_Project/25G/25G_PL/25G_PL.srcs/constrs_1/new/23H.xdc:1084]
WARNING: [Vivado 12-180] No cells matched 'get_cells -hierarchical -filter { NAME =~ "*ila_core_inst/ADV_TRIG.u_adv_trig/FLAG*" && IS_SEQUENTIAL}'. [E:/7020_Project/25G/25G_PL/25G_PL.srcs/constrs_1/new/23H.xdc:1085]
WARNING: [Vivado 12-180] No cells matched 'get_cells -hierarchical -filter { NAME =~ "*ila_core_inst/COUNTER.u_count/G_COUNTER[*].U_COUNTER/counter_reg*" && IS_SEQUENTIAL}'. [E:/7020_Project/25G/25G_PL/25G_PL.srcs/constrs_1/new/23H.xdc:1086]
WARNING: [Vivado 12-180] No cells matched 'get_cells -hierarchical -filter { NAME =~ "*ADV_TRIG.u_adv_trig/trigger_reg*" && IS_SEQUENTIAL }'. [E:/7020_Project/25G/25G_PL/25G_PL.srcs/constrs_1/new/23H.xdc:1087]
WARNING: [Vivado 12-180] No cells matched 'get_cells -hierarchical -filter { NAME =~ "*ADV_TRIG.u_adv_trig/CAPTURE_O_reg*" && IS_SEQUENTIAL }'. [E:/7020_Project/25G/25G_PL/25G_PL.srcs/constrs_1/new/23H.xdc:1088]
WARNING: [Vivado 12-180] No cells matched 'get_cells -hierarchical -filter { NAME =~  "*ila_core_inst/u_ila_reset_ctrl/asyncrounous_transfer*/din_reg_reg*" && IS_SEQUENTIAL }'. [E:/7020_Project/25G/25G_PL/25G_PL.srcs/constrs_1/new/23H.xdc:1111]
WARNING: [Vivado 12-180] No cells matched 'get_cells -hierarchical -filter { NAME =~  "*ila_core_inst/u_ila_reset_ctrl/asyncrounous_transfer*/dout_reg0_reg*" && IS_SEQUENTIAL }'. [E:/7020_Project/25G/25G_PL/25G_PL.srcs/constrs_1/new/23H.xdc:1111]
WARNING: [Vivado 12-180] No cells matched 'get_cells -hierarchical -filter { NAME =~  "*ila_core_inst/u_ila_reset_ctrl/asyncrounous_transfer.arm_in_transfer_inst/dout_reg*" && IS_SEQUENTIAL }'. [E:/7020_Project/25G/25G_PL/25G_PL.srcs/constrs_1/new/23H.xdc:1112]
WARNING: [Vivado 12-180] No cells matched 'get_cells -hierarchical -filter { NAME =~  "*ila_core_inst/u_ila_reset_ctrl/asyncrounous_transfer.arm_in_transfer_inst/temp_reg0_reg*" && IS_SEQUENTIAL }'. [E:/7020_Project/25G/25G_PL/25G_PL.srcs/constrs_1/new/23H.xdc:1112]
WARNING: [Vivado 12-180] No cells matched 'get_cells -hierarchical -filter { NAME =~  "*ila_core_inst/u_ila_reset_ctrl/asyncrounous_transfer.halt_in_transfer_inst/dout_reg*" && IS_SEQUENTIAL }'. [E:/7020_Project/25G/25G_PL/25G_PL.srcs/constrs_1/new/23H.xdc:1113]
WARNING: [Vivado 12-180] No cells matched 'get_cells -hierarchical -filter { NAME =~  "*ila_core_inst/u_ila_reset_ctrl/asyncrounous_transfer.halt_in_transfer_inst/temp_reg0_reg*" && IS_SEQUENTIAL }'. [E:/7020_Project/25G/25G_PL/25G_PL.srcs/constrs_1/new/23H.xdc:1113]
WARNING: [Vivado 12-180] No cells matched 'get_cells -hierarchical -filter { NAME =~  "*ila_core_inst/u_ila_reset_ctrl/asyncrounous_transfer.halt_out_transfer_inst/dout_reg*" && IS_SEQUENTIAL }'. [E:/7020_Project/25G/25G_PL/25G_PL.srcs/constrs_1/new/23H.xdc:1114]
WARNING: [Vivado 12-180] No cells matched 'get_cells -hierarchical -filter { NAME =~  "*ila_core_inst/u_ila_reset_ctrl/asyncrounous_transfer.halt_out_transfer_inst/temp_reg0_reg*" && IS_SEQUENTIAL }'. [E:/7020_Project/25G/25G_PL/25G_PL.srcs/constrs_1/new/23H.xdc:1114]
WARNING: [Vivado 12-180] No cells matched 'get_cells -hierarchical -filter { NAME =~  "*ila_core_inst/u_ila_reset_ctrl/asyncrounous_transfer.arm_out_transfer_inst/dout_reg*" && IS_SEQUENTIAL }'. [E:/7020_Project/25G/25G_PL/25G_PL.srcs/constrs_1/new/23H.xdc:1115]
WARNING: [Vivado 12-180] No cells matched 'get_cells -hierarchical -filter { NAME =~  "*ila_core_inst/u_ila_reset_ctrl/asyncrounous_transfer.arm_out_transfer_inst/temp_reg0_reg*" && IS_SEQUENTIAL }'. [E:/7020_Project/25G/25G_PL/25G_PL.srcs/constrs_1/new/23H.xdc:1115]
WARNING: [Vivado 12-180] No cells matched 'get_cells -hierarchical -filter { NAME =~  "*ila_core_inst/u_ila_regs/reg_1a/I_EN_CTL_EQ1.U_CTL/xsdb_reg_reg*" && IS_SEQUENTIAL }'. [E:/7020_Project/25G/25G_PL/25G_PL.srcs/constrs_1/new/23H.xdc:1121]
WARNING: [Vivado 12-180] No cells matched 'get_cells -hierarchical -filter { NAME =~ "*ila_core_inst/u_ila_cap_ctrl/u_cap_addrgen/u_cap_sample_counter/iscnt_reg*" && IS_SEQUENTIAL }'. [E:/7020_Project/25G/25G_PL/25G_PL.srcs/constrs_1/new/23H.xdc:1121]
WARNING: [Vivado 12-180] No cells matched 'get_cells -hierarchical -filter { NAME =~  "*ila_core_inst/u_ila_regs/reg_1a/I_EN_CTL_EQ1.U_CTL/xsdb_reg_reg*" && IS_SEQUENTIAL }'. [E:/7020_Project/25G/25G_PL/25G_PL.srcs/constrs_1/new/23H.xdc:1122]
WARNING: [Vivado 12-180] No cells matched 'get_cells -hierarchical -filter { NAME =~ "*ila_core_inst/u_ila_cap_ctrl/u_cap_addrgen/u_cap_window_counter/iwcnt_reg*" && IS_SEQUENTIAL }'. [E:/7020_Project/25G/25G_PL/25G_PL.srcs/constrs_1/new/23H.xdc:1122]
WARNING: [Vivado 12-180] No cells matched 'get_cells -hierarchical -filter { NAME =~  "*ila_core_inst/u_ila_regs/reg_1a/I_EN_CTL_EQ1.U_CTL/xsdb_reg_reg*" && IS_SEQUENTIAL }'. [E:/7020_Project/25G/25G_PL/25G_PL.srcs/constrs_1/new/23H.xdc:1123]
WARNING: [Vivado 12-180] No cells matched 'get_cells -hierarchical -filter { NAME =~ "*ila_core_inst/u_ila_cap_ctrl/u_cap_addrgen/u_cap_window_counter/u_wcnt_hcmp_q*" && IS_SEQUENTIAL }'. [E:/7020_Project/25G/25G_PL/25G_PL.srcs/constrs_1/new/23H.xdc:1123]
WARNING: [Vivado 12-180] No cells matched 'get_cells -hierarchical -filter { NAME =~  "*ila_core_inst/u_ila_regs/reg_1a/I_EN_CTL_EQ1.U_CTL/xsdb_reg_reg*" && IS_SEQUENTIAL }'. [E:/7020_Project/25G/25G_PL/25G_PL.srcs/constrs_1/new/23H.xdc:1124]
WARNING: [Vivado 12-180] No cells matched 'get_cells -hierarchical -filter { NAME =~ "*ila_core_inst/u_ila_cap_ctrl/u_cap_addrgen/u_cap_window_counter/u_wcnt_lcmp_q*" && IS_SEQUENTIAL }'. [E:/7020_Project/25G/25G_PL/25G_PL.srcs/constrs_1/new/23H.xdc:1124]
WARNING: [Vivado 12-180] No cells matched 'get_cells -hierarchical -filter { NAME =~  "*ila_core_inst/u_ila_regs/reg_1a/I_EN_CTL_EQ1.U_CTL/xsdb_reg_reg*" && IS_SEQUENTIAL }'. [E:/7020_Project/25G/25G_PL/25G_PL.srcs/constrs_1/new/23H.xdc:1125]
WARNING: [Vivado 12-180] No cells matched 'get_cells -hierarchical -filter { NAME =~ "*ila_core_inst/u_ila_cap_ctrl/u_cap_addrgen/u_cap_sample_counter/u_scnt_cmp_q*" && IS_SEQUENTIAL }'. [E:/7020_Project/25G/25G_PL/25G_PL.srcs/constrs_1/new/23H.xdc:1125]
WARNING: [Vivado 12-180] No cells matched 'get_cells -hierarchical -filter { NAME =~  "*ila_core_inst/u_ila_regs/reg_7/I_EN_CTL_EQ1.U_CTL/xsdb_reg_reg*" && IS_SEQUENTIAL }'. [E:/7020_Project/25G/25G_PL/25G_PL.srcs/constrs_1/new/23H.xdc:1126]
WARNING: [Vivado 12-180] No cells matched 'get_cells -hierarchical -filter { NAME =~ "*ila_core_inst/u_ila_cap_ctrl/u_cap_addrgen/u_cap_window_counter/u_wcnt_hcmp_q*" && IS_SEQUENTIAL }'. [E:/7020_Project/25G/25G_PL/25G_PL.srcs/constrs_1/new/23H.xdc:1126]
WARNING: [Vivado 12-180] No cells matched 'get_cells -hierarchical -filter { NAME =~  "*ila_core_inst/u_ila_regs/reg_7/I_EN_CTL_EQ1.U_CTL/xsdb_reg_reg*" && IS_SEQUENTIAL }'. [E:/7020_Project/25G/25G_PL/25G_PL.srcs/constrs_1/new/23H.xdc:1127]
WARNING: [Vivado 12-180] No cells matched 'get_cells -hierarchical -filter { NAME =~ "*ila_core_inst/u_ila_cap_ctrl/u_cap_addrgen/u_cap_window_counter/u_wcnt_lcmp_q*" && IS_SEQUENTIAL }'. [E:/7020_Project/25G/25G_PL/25G_PL.srcs/constrs_1/new/23H.xdc:1127]
WARNING: [Vivado 12-180] No cells matched 'get_cells -hierarchical -filter { NAME =~  "*ila_core_inst/u_ila_regs/reg_7/I_EN_CTL_EQ1.U_CTL/xsdb_reg_reg*" && IS_SEQUENTIAL }'. [E:/7020_Project/25G/25G_PL/25G_PL.srcs/constrs_1/new/23H.xdc:1128]
WARNING: [Vivado 12-180] No cells matched 'get_cells -hierarchical -filter { NAME =~ "*ila_core_inst/u_ila_cap_ctrl/u_cap_addrgen/u_cap_sample_counter/u_scnt_cmp_q*" && IS_SEQUENTIAL }'. [E:/7020_Project/25G/25G_PL/25G_PL.srcs/constrs_1/new/23H.xdc:1128]
WARNING: [Vivado 12-180] No cells matched 'get_cells -hierarchical -filter { NAME =~  "*ila_core_inst/u_ila_regs/reg_1a/I_EN_CTL_EQ1.U_CTL/xsdb_reg_reg*" && IS_SEQUENTIAL }'. [E:/7020_Project/25G/25G_PL/25G_PL.srcs/constrs_1/new/23H.xdc:1129]
WARNING: [Vivado 12-180] No cells matched 'get_cells -hierarchical -filter { NAME =~ "*ila_core_inst/u_ila_cap_ctrl/U_CDONE/I_YESLUT6.I_YES_OREG.O_reg*" && IS_SEQUENTIAL}'. [E:/7020_Project/25G/25G_PL/25G_PL.srcs/constrs_1/new/23H.xdc:1129]
WARNING: [Vivado 12-180] No cells matched 'get_cells -hierarchical -filter { NAME =~  "*ila_core_inst/u_ila_regs/reg_1a/I_EN_CTL_EQ1.U_CTL/xsdb_reg_reg*" && IS_SEQUENTIAL }'. [E:/7020_Project/25G/25G_PL/25G_PL.srcs/constrs_1/new/23H.xdc:1130]
WARNING: [Vivado 12-180] No cells matched 'get_cells -hierarchical -filter { NAME =~ "*ila_core_inst/u_ila_cap_ctrl/U_NS0/I_YESLUT6.I_YES_OREG.O_reg*" && IS_SEQUENTIAL}'. [E:/7020_Project/25G/25G_PL/25G_PL.srcs/constrs_1/new/23H.xdc:1130]
WARNING: [Vivado 12-180] No cells matched 'get_cells -hierarchical -filter { NAME =~  "*ila_core_inst/u_ila_regs/reg_1a/I_EN_CTL_EQ1.U_CTL/xsdb_reg_reg*" && IS_SEQUENTIAL }'. [E:/7020_Project/25G/25G_PL/25G_PL.srcs/constrs_1/new/23H.xdc:1131]
WARNING: [Vivado 12-180] No cells matched 'get_cells -hierarchical -filter { NAME =~ "*ila_core_inst/u_ila_cap_ctrl/U_NS1/I_YESLUT6.I_YES_OREG.O_reg*" && IS_SEQUENTIAL}'. [E:/7020_Project/25G/25G_PL/25G_PL.srcs/constrs_1/new/23H.xdc:1131]
WARNING: [Vivado 12-180] No cells matched 'get_cells -hierarchical -filter { NAME =~  "*ila_core_inst/u_ila_regs/reg_1a/I_EN_CTL_EQ1.U_CTL/xsdb_reg_reg*" && IS_SEQUENTIAL }'. [E:/7020_Project/25G/25G_PL/25G_PL.srcs/constrs_1/new/23H.xdc:1132]
WARNING: [Vivado 12-180] No cells matched 'get_cells -hierarchical -filter { NAME =~ "*ila_core_inst/u_ila_cap_ctrl/u_cap_addrgen/icap_wr_en_reg*" && IS_SEQUENTIAL}'. [E:/7020_Project/25G/25G_PL/25G_PL.srcs/constrs_1/new/23H.xdc:1132]
WARNING: [Vivado 12-180] No cells matched 'get_cells -hierarchical -filter { NAME =~  "*ila_core_inst/u_ila_regs/reg_1a/I_EN_CTL_EQ1.U_CTL/xsdb_reg_reg*" && IS_SEQUENTIAL }'. [E:/7020_Project/25G/25G_PL/25G_PL.srcs/constrs_1/new/23H.xdc:1133]
WARNING: [Vivado 12-180] No cells matched 'get_cells -hierarchical -filter { NAME =~ "*ila_core_inst/u_ila_cap_ctrl/itrigger_out_reg*" && IS_SEQUENTIAL}'. [E:/7020_Project/25G/25G_PL/25G_PL.srcs/constrs_1/new/23H.xdc:1133]
WARNING: [Vivado 12-180] No cells matched 'get_cells -hierarchical -filter { NAME =~  "*ila_core_inst/u_ila_regs/reg_15/I_EN_CTL_EQ1.U_CTL/xsdb_reg_reg*" && IS_SEQUENTIAL }'. [E:/7020_Project/25G/25G_PL/25G_PL.srcs/constrs_1/new/23H.xdc:1134]
WARNING: [Vivado 12-180] No cells matched 'get_cells -hierarchical -filter { NAME =~ "*ila_core_inst/use_probe_debug_circuit_2_reg*" && IS_SEQUENTIAL}'. [E:/7020_Project/25G/25G_PL/25G_PL.srcs/constrs_1/new/23H.xdc:1134]
WARNING: [Vivado 12-180] No cells matched 'get_cells -hierarchical -filter { NAME =~  "*ila_core_inst/u_ila_regs/reg_15/I_EN_CTL_EQ1.U_CTL/xsdb_reg_reg*" && IS_SEQUENTIAL }'. [E:/7020_Project/25G/25G_PL/25G_PL.srcs/constrs_1/new/23H.xdc:1135]
WARNING: [Vivado 12-180] No cells matched 'get_cells -hierarchical -filter { NAME =~ "*ila_core_inst/en_adv_trigger_2_reg*" && IS_SEQUENTIAL}'. [E:/7020_Project/25G/25G_PL/25G_PL.srcs/constrs_1/new/23H.xdc:1135]
WARNING: [Vivado 12-180] No cells matched 'get_cells -hierarchical -filter { NAME =~  "*ila_core_inst/u_ila_regs/reg_1a/I_EN_CTL_EQ1.U_CTL/xsdb_reg_reg*" && IS_SEQUENTIAL }'. [E:/7020_Project/25G/25G_PL/25G_PL.srcs/constrs_1/new/23H.xdc:1136]
WARNING: [Vivado 12-180] No cells matched 'get_cells -hierarchical -filter { NAME =~ "*ila_core_inst/en_adv_trigger_2_reg*" && IS_SEQUENTIAL}'. [E:/7020_Project/25G/25G_PL/25G_PL.srcs/constrs_1/new/23H.xdc:1136]
WARNING: [Vivado 12-180] No cells matched 'get_cells -hierarchical -filter { NAME =~  "*ila_core_inst/u_ila_regs/reg_1a/I_EN_CTL_EQ1.U_CTL/xsdb_reg_reg*" && IS_SEQUENTIAL }'. [E:/7020_Project/25G/25G_PL/25G_PL.srcs/constrs_1/new/23H.xdc:1137]
WARNING: [Vivado 12-180] No cells matched 'get_cells -hierarchical -filter { NAME =~ "*ila_core_inst/capture_qual_ctrl_2_reg*" && IS_SEQUENTIAL}'. [E:/7020_Project/25G/25G_PL/25G_PL.srcs/constrs_1/new/23H.xdc:1137]
WARNING: [Vivado 12-180] No cells matched 'get_cells -hierarchical -filter { NAME =~  "*ila_core_inst/u_ila_regs/reg_stream_ffd/I_EN_CTL_EQ1.U_CTL/xsdb_reg_reg*" && IS_SEQUENTIAL }'. [E:/7020_Project/25G/25G_PL/25G_PL.srcs/constrs_1/new/23H.xdc:1138]
WARNING: [Vivado 12-180] No cells matched 'get_cells -hierarchical -filter { NAME =~ "*ila_core_inst/debug_data_in_sync1_reg*" && IS_SEQUENTIAL}'. [E:/7020_Project/25G/25G_PL/25G_PL.srcs/constrs_1/new/23H.xdc:1138]
WARNING: [Vivado 12-180] No cells matched 'get_cells -hierarchical -filter { NAME =~  "*ila_core_inst/u_ila_cap_ctrl/u_cap_addrgen/*.cfg_data_vec_reg*" && IS_SEQUENTIAL }'. [E:/7020_Project/25G/25G_PL/25G_PL.srcs/constrs_1/new/23H.xdc:1139]
WARNING: [Vivado 12-180] No cells matched 'get_cells -hierarchical -filter { NAME =~ "*ila_core_inst/u_ila_cap_ctrl/u_cap_addrgen/cfg_data_vec_sync1_reg*" && IS_SEQUENTIAL}'. [E:/7020_Project/25G/25G_PL/25G_PL.srcs/constrs_1/new/23H.xdc:1139]
WARNING: [Vivado 12-180] No cells matched 'get_cells -hierarchical -filter { NAME =~  "*ila_core_inst/u_ila_regs/s_dclk_flag_reg*" && IS_SEQUENTIAL }'. [E:/7020_Project/25G/25G_PL/25G_PL.srcs/constrs_1/new/23H.xdc:1140]
WARNING: [Vivado 12-180] No cells matched 'get_cells -hierarchical -filter { NAME =~ "*ila_core_inst/u_ila_regs/s_dclk_flag_sync1_reg*" && IS_SEQUENTIAL}'. [E:/7020_Project/25G/25G_PL/25G_PL.srcs/constrs_1/new/23H.xdc:1140]
WARNING: [Vivado 12-180] No cells matched 'get_cells -hierarchical -filter { NAME =~  "*ila_core_inst/u_ila_regs/ila_clk_flag_reg*" && IS_SEQUENTIAL }'. [E:/7020_Project/25G/25G_PL/25G_PL.srcs/constrs_1/new/23H.xdc:1141]
WARNING: [Vivado 12-180] No cells matched 'get_cells -hierarchical -filter { NAME =~ "*ila_core_inst/u_ila_regs/ila_clk_flag_sync1_reg*" && IS_SEQUENTIAL}'. [E:/7020_Project/25G/25G_PL/25G_PL.srcs/constrs_1/new/23H.xdc:1141]
WARNING: [Vivado 12-180] No cells matched 'get_cells -hierarchical -filter { NAME =~ "*ila_core_inst/u_ila_regs/reg_stream_ffd/I_EN_CTL_EQ1.U_CTL/xsdb_reg_reg*" && IS_SEQUENTIAL}'. [E:/7020_Project/25G/25G_PL/25G_PL.srcs/constrs_1/new/23H.xdc:1148]
WARNING: [Vivado 12-180] No cells matched 'get_cells -hierarchical -filter { NAME =~ "*ila_core_inst/u_trig/U_TM/N_DDR_MODE.G_NMU[*].U_M/allx_typeA_match_detection.ltlib_v1_0_0_allx_typeA_inst/probeDelay1_reg*" && IS_SEQUENTIAL}'. [E:/7020_Project/25G/25G_PL/25G_PL.srcs/constrs_1/new/23H.xdc:1148]
WARNING: [Vivado 12-180] No cells matched 'get_cells -hierarchical -filter { NAME =~  "*ila_core_inst/u_ila_regs/reg_15/I_EN_CTL_EQ1.U_CTL/xsdb_reg_reg*" && IS_SEQUENTIAL }'. [E:/7020_Project/25G/25G_PL/25G_PL.srcs/constrs_1/new/23H.xdc:1149]
WARNING: [Vivado 12-180] No cells matched 'get_cells -hierarchical -filter { NAME =~ "*ila_core_inst/u_trig/U_TM/N_DDR_MODE.G_NMU[*].U_M/allx_typeA_match_detection.ltlib_v1_0_0_allx_typeA_inst/probeDelay1_reg*" && IS_SEQUENTIAL}'. [E:/7020_Project/25G/25G_PL/25G_PL.srcs/constrs_1/new/23H.xdc:1149]
WARNING: [Vivado 12-180] No cells matched 'get_cells -hierarchical -filter {NAME =~ "*allx_typeA_match_detection.ltlib_v1_0_0_allx_typeA_inst/DUT/u_srl_drive*"}'. [E:/7020_Project/25G/25G_PL/25G_PL.srcs/constrs_1/new/23H.xdc:1154]
WARNING: [Vivado 12-508] No pins matched 'get_pins -filter REF_PIN_NAME=~CLK -of_objects [get_cells -hierarchical -filter {NAME =~ "*allx_typeA_match_detection.ltlib_v1_0_0_allx_typeA_inst/DUT/u_srl_drive*"}]'. [E:/7020_Project/25G/25G_PL/25G_PL.srcs/constrs_1/new/23H.xdc:1154]
WARNING: [Vivado 12-180] No cells matched 'get_cells -hierarchical -filter {NAME =~ "*allx_typeA_match_detection.ltlib_v1_0_0_allx_typeA_inst/DUT/I_WHOLE_SLICE.G_SLICE_IDX[*].U_ALL_SRL_SLICE/I_IS_TERMINATION_SLICE_W_OUTPUT_REG.DOUT_O_reg*" && IS_SEQUENTIAL}'. [E:/7020_Project/25G/25G_PL/25G_PL.srcs/constrs_1/new/23H.xdc:1154]
WARNING: [Vivado 12-508] No pins matched 'get_pins -filter REF_PIN_NAME=~D -of_objects [get_cells -hierarchical -filter {NAME =~ "*allx_typeA_match_detection.ltlib_v1_0_0_allx_typeA_inst/DUT/I_WHOLE_SLICE.G_SLICE_IDX[*].U_ALL_SRL_SLICE/I_IS_TERMINATION_SLICE_W_OUTPUT_REG.DOUT_O_reg*" && IS_SEQUENTIAL}]'. [E:/7020_Project/25G/25G_PL/25G_PL.srcs/constrs_1/new/23H.xdc:1154]
WARNING: [Vivado 12-180] No cells matched 'get_cells -hierarchical -filter { NAME =~  "*ila_core_inst/u_ila_cap_ctrl/u_cap_addrgen/*cfg_data_vec_reg*" && IS_SEQUENTIAL }'. [E:/7020_Project/25G/25G_PL/25G_PL.srcs/constrs_1/new/23H.xdc:1161]
WARNING: [Vivado 12-180] No cells matched 'get_cells -hierarchical -filter { NAME =~  "*ila_core_inst/u_ila_cap_ctrl/u_cap_addrgen/*icap_addr_reg*" && IS_SEQUENTIAL }'. [E:/7020_Project/25G/25G_PL/25G_PL.srcs/constrs_1/new/23H.xdc:1161]
WARNING: [Vivado 12-180] No cells matched 'get_cells -hierarchical -filter { NAME =~  "*ila_core_inst/u_ila_cap_ctrl/u_cap_addrgen/captured_samples*" && IS_SEQUENTIAL }'. [E:/7020_Project/25G/25G_PL/25G_PL.srcs/constrs_1/new/23H.xdc:1162]
WARNING: [Vivado 12-180] No cells matched 'get_cells -hierarchical -filter { NAME =~  "*ila_core_inst/u_ila_regs/reg*/I_EN_STAT_EQ1.U_STAT/xsdb_reg*" && IS_SEQUENTIAL }'. [E:/7020_Project/25G/25G_PL/25G_PL.srcs/constrs_1/new/23H.xdc:1162]
WARNING: [Vivado 12-180] No cells matched 'get_cells -hierarchical -filter { NAME =~  "*ila_core_inst/u_ila_cap_ctrl/CAP_DONE_O*" && IS_SEQUENTIAL }'. [E:/7020_Project/25G/25G_PL/25G_PL.srcs/constrs_1/new/23H.xdc:1163]
WARNING: [Vivado 12-180] No cells matched 'get_cells -hierarchical -filter { NAME =~  "*ila_core_inst/u_ila_regs/reg*/I_EN_STAT_EQ1.U_STAT/xsdb_reg*" && IS_SEQUENTIAL }'. [E:/7020_Project/25G/25G_PL/25G_PL.srcs/constrs_1/new/23H.xdc:1163]
WARNING: [Vivado 12-180] No cells matched 'get_cells -hierarchical -filter { NAME =~  "*ila_core_inst/u_ila_cap_ctrl/CAP_TRIGGER_O*" && IS_SEQUENTIAL }'. [E:/7020_Project/25G/25G_PL/25G_PL.srcs/constrs_1/new/23H.xdc:1164]
WARNING: [Vivado 12-180] No cells matched 'get_cells -hierarchical -filter { NAME =~  "*ila_core_inst/u_ila_regs/reg*/I_EN_STAT_EQ1.U_STAT/xsdb_reg*" && IS_SEQUENTIAL }'. [E:/7020_Project/25G/25G_PL/25G_PL.srcs/constrs_1/new/23H.xdc:1164]
WARNING: [Vivado 12-180] No cells matched 'get_cells -hierarchical -filter { NAME =~  "*ila_core_inst/u_ila_cap_ctrl/U_NS*/I_YESLUT6.I_YES_OREG.O_reg_reg*" && IS_SEQUENTIAL }'. [E:/7020_Project/25G/25G_PL/25G_PL.srcs/constrs_1/new/23H.xdc:1169]
WARNING: [Vivado 12-180] No cells matched 'get_cells -hierarchical -filter { NAME =~  "*ila_core_inst/u_ila_regs/reg_*/I_EN_STAT_EQ1.U_STAT/xsdb_reg_reg[*]*" && IS_SEQUENTIAL }'. [E:/7020_Project/25G/25G_PL/25G_PL.srcs/constrs_1/new/23H.xdc:1169]
WARNING: [Vivado 12-180] No cells matched 'get_cells -hierarchical -filter { NAME =~  "*ila_core_inst/u_ila_cap_ctrl/u_cap_addrgen/u_cap_sample_counter/U_SCMPCE/I_YESLUT6.U_SRL32*"}'. [E:/7020_Project/25G/25G_PL/25G_PL.srcs/constrs_1/new/23H.xdc:1174]
WARNING: [Vivado 12-508] No pins matched 'get_pins -filter REF_PIN_NAME=~CLK -of_objects [get_cells -hierarchical -filter { NAME =~  "*ila_core_inst/u_ila_cap_ctrl/u_cap_addrgen/u_cap_sample_counter/U_SCMPCE/I_YESLUT6.U_SRL32*"}]'. [E:/7020_Project/25G/25G_PL/25G_PL.srcs/constrs_1/new/23H.xdc:1174]
WARNING: [Vivado 12-180] No cells matched 'get_cells -hierarchical -filter { NAME =~  "*ila_core_inst/u_ila_cap_ctrl/u_cap_addrgen/u_cap_sample_counter/u_scnt_cmp_q*" && IS_SEQUENTIAL }'. [E:/7020_Project/25G/25G_PL/25G_PL.srcs/constrs_1/new/23H.xdc:1174]
WARNING: [Vivado 12-180] No cells matched 'get_cells -hierarchical -filter { NAME =~  "*ila_core_inst/u_ila_cap_ctrl/u_cap_addrgen/u_cap_sample_counter/u_scnt_cmp/allx_typeA_match_detection.ltlib_v1_0_0_allx_typeA_inst/DUT/u_srl_drive*"}'. [E:/7020_Project/25G/25G_PL/25G_PL.srcs/constrs_1/new/23H.xdc:1175]
WARNING: [Vivado 12-508] No pins matched 'get_pins -filter REF_PIN_NAME=~CLK -of_objects [get_cells -hierarchical -filter { NAME =~  "*ila_core_inst/u_ila_cap_ctrl/u_cap_addrgen/u_cap_sample_counter/u_scnt_cmp/allx_typeA_match_detection.ltlib_v1_0_0_allx_typeA_inst/DUT/u_srl_drive*"}]'. [E:/7020_Project/25G/25G_PL/25G_PL.srcs/constrs_1/new/23H.xdc:1175]
WARNING: [Vivado 12-180] No cells matched 'get_cells -hierarchical -filter { NAME =~  "*ila_core_inst/u_ila_cap_ctrl/u_cap_addrgen/u_cap_sample_counter/u_scnt_cmp_q*" && IS_SEQUENTIAL }'. [E:/7020_Project/25G/25G_PL/25G_PL.srcs/constrs_1/new/23H.xdc:1175]
WARNING: [Vivado 12-180] No cells matched 'get_cells -hierarchical -filter { NAME =~  "*ila_core_inst/u_ila_cap_ctrl/u_cap_addrgen/U_CMPRESET/I_YESLUT6.U_SRL32_*" }'. [E:/7020_Project/25G/25G_PL/25G_PL.srcs/constrs_1/new/23H.xdc:1177]
WARNING: [Vivado 12-508] No pins matched 'get_pins -filter REF_PIN_NAME=~CLK -of_objects [get_cells -hierarchical -filter { NAME =~  "*ila_core_inst/u_ila_cap_ctrl/u_cap_addrgen/U_CMPRESET/I_YESLUT6.U_SRL32_*" }]'. [E:/7020_Project/25G/25G_PL/25G_PL.srcs/constrs_1/new/23H.xdc:1177]
WARNING: [Vivado 12-180] No cells matched 'get_cells -hierarchical -filter { NAME =~  "*ila_core_inst/u_ila_cap_ctrl/u_cap_addrgen/u_cap_sample_counter/u_scnt_cmp_q*" && IS_SEQUENTIAL }'. [E:/7020_Project/25G/25G_PL/25G_PL.srcs/constrs_1/new/23H.xdc:1177]
WARNING: [Vivado 12-180] No cells matched 'get_cells -hierarchical -filter { NAME =~  "*ila_core_inst/u_ila_cap_ctrl/u_cap_addrgen/u_cap_window_counter/u_wcnt_lcmp/allx_typeA_match_detection.ltlib_v1_0_0_allx_typeA_inst/DUT/u_srl_drive*"}'. [E:/7020_Project/25G/25G_PL/25G_PL.srcs/constrs_1/new/23H.xdc:1184]
WARNING: [Vivado 12-508] No pins matched 'get_pins -filter REF_PIN_NAME=~CLK -of_objects [get_cells -hierarchical -filter { NAME =~  "*ila_core_inst/u_ila_cap_ctrl/u_cap_addrgen/u_cap_window_counter/u_wcnt_lcmp/allx_typeA_match_detection.ltlib_v1_0_0_allx_typeA_inst/DUT/u_srl_drive*"}]'. [E:/7020_Project/25G/25G_PL/25G_PL.srcs/constrs_1/new/23H.xdc:1184]
WARNING: [Vivado 12-180] No cells matched 'get_cells -hierarchical -filter { NAME =~  "*ila_core_inst/u_ila_cap_ctrl/u_cap_addrgen/u_cap_window_counter/u_wcnt_lcmp_q*" && IS_SEQUENTIAL }'. [E:/7020_Project/25G/25G_PL/25G_PL.srcs/constrs_1/new/23H.xdc:1184]
WARNING: [Vivado 12-180] No cells matched 'get_cells -hierarchical -filter { NAME =~  "*ila_core_inst/u_ila_cap_ctrl/u_cap_addrgen/u_cap_window_counter/u_wcnt_hcmp/allx_typeA_match_detection.ltlib_v1_0_0_allx_typeA_inst/DUT/u_srl_drive*"}'. [E:/7020_Project/25G/25G_PL/25G_PL.srcs/constrs_1/new/23H.xdc:1185]
WARNING: [Vivado 12-508] No pins matched 'get_pins -filter REF_PIN_NAME=~CLK -of_objects [get_cells -hierarchical -filter { NAME =~  "*ila_core_inst/u_ila_cap_ctrl/u_cap_addrgen/u_cap_window_counter/u_wcnt_hcmp/allx_typeA_match_detection.ltlib_v1_0_0_allx_typeA_inst/DUT/u_srl_drive*"}]'. [E:/7020_Project/25G/25G_PL/25G_PL.srcs/constrs_1/new/23H.xdc:1185]
WARNING: [Vivado 12-180] No cells matched 'get_cells -hierarchical -filter { NAME =~  "*ila_core_inst/u_ila_cap_ctrl/u_cap_addrgen/u_cap_window_counter/u_wcnt_hcmp_q*" && IS_SEQUENTIAL }'. [E:/7020_Project/25G/25G_PL/25G_PL.srcs/constrs_1/new/23H.xdc:1185]
WARNING: [Vivado 12-180] No cells matched 'get_cells -hierarchical -filter { NAME =~  "*ila_core_inst/u_ila_cap_ctrl/u_cap_addrgen/u_cap_window_counter/U_WHCMPCE/I_YESLUT6.U_SRL32*"}'. [E:/7020_Project/25G/25G_PL/25G_PL.srcs/constrs_1/new/23H.xdc:1186]
WARNING: [Vivado 12-508] No pins matched 'get_pins -filter REF_PIN_NAME=~CLK -of_objects [get_cells -hierarchical -filter { NAME =~  "*ila_core_inst/u_ila_cap_ctrl/u_cap_addrgen/u_cap_window_counter/U_WHCMPCE/I_YESLUT6.U_SRL32*"}]'. [E:/7020_Project/25G/25G_PL/25G_PL.srcs/constrs_1/new/23H.xdc:1186]
WARNING: [Vivado 12-180] No cells matched 'get_cells -hierarchical -filter { NAME =~  "*ila_core_inst/u_ila_cap_ctrl/u_cap_addrgen/u_cap_window_counter/u_wcnt_hcmp_q*" && IS_SEQUENTIAL }'. [E:/7020_Project/25G/25G_PL/25G_PL.srcs/constrs_1/new/23H.xdc:1186]
WARNING: [Vivado 12-180] No cells matched 'get_cells -hierarchical -filter { NAME =~  "*ila_core_inst/u_ila_cap_ctrl/u_cap_addrgen/u_cap_window_counter/U_WLCMPCE/I_YESLUT6.U_SRL32*"}'. [E:/7020_Project/25G/25G_PL/25G_PL.srcs/constrs_1/new/23H.xdc:1187]
WARNING: [Vivado 12-508] No pins matched 'get_pins -filter REF_PIN_NAME=~CLK -of_objects [get_cells -hierarchical -filter { NAME =~  "*ila_core_inst/u_ila_cap_ctrl/u_cap_addrgen/u_cap_window_counter/U_WLCMPCE/I_YESLUT6.U_SRL32*"}]'. [E:/7020_Project/25G/25G_PL/25G_PL.srcs/constrs_1/new/23H.xdc:1187]
WARNING: [Vivado 12-180] No cells matched 'get_cells -hierarchical -filter { NAME =~  "*ila_core_inst/u_ila_cap_ctrl/u_cap_addrgen/u_cap_window_counter/u_wcnt_lcmp_q*" && IS_SEQUENTIAL }'. [E:/7020_Project/25G/25G_PL/25G_PL.srcs/constrs_1/new/23H.xdc:1187]
WARNING: [Vivado 12-180] No cells matched 'get_cells -hierarchical -filter { NAME =~  "*ila_core_inst/u_ila_cap_ctrl/u_cap_addrgen/U_CMPRESET/I_YESLUT6.U_SRL32_*" }'. [E:/7020_Project/25G/25G_PL/25G_PL.srcs/constrs_1/new/23H.xdc:1188]
WARNING: [Vivado 12-508] No pins matched 'get_pins -filter REF_PIN_NAME=~CLK -of_objects [get_cells -hierarchical -filter { NAME =~  "*ila_core_inst/u_ila_cap_ctrl/u_cap_addrgen/U_CMPRESET/I_YESLUT6.U_SRL32_*" }]'. [E:/7020_Project/25G/25G_PL/25G_PL.srcs/constrs_1/new/23H.xdc:1188]
WARNING: [Vivado 12-180] No cells matched 'get_cells -hierarchical -filter { NAME =~  "*ila_core_inst/u_ila_cap_ctrl/u_cap_addrgen/u_cap_window_counter/u_wcnt_lcmp_q*" && IS_SEQUENTIAL }'. [E:/7020_Project/25G/25G_PL/25G_PL.srcs/constrs_1/new/23H.xdc:1188]
INFO: [Common 17-14] Message 'Vivado 12-180' appears 100 times and further instances of the messages will be disabled. Use the Tcl command set_msg_config to change the current settings. [E:/7020_Project/25G/25G_PL/25G_PL.srcs/constrs_1/new/23H.xdc:1188]
WARNING: [Vivado 12-508] No pins matched 'get_pins -filter REF_PIN_NAME=~CLK -of_objects [get_cells -hierarchical -filter { NAME =~  "*ila_core_inst/u_ila_cap_ctrl/u_cap_addrgen/U_CMPRESET/I_YESLUT6.U_SRL32_*" }]'. [E:/7020_Project/25G/25G_PL/25G_PL.srcs/constrs_1/new/23H.xdc:1189]
WARNING: [Vivado 12-508] No pins matched 'get_pins -filter REF_PIN_NAME=~CLK -of_objects [get_cells -hierarchical -filter { NAME =~  "*ila_core_inst/u_ila_cap_ctrl/u_cap_addrgen/u_cap_sample_counter/U_SCE/I_YESLUT6.U_SRLC16E*" }]'. [E:/7020_Project/25G/25G_PL/25G_PL.srcs/constrs_1/new/23H.xdc:1190]
WARNING: [Vivado 12-508] No pins matched 'get_pins -filter REF_PIN_NAME=~CLK -of_objects [get_cells -hierarchical -filter { NAME =~  "*ila_core_inst/u_ila_cap_ctrl/u_cap_addrgen/u_cap_sample_counter/U_SCE/I_YESLUT6.U_SRLC16E*" }]'. [E:/7020_Project/25G/25G_PL/25G_PL.srcs/constrs_1/new/23H.xdc:1191]
WARNING: [Vivado 12-508] No pins matched 'get_pins -filter REF_PIN_NAME=~CLK -of_objects [get_cells -hierarchical -filter { NAME =~  "*ila_core_inst/u_ila_cap_ctrl/u_cap_addrgen/u_cap_sample_counter/U_SCRST/I_YESLUT6.U_SRL32_*" }]'. [E:/7020_Project/25G/25G_PL/25G_PL.srcs/constrs_1/new/23H.xdc:1192]
WARNING: [Vivado 12-508] No pins matched 'get_pins -filter REF_PIN_NAME=~CLK -of_objects [get_cells -hierarchical -filter { NAME =~  "*ila_core_inst/u_ila_cap_ctrl/u_cap_addrgen/u_cap_window_counter/U_WCE/I_YESLUT6.U_SRLC16E*" }]'. [E:/7020_Project/25G/25G_PL/25G_PL.srcs/constrs_1/new/23H.xdc:1193]
WARNING: [Vivado 12-508] No pins matched 'get_pins -filter REF_PIN_NAME=~CLK -of_objects [get_cells -hierarchical -filter { NAME =~  "*ila_core_inst/u_ila_cap_ctrl/U_CDONE/I_YESLUT6.U_SRL32_*" }]'. [E:/7020_Project/25G/25G_PL/25G_PL.srcs/constrs_1/new/23H.xdc:1194]
WARNING: [Vivado 12-508] No pins matched 'get_pins -filter REF_PIN_NAME=~CLK -of_objects [get_cells -hierarchical -filter { NAME =~  "*ila_core_inst/u_ila_cap_ctrl/U_NS0/I_YESLUT6.U_SRL32_*" }]'. [E:/7020_Project/25G/25G_PL/25G_PL.srcs/constrs_1/new/23H.xdc:1195]
WARNING: [Vivado 12-508] No pins matched 'get_pins -filter REF_PIN_NAME=~CLK -of_objects [get_cells -hierarchical -filter { NAME =~  "*ila_core_inst/u_ila_cap_ctrl/U_NS1/I_YESLUT6.U_SRL32_*" }]'. [E:/7020_Project/25G/25G_PL/25G_PL.srcs/constrs_1/new/23H.xdc:1196]
WARNING: [Vivado 12-508] No pins matched 'get_pins -filter REF_PIN_NAME=~C -of_objects [get_cells -hierarchical -filter { NAME =~ "*ila_core_inst/u_ila_reset_ctrl/asyncrounous_transfer.arm_out_transfer_inst/dout_reg1_reg*" }]'. [E:/7020_Project/25G/25G_PL/25G_PL.srcs/constrs_1/new/23H.xdc:1201]
WARNING: [Vivado 12-508] No pins matched 'get_pins -filter REF_PIN_NAME=~C -of_objects [get_cells -hierarchical -filter { NAME =~ "*ila_core_inst/u_ila_reset_ctrl/asyncrounous_transfer.arm_out_transfer_inst/dout_reg1_reg*" }]'. [E:/7020_Project/25G/25G_PL/25G_PL.srcs/constrs_1/new/23H.xdc:1202]
WARNING: [Vivado 12-508] No pins matched 'get_pins -filter REF_PIN_NAME=~C -of_objects [get_cells -hierarchical -filter { NAME =~ "*ila_core_inst/u_ila_reset_ctrl/asyncrounous_transfer.arm_out_transfer_inst/dout_reg1_reg*" }]'. [E:/7020_Project/25G/25G_PL/25G_PL.srcs/constrs_1/new/23H.xdc:1203]
WARNING: [Vivado 12-508] No pins matched 'get_pins -filter REF_PIN_NAME=~C -of_objects [get_cells -hierarchical -filter { NAME =~ "*ila_core_inst/u_ila_reset_ctrl/asyncrounous_transfer.arm_out_transfer_inst/dout_reg1_reg*" }]'. [E:/7020_Project/25G/25G_PL/25G_PL.srcs/constrs_1/new/23H.xdc:1204]
WARNING: [Vivado 12-508] No pins matched 'get_pins -filter REF_PIN_NAME=~C -of_objects [get_cells -hierarchical -filter { NAME =~ "*ila_core_inst/u_ila_reset_ctrl/asyncrounous_transfer.arm_out_transfer_inst/dout_reg1_reg*" }]'. [E:/7020_Project/25G/25G_PL/25G_PL.srcs/constrs_1/new/23H.xdc:1205]
WARNING: [Vivado 12-508] No pins matched 'get_pins -filter REF_PIN_NAME=~CLK -of_objects [get_cells -hierarchical -filter { NAME =~ "*ila_core_inst/u_ila_cap_ctrl/u_cap_addrgen/u_cap_sample_counter/U_SCRST/I_YESLUT6.U_SRL32*" }]'. [E:/7020_Project/25G/25G_PL/25G_PL.srcs/constrs_1/new/23H.xdc:1206]
WARNING: [Vivado 12-508] No pins matched 'get_pins -filter REF_PIN_NAME=~C -of_objects [get_cells -hierarchical -filter { NAME =~ "*ila_core_inst/COUNTER.u_count/G_COUNTER[*].U_COUNTER/counter_load_i*" }]'. [E:/7020_Project/25G/25G_PL/25G_PL.srcs/constrs_1/new/23H.xdc:1207]
WARNING: [Vivado 12-508] No pins matched 'get_pins -filter REF_PIN_NAME=~D -of_objects [get_cells -hierarchical -filter { NAME =~  "*ila_core_inst/COUNTER.u_count/G_COUNTER[*].U_COUNTER/counter_reg[*]" }]'. [E:/7020_Project/25G/25G_PL/25G_PL.srcs/constrs_1/new/23H.xdc:1207]
WARNING: [Vivado 12-508] No pins matched 'get_pins -filter REF_PIN_NAME=~C -of_objects [get_cells -hierarchical -filter { NAME =~ "*ila_core_inst/ADV_TRIG.u_adv_trig/SEQUENCER_STATE_O*" }]'. [E:/7020_Project/25G/25G_PL/25G_PL.srcs/constrs_1/new/23H.xdc:1208]
WARNING: [Vivado 12-508] No pins matched 'get_pins -filter REF_PIN_NAME=~D -of_objects [get_cells -hierarchical -filter { NAME =~  "*ila_core_inst/u_ila_regs/reg_88f/I_EN_STAT_EQ1.U_STAT/xsdb_reg*" }]'. [E:/7020_Project/25G/25G_PL/25G_PL.srcs/constrs_1/new/23H.xdc:1208]
WARNING: [Vivado 12-508] No pins matched 'get_pins -filter REF_PIN_NAME=~C -of_objects [get_cells -hierarchical -filter { NAME =~ "*ila_core_inst/ADV_TRIG.u_adv_trig/FLAG*" }]'. [E:/7020_Project/25G/25G_PL/25G_PL.srcs/constrs_1/new/23H.xdc:1209]
WARNING: [Vivado 12-508] No pins matched 'get_pins -filter REF_PIN_NAME=~D -of_objects [get_cells -hierarchical -filter { NAME =~  "*ila_core_inst/u_ila_regs/reg_892/I_EN_STAT_EQ1.U_STAT/xsdb_reg*" }]'. [E:/7020_Project/25G/25G_PL/25G_PL.srcs/constrs_1/new/23H.xdc:1209]
WARNING: [Constraints 18-619] A clock with name 'i_clk_50m' already exists, overwriting the previous clock with the same name. [E:/7020_Project/25G/25G_PL/25G_PL.srcs/constrs_1/new/23H.xdc:1303]
CRITICAL WARNING: [Vivado 12-613] Cannot find cell 'u_h_top/u_ad9226/ad_clk/inst' in current context, where current instance = '' and current design = 'preSynthElab_1' [E:/7020_Project/25G/25G_PL/25G_PL.srcs/constrs_1/new/23H.xdc:1307]
WARNING: [Constraints 18-619] A clock with name 'i_clk_50m' already exists, overwriting the previous clock with the same name. [E:/7020_Project/25G/25G_PL/25G_PL.srcs/constrs_1/new/23H.xdc:1380]
WARNING: [Vivado 12-627] No clocks matched 'clk_pll_phase_PLL_AD'. [E:/7020_Project/25G/25G_PL/25G_PL.srcs/constrs_1/new/23H.xdc:1384]
INFO: [Vivado 12-626] No clocks found. Please use 'create_clock' or 'create_generated_clock' command to create clocks. [E:/7020_Project/25G/25G_PL/25G_PL.srcs/constrs_1/new/23H.xdc:1384]
WARNING: [Vivado 12-627] No clocks matched 'clk_fpga_0'. [E:/7020_Project/25G/25G_PL/25G_PL.srcs/constrs_1/new/23H.xdc:1384]
INFO: [Vivado 12-626] No clocks found. Please use 'create_clock' or 'create_generated_clock' command to create clocks. [E:/7020_Project/25G/25G_PL/25G_PL.srcs/constrs_1/new/23H.xdc:1384]
WARNING: [Vivado 12-627] No clocks matched 'clk_fpga_0'. [E:/7020_Project/25G/25G_PL/25G_PL.srcs/constrs_1/new/23H.xdc:1385]
INFO: [Vivado 12-626] No clocks found. Please use 'create_clock' or 'create_generated_clock' command to create clocks. [E:/7020_Project/25G/25G_PL/25G_PL.srcs/constrs_1/new/23H.xdc:1385]
WARNING: [Vivado 12-627] No clocks matched 'clk_pll_phase_PLL_AD'. [E:/7020_Project/25G/25G_PL/25G_PL.srcs/constrs_1/new/23H.xdc:1385]
INFO: [Vivado 12-626] No clocks found. Please use 'create_clock' or 'create_generated_clock' command to create clocks. [E:/7020_Project/25G/25G_PL/25G_PL.srcs/constrs_1/new/23H.xdc:1385]
WARNING: [Vivado 12-508] No pins matched 'get_pins -hierarchical -filter {NAME =~ *ila_debug*/*/D}'. [E:/7020_Project/25G/25G_PL/25G_PL.srcs/constrs_1/new/23H.xdc:1430]
WARNING: [Vivado 12-508] No pins matched 'get_pins -hierarchical -filter {NAME =~ *u_ila*/*/D}'. [E:/7020_Project/25G/25G_PL/25G_PL.srcs/constrs_1/new/23H.xdc:1433]
CRITICAL WARNING: [Vivado 12-613] Cannot find cell 'u_h_top/u_ad9226/ad_clk/inst' in current context, where current instance = '' and current design = 'preSynthElab_1' [E:/7020_Project/25G/25G_PL/25G_PL.srcs/constrs_1/new/23H.xdc:1650]
CRITICAL WARNING: [Vivado 12-613] Cannot find cell 'u_system/system_i/smartconnect_0/inst/m00_exit_pipeline/m00_exit/inst/xpm_cdc_async_rst_inst' in current context, where current instance = '' and current design = 'preSynthElab_1' [E:/7020_Project/25G/25G_PL/25G_PL.srcs/constrs_1/new/23H.xdc:1665]
WARNING: [Vivado 12-4214] option '-scoped_to_current_instance' can't be used with top instance, ignoring this option. [E:/7020_Project/25G/25G_PL/25G_PL.srcs/constrs_1/new/23H.xdc:1666]
WARNING: [Vivado 12-584] No ports matched 'src_arst'. [E:/7020_Project/25G/25G_PL/25G_PL.srcs/constrs_1/new/23H.xdc:1666]
CRITICAL WARNING: [Vivado 12-613] Cannot find cell 'u_system/system_i/smartconnect_0/inst/s00_nodes/s00_aw_node/inst/s_sc_xpm_cdc_async_rst_inst' in current context, where current instance = '' and current design = 'preSynthElab_1' [E:/7020_Project/25G/25G_PL/25G_PL.srcs/constrs_1/new/23H.xdc:1670]
WARNING: [Vivado 12-4214] option '-scoped_to_current_instance' can't be used with top instance, ignoring this option. [E:/7020_Project/25G/25G_PL/25G_PL.srcs/constrs_1/new/23H.xdc:1671]
WARNING: [Vivado 12-584] No ports matched 'src_arst'. [E:/7020_Project/25G/25G_PL/25G_PL.srcs/constrs_1/new/23H.xdc:1671]
CRITICAL WARNING: [Vivado 12-613] Cannot find cell 'u_system/system_i/smartconnect_0/inst/m00_nodes/m00_w_node/inst/s_sc_xpm_cdc_async_rst_inst' in current context, where current instance = '' and current design = 'preSynthElab_1' [E:/7020_Project/25G/25G_PL/25G_PL.srcs/constrs_1/new/23H.xdc:1689]
WARNING: [Vivado 12-4214] option '-scoped_to_current_instance' can't be used with top instance, ignoring this option. [E:/7020_Project/25G/25G_PL/25G_PL.srcs/constrs_1/new/23H.xdc:1690]
WARNING: [Vivado 12-584] No ports matched 'src_arst'. [E:/7020_Project/25G/25G_PL/25G_PL.srcs/constrs_1/new/23H.xdc:1690]
CRITICAL WARNING: [Vivado 12-613] Cannot find cell 'u_system/system_i/smartconnect_0/inst/m01_exit_pipeline/m01_exit/inst/xpm_cdc_async_rst_inst' in current context, where current instance = '' and current design = 'preSynthElab_1' [E:/7020_Project/25G/25G_PL/25G_PL.srcs/constrs_1/new/23H.xdc:1696]
WARNING: [Vivado 12-4214] option '-scoped_to_current_instance' can't be used with top instance, ignoring this option. [E:/7020_Project/25G/25G_PL/25G_PL.srcs/constrs_1/new/23H.xdc:1697]
WARNING: [Vivado 12-584] No ports matched 'src_arst'. [E:/7020_Project/25G/25G_PL/25G_PL.srcs/constrs_1/new/23H.xdc:1697]
CRITICAL WARNING: [Vivado 12-613] Cannot find cell 'u_system/system_i/smartconnect_0/inst/m00_nodes/m00_b_node/inst/s_sc_xpm_cdc_async_rst_inst' in current context, where current instance = '' and current design = 'preSynthElab_1' [E:/7020_Project/25G/25G_PL/25G_PL.srcs/constrs_1/new/23H.xdc:1701]
WARNING: [Vivado 12-4214] option '-scoped_to_current_instance' can't be used with top instance, ignoring this option. [E:/7020_Project/25G/25G_PL/25G_PL.srcs/constrs_1/new/23H.xdc:1702]
WARNING: [Vivado 12-584] No ports matched 'src_arst'. [E:/7020_Project/25G/25G_PL/25G_PL.srcs/constrs_1/new/23H.xdc:1702]
CRITICAL WARNING: [Vivado 12-613] Cannot find cell 'u_system/system_i/smartconnect_0/inst/m00_nodes/m00_aw_node/inst/s_sc_xpm_cdc_async_rst_inst' in current context, where current instance = '' and current design = 'preSynthElab_1' [E:/7020_Project/25G/25G_PL/25G_PL.srcs/constrs_1/new/23H.xdc:1708]
WARNING: [Vivado 12-4214] option '-scoped_to_current_instance' can't be used with top instance, ignoring this option. [E:/7020_Project/25G/25G_PL/25G_PL.srcs/constrs_1/new/23H.xdc:1709]
WARNING: [Vivado 12-584] No ports matched 'src_arst'. [E:/7020_Project/25G/25G_PL/25G_PL.srcs/constrs_1/new/23H.xdc:1709]
CRITICAL WARNING: [Vivado 12-613] Cannot find cell 'u_system/system_i/smartconnect_0/inst/s00_entry_pipeline/s00_mmu/inst/xpm_cdc_async_rst_inst' in current context, where current instance = '' and current design = 'preSynthElab_1' [E:/7020_Project/25G/25G_PL/25G_PL.srcs/constrs_1/new/23H.xdc:1713]
WARNING: [Vivado 12-4214] option '-scoped_to_current_instance' can't be used with top instance, ignoring this option. [E:/7020_Project/25G/25G_PL/25G_PL.srcs/constrs_1/new/23H.xdc:1714]
WARNING: [Vivado 12-584] No ports matched 'src_arst'. [E:/7020_Project/25G/25G_PL/25G_PL.srcs/constrs_1/new/23H.xdc:1714]
CRITICAL WARNING: [Vivado 12-613] Cannot find cell 'u_system/system_i/smartconnect_0/inst/s00_entry_pipeline/s00_si_converter/inst/xpm_cdc_async_rst_inst' in current context, where current instance = '' and current design = 'preSynthElab_1' [E:/7020_Project/25G/25G_PL/25G_PL.srcs/constrs_1/new/23H.xdc:1720]
WARNING: [Vivado 12-4214] option '-scoped_to_current_instance' can't be used with top instance, ignoring this option. [E:/7020_Project/25G/25G_PL/25G_PL.srcs/constrs_1/new/23H.xdc:1721]
WARNING: [Vivado 12-584] No ports matched 'src_arst'. [E:/7020_Project/25G/25G_PL/25G_PL.srcs/constrs_1/new/23H.xdc:1721]
CRITICAL WARNING: [Vivado 12-613] Cannot find cell 'u_system/system_i/smartconnect_0/inst/s00_nodes/s00_w_node/inst/s_sc_xpm_cdc_async_rst_inst' in current context, where current instance = '' and current design = 'preSynthElab_1' [E:/7020_Project/25G/25G_PL/25G_PL.srcs/constrs_1/new/23H.xdc:1725]
WARNING: [Vivado 12-4214] option '-scoped_to_current_instance' can't be used with top instance, ignoring this option. [E:/7020_Project/25G/25G_PL/25G_PL.srcs/constrs_1/new/23H.xdc:1726]
WARNING: [Vivado 12-584] No ports matched 'src_arst'. [E:/7020_Project/25G/25G_PL/25G_PL.srcs/constrs_1/new/23H.xdc:1726]
CRITICAL WARNING: [Vivado 12-613] Cannot find cell 'u_system/system_i/smartconnect_0/inst/s00_nodes/s00_b_node/inst/s_sc_xpm_cdc_async_rst_inst' in current context, where current instance = '' and current design = 'preSynthElab_1' [E:/7020_Project/25G/25G_PL/25G_PL.srcs/constrs_1/new/23H.xdc:1732]
WARNING: [Vivado 12-4214] option '-scoped_to_current_instance' can't be used with top instance, ignoring this option. [E:/7020_Project/25G/25G_PL/25G_PL.srcs/constrs_1/new/23H.xdc:1733]
WARNING: [Vivado 12-584] No ports matched 'src_arst'. [E:/7020_Project/25G/25G_PL/25G_PL.srcs/constrs_1/new/23H.xdc:1733]
CRITICAL WARNING: [Vivado 12-613] Cannot find cell 'u_h_top/u_adc_fifo/my_fifo_ip/U0/inst_fifo_gen/gconvfifo.rf/grf.rf/gntv_or_sync_fifo.gcx.clkx/rd_pntr_cdc_inst' in current context, where current instance = '' and current design = 'preSynthElab_1' [E:/7020_Project/25G/25G_PL/25G_PL.srcs/constrs_1/new/23H.xdc:1748]
CRITICAL WARNING: [Vivado 12-613] Cannot find cell 'u_h_top/u_adc_fifo/my_fifo_ip/U0/inst_fifo_gen/gconvfifo.rf/grf.rf/gntv_or_sync_fifo.gcx.clkx/wr_pntr_cdc_inst' in current context, where current instance = '' and current design = 'preSynthElab_1' [E:/7020_Project/25G/25G_PL/25G_PL.srcs/constrs_1/new/23H.xdc:1761]
CRITICAL WARNING: [Vivado 12-613] Cannot find cell 'u_system/system_i/axis_data_fifo_0/inst/gen_fifo.xpm_fifo_axis_inst/xpm_fifo_base_inst/gen_cdc_pntr.rd_pntr_cdc_inst' in current context, where current instance = '' and current design = 'preSynthElab_1' [E:/7020_Project/25G/25G_PL/25G_PL.srcs/constrs_1/new/23H.xdc:1775]
CRITICAL WARNING: [Vivado 12-613] Cannot find cell 'u_system/system_i/axis_data_fifo_0/inst/gen_fifo.xpm_fifo_axis_inst/xpm_fifo_base_inst/gen_cdc_pntr.wr_pntr_cdc_inst' in current context, where current instance = '' and current design = 'preSynthElab_1' [E:/7020_Project/25G/25G_PL/25G_PL.srcs/constrs_1/new/23H.xdc:1786]
CRITICAL WARNING: [Vivado 12-613] Cannot find cell 'u_h_top/u_adc_fifo/my_fifo_ip/U0/inst_fifo_gen/gconvfifo.rf/grf.rf/rstblk/ngwrdrst.grst.g7serrst.gsckt_wrst.gic_rst.xpm_cdc_single_inst_rrst_wr' in current context, where current instance = '' and current design = 'preSynthElab_1' [E:/7020_Project/25G/25G_PL/25G_PL.srcs/constrs_1/new/23H.xdc:1814]
CRITICAL WARNING: [Vivado 12-613] Cannot find cell 'u_h_top/u_adc_fifo/my_fifo_ip/U0/inst_fifo_gen/gconvfifo.rf/grf.rf/rstblk/ngwrdrst.grst.g7serrst.gsckt_wrst.gic_rst.xpm_cdc_single_inst_wrst_rd' in current context, where current instance = '' and current design = 'preSynthElab_1' [E:/7020_Project/25G/25G_PL/25G_PL.srcs/constrs_1/new/23H.xdc:1821]
CRITICAL WARNING: [Vivado 12-613] Cannot find cell 'u_h_top/u_adc_fifo/my_fifo_ip/U0/inst_fifo_gen/gconvfifo.rf/grf.rf/rstblk/ngwrdrst.grst.g7serrst.gsckt_wrst.gic_rst.xpm_cdc_sync_rst_inst_wrst' in current context, where current instance = '' and current design = 'preSynthElab_1' [E:/7020_Project/25G/25G_PL/25G_PL.srcs/constrs_1/new/23H.xdc:1832]
CRITICAL WARNING: [Vivado 12-613] Cannot find cell 'u_h_top/u_adc_fifo/my_fifo_ip/U0/inst_fifo_gen/gconvfifo.rf/grf.rf/rstblk/ngwrdrst.grst.g7serrst.gsckt_wrst.xpm_cdc_sync_rst_inst_wrst' in current context, where current instance = '' and current design = 'preSynthElab_1' [E:/7020_Project/25G/25G_PL/25G_PL.srcs/constrs_1/new/23H.xdc:1838]
CRITICAL WARNING: [Vivado 12-613] Cannot find cell 'u_system/system_i/axis_data_fifo_0/inst/gen_fifo.xpm_fifo_axis_inst/xpm_fifo_base_inst/xpm_fifo_rst_inst/gen_rst_ic.rrst_wr_inst' in current context, where current instance = '' and current design = 'preSynthElab_1' [E:/7020_Project/25G/25G_PL/25G_PL.srcs/constrs_1/new/23H.xdc:1844]
CRITICAL WARNING: [Vivado 12-613] Cannot find cell 'u_system/system_i/axis_data_fifo_0/inst/gen_fifo.xpm_fifo_axis_inst/gaxis_rst_sync.xpm_cdc_sync_rst_inst' in current context, where current instance = '' and current design = 'preSynthElab_1' [E:/7020_Project/25G/25G_PL/25G_PL.srcs/constrs_1/new/23H.xdc:1850]
CRITICAL WARNING: [Vivado 12-613] Cannot find cell 'u_system/system_i/axis_data_fifo_0/inst/gen_fifo.xpm_fifo_axis_inst/xpm_fifo_base_inst/xpm_fifo_rst_inst/gen_rst_ic.wrst_rd_inst' in current context, where current instance = '' and current design = 'preSynthElab_1' [E:/7020_Project/25G/25G_PL/25G_PL.srcs/constrs_1/new/23H.xdc:1856]
CRITICAL WARNING: [Vivado 12-613] Cannot find cell 'dbg_hub/inst' in current context, where current instance = '' and current design = 'preSynthElab_1' [E:/7020_Project/25G/25G_PL/25G_PL.srcs/constrs_1/new/23H.xdc:1932]
WARNING: [Vivado 12-508] No pins matched 'get_pins -filter REF_PIN_NAME=~TCK -of_objects [get_cells -hierarchical -filter {NAME =~ "*BSCANID.u_xsdbm_id/SWITCH_N_EXT_BSCAN.bscan_inst/SERIES7_BSCAN.bscan_inst*"}]'. [E:/7020_Project/25G/25G_PL/25G_PL.srcs/constrs_1/new/23H.xdc:1933]
WARNING: [Vivado 12-508] No pins matched 'dbg_hub/inst/BSCANID.u_xsdbm_id/CORE_XSDB.UUT_MASTER/U_ICON_INTERFACE/U_CMD6_RD/U_RD_FIFO/SUBCORE_FIFO.xsdbm_v3_0_0_rdfifo_inst/inst_fifo_gen/gconvfifo.rf/grf.rf/gntv_or_sync_fifo.gcx.clkx/gnxpm_cdc.rd_pntr_bin_reg[0]/C'. [E:/7020_Project/25G/25G_PL/25G_PL.srcs/constrs_1/new/23H.xdc:1952]
WARNING: [Vivado 12-508] No pins matched 'dbg_hub/inst/BSCANID.u_xsdbm_id/CORE_XSDB.UUT_MASTER/U_ICON_INTERFACE/U_CMD6_RD/U_RD_FIFO/SUBCORE_FIFO.xsdbm_v3_0_0_rdfifo_inst/inst_fifo_gen/gconvfifo.rf/grf.rf/gntv_or_sync_fifo.gcx.clkx/gnxpm_cdc.rd_pntr_bin_reg[1]/C'. [E:/7020_Project/25G/25G_PL/25G_PL.srcs/constrs_1/new/23H.xdc:1952]
WARNING: [Vivado 12-508] No pins matched 'dbg_hub/inst/BSCANID.u_xsdbm_id/CORE_XSDB.UUT_MASTER/U_ICON_INTERFACE/U_CMD6_RD/U_RD_FIFO/SUBCORE_FIFO.xsdbm_v3_0_0_rdfifo_inst/inst_fifo_gen/gconvfifo.rf/grf.rf/gntv_or_sync_fifo.gcx.clkx/gnxpm_cdc.rd_pntr_bin_reg[2]/C'. [E:/7020_Project/25G/25G_PL/25G_PL.srcs/constrs_1/new/23H.xdc:1952]
WARNING: [Vivado 12-508] No pins matched 'dbg_hub/inst/BSCANID.u_xsdbm_id/CORE_XSDB.UUT_MASTER/U_ICON_INTERFACE/U_CMD6_RD/U_RD_FIFO/SUBCORE_FIFO.xsdbm_v3_0_0_rdfifo_inst/inst_fifo_gen/gconvfifo.rf/grf.rf/gntv_or_sync_fifo.gcx.clkx/gnxpm_cdc.rd_pntr_bin_reg[3]/C'. [E:/7020_Project/25G/25G_PL/25G_PL.srcs/constrs_1/new/23H.xdc:1952]
WARNING: [Vivado 12-508] No pins matched 'dbg_hub/inst/BSCANID.u_xsdbm_id/CORE_XSDB.UUT_MASTER/U_ICON_INTERFACE/U_CMD6_RD/U_RD_FIFO/SUBCORE_FIFO.xsdbm_v3_0_0_rdfifo_inst/inst_fifo_gen/gconvfifo.rf/grf.rf/gntv_or_sync_fifo.gcx.clkx/gnxpm_cdc.wr_pntr_gc_reg[0]/C'. [E:/7020_Project/25G/25G_PL/25G_PL.srcs/constrs_1/new/23H.xdc:1952]
WARNING: [Vivado 12-508] No pins matched 'dbg_hub/inst/BSCANID.u_xsdbm_id/CORE_XSDB.UUT_MASTER/U_ICON_INTERFACE/U_CMD6_RD/U_RD_FIFO/SUBCORE_FIFO.xsdbm_v3_0_0_rdfifo_inst/inst_fifo_gen/gconvfifo.rf/grf.rf/gntv_or_sync_fifo.gcx.clkx/gnxpm_cdc.wr_pntr_gc_reg[1]/C'. [E:/7020_Project/25G/25G_PL/25G_PL.srcs/constrs_1/new/23H.xdc:1952]
WARNING: [Vivado 12-508] No pins matched 'dbg_hub/inst/BSCANID.u_xsdbm_id/CORE_XSDB.UUT_MASTER/U_ICON_INTERFACE/U_CMD6_RD/U_RD_FIFO/SUBCORE_FIFO.xsdbm_v3_0_0_rdfifo_inst/inst_fifo_gen/gconvfifo.rf/grf.rf/gntv_or_sync_fifo.gcx.clkx/gnxpm_cdc.wr_pntr_gc_reg[2]/C'. [E:/7020_Project/25G/25G_PL/25G_PL.srcs/constrs_1/new/23H.xdc:1952]
WARNING: [Vivado 12-508] No pins matched 'dbg_hub/inst/BSCANID.u_xsdbm_id/CORE_XSDB.UUT_MASTER/U_ICON_INTERFACE/U_CMD6_RD/U_RD_FIFO/SUBCORE_FIFO.xsdbm_v3_0_0_rdfifo_inst/inst_fifo_gen/gconvfifo.rf/grf.rf/gntv_or_sync_fifo.gcx.clkx/gnxpm_cdc.wr_pntr_gc_reg[3]/C'. [E:/7020_Project/25G/25G_PL/25G_PL.srcs/constrs_1/new/23H.xdc:1952]
WARNING: [Vivado 12-508] No pins matched 'dbg_hub/inst/BSCANID.u_xsdbm_id/CORE_XSDB.UUT_MASTER/U_ICON_INTERFACE/U_CMD6_RD/U_RD_FIFO/SUBCORE_FIFO.xsdbm_v3_0_0_rdfifo_inst/inst_fifo_gen/gconvfifo.rf/grf.rf/gntv_or_sync_fifo.gcx.clkx/gnxpm_cdc.gsync_stage[1].wr_stg_inst/Q_reg_reg[0]/C'. [E:/7020_Project/25G/25G_PL/25G_PL.srcs/constrs_1/new/23H.xdc:1952]
WARNING: [Vivado 12-508] No pins matched 'dbg_hub/inst/BSCANID.u_xsdbm_id/CORE_XSDB.UUT_MASTER/U_ICON_INTERFACE/U_CMD6_RD/U_RD_FIFO/SUBCORE_FIFO.xsdbm_v3_0_0_rdfifo_inst/inst_fifo_gen/gconvfifo.rf/grf.rf/gntv_or_sync_fifo.gcx.clkx/gnxpm_cdc.gsync_stage[1].wr_stg_inst/Q_reg_reg[1]/C'. [E:/7020_Project/25G/25G_PL/25G_PL.srcs/constrs_1/new/23H.xdc:1952]
WARNING: [Vivado 12-508] No pins matched 'dbg_hub/inst/BSCANID.u_xsdbm_id/CORE_XSDB.UUT_MASTER/U_ICON_INTERFACE/U_CMD6_RD/U_RD_FIFO/SUBCORE_FIFO.xsdbm_v3_0_0_rdfifo_inst/inst_fifo_gen/gconvfifo.rf/grf.rf/gntv_or_sync_fifo.gcx.clkx/gnxpm_cdc.gsync_stage[1].wr_stg_inst/Q_reg_reg[2]/C'. [E:/7020_Project/25G/25G_PL/25G_PL.srcs/constrs_1/new/23H.xdc:1952]
WARNING: [Vivado 12-508] No pins matched 'dbg_hub/inst/BSCANID.u_xsdbm_id/CORE_XSDB.UUT_MASTER/U_ICON_INTERFACE/U_CMD6_RD/U_RD_FIFO/SUBCORE_FIFO.xsdbm_v3_0_0_rdfifo_inst/inst_fifo_gen/gconvfifo.rf/grf.rf/gntv_or_sync_fifo.gcx.clkx/gnxpm_cdc.gsync_stage[1].wr_stg_inst/Q_reg_reg[3]/C'. [E:/7020_Project/25G/25G_PL/25G_PL.srcs/constrs_1/new/23H.xdc:1952]
WARNING: [Vivado 12-508] No pins matched 'dbg_hub/inst/BSCANID.u_xsdbm_id/CORE_XSDB.UUT_MASTER/U_ICON_INTERFACE/U_CMD6_RD/U_RD_FIFO/SUBCORE_FIFO.xsdbm_v3_0_0_rdfifo_inst/inst_fifo_gen/gconvfifo.rf/grf.rf/gntv_or_sync_fifo.gcx.clkx/gnxpm_cdc.gsync_stage[2].wr_stg_inst/Q_reg_reg[0]/C'. [E:/7020_Project/25G/25G_PL/25G_PL.srcs/constrs_1/new/23H.xdc:1952]
WARNING: [Vivado 12-508] No pins matched 'dbg_hub/inst/BSCANID.u_xsdbm_id/CORE_XSDB.UUT_MASTER/U_ICON_INTERFACE/U_CMD6_RD/U_RD_FIFO/SUBCORE_FIFO.xsdbm_v3_0_0_rdfifo_inst/inst_fifo_gen/gconvfifo.rf/grf.rf/gntv_or_sync_fifo.gcx.clkx/gnxpm_cdc.gsync_stage[2].wr_stg_inst/Q_reg_reg[1]/C'. [E:/7020_Project/25G/25G_PL/25G_PL.srcs/constrs_1/new/23H.xdc:1952]
WARNING: [Vivado 12-508] No pins matched 'dbg_hub/inst/BSCANID.u_xsdbm_id/CORE_XSDB.UUT_MASTER/U_ICON_INTERFACE/U_CMD6_RD/U_RD_FIFO/SUBCORE_FIFO.xsdbm_v3_0_0_rdfifo_inst/inst_fifo_gen/gconvfifo.rf/grf.rf/gntv_or_sync_fifo.gcx.clkx/gnxpm_cdc.gsync_stage[2].wr_stg_inst/Q_reg_reg[2]/C'. [E:/7020_Project/25G/25G_PL/25G_PL.srcs/constrs_1/new/23H.xdc:1952]
WARNING: [Vivado 12-508] No pins matched 'dbg_hub/inst/BSCANID.u_xsdbm_id/CORE_XSDB.UUT_MASTER/U_ICON_INTERFACE/U_CMD6_RD/U_RD_FIFO/SUBCORE_FIFO.xsdbm_v3_0_0_rdfifo_inst/inst_fifo_gen/gconvfifo.rf/grf.rf/gntv_or_sync_fifo.gcx.clkx/gnxpm_cdc.gsync_stage[2].wr_stg_inst/Q_reg_reg[3]/C'. [E:/7020_Project/25G/25G_PL/25G_PL.srcs/constrs_1/new/23H.xdc:1952]
WARNING: [Vivado 12-508] No pins matched 'dbg_hub/inst/BSCANID.u_xsdbm_id/CORE_XSDB.UUT_MASTER/U_ICON_INTERFACE/U_CMD6_RD/U_RD_FIFO/SUBCORE_FIFO.xsdbm_v3_0_0_rdfifo_inst/inst_fifo_gen/gconvfifo.rf/grf.rf/gntv_or_sync_fifo.gl0.wr/gwas.wsts/ram_full_fb_i_reg/C'. [E:/7020_Project/25G/25G_PL/25G_PL.srcs/constrs_1/new/23H.xdc:1952]
WARNING: [Vivado 12-508] No pins matched 'dbg_hub/inst/BSCANID.u_xsdbm_id/CORE_XSDB.UUT_MASTER/U_ICON_INTERFACE/U_CMD6_RD/U_RD_FIFO/SUBCORE_FIFO.xsdbm_v3_0_0_rdfifo_inst/inst_fifo_gen/gconvfifo.rf/grf.rf/gntv_or_sync_fifo.gl0.wr/gwas.wsts/ram_full_i_reg/C'. [E:/7020_Project/25G/25G_PL/25G_PL.srcs/constrs_1/new/23H.xdc:1952]
WARNING: [Vivado 12-508] No pins matched 'dbg_hub/inst/BSCANID.u_xsdbm_id/CORE_XSDB.UUT_MASTER/U_ICON_INTERFACE/U_CMD6_RD/U_RD_FIFO/SUBCORE_FIFO.xsdbm_v3_0_0_rdfifo_inst/inst_fifo_gen/gconvfifo.rf/grf.rf/gntv_or_sync_fifo.gl0.wr/gwhf.whf/gof.gof1.overflow_i_reg/C'. [E:/7020_Project/25G/25G_PL/25G_PL.srcs/constrs_1/new/23H.xdc:1952]
WARNING: [Vivado 12-508] No pins matched 'dbg_hub/inst/BSCANID.u_xsdbm_id/CORE_XSDB.UUT_MASTER/U_ICON_INTERFACE/U_CMD6_RD/U_RD_FIFO/SUBCORE_FIFO.xsdbm_v3_0_0_rdfifo_inst/inst_fifo_gen/gconvfifo.rf/grf.rf/gntv_or_sync_fifo.gl0.wr/wpntr/gic0.gc0.count_d1_reg[0]/C'. [E:/7020_Project/25G/25G_PL/25G_PL.srcs/constrs_1/new/23H.xdc:1952]
WARNING: [Vivado 12-508] No pins matched 'dbg_hub/inst/BSCANID.u_xsdbm_id/CORE_XSDB.UUT_MASTER/U_ICON_INTERFACE/U_CMD6_RD/U_RD_FIFO/SUBCORE_FIFO.xsdbm_v3_0_0_rdfifo_inst/inst_fifo_gen/gconvfifo.rf/grf.rf/gntv_or_sync_fifo.gl0.wr/wpntr/gic0.gc0.count_d1_reg[1]/C'. [E:/7020_Project/25G/25G_PL/25G_PL.srcs/constrs_1/new/23H.xdc:1952]
WARNING: [Vivado 12-508] No pins matched 'dbg_hub/inst/BSCANID.u_xsdbm_id/CORE_XSDB.UUT_MASTER/U_ICON_INTERFACE/U_CMD6_RD/U_RD_FIFO/SUBCORE_FIFO.xsdbm_v3_0_0_rdfifo_inst/inst_fifo_gen/gconvfifo.rf/grf.rf/gntv_or_sync_fifo.gl0.wr/wpntr/gic0.gc0.count_d1_reg[2]/C'. [E:/7020_Project/25G/25G_PL/25G_PL.srcs/constrs_1/new/23H.xdc:1952]
WARNING: [Vivado 12-508] No pins matched 'dbg_hub/inst/BSCANID.u_xsdbm_id/CORE_XSDB.UUT_MASTER/U_ICON_INTERFACE/U_CMD6_RD/U_RD_FIFO/SUBCORE_FIFO.xsdbm_v3_0_0_rdfifo_inst/inst_fifo_gen/gconvfifo.rf/grf.rf/gntv_or_sync_fifo.gl0.wr/wpntr/gic0.gc0.count_d1_reg[3]/C'. [E:/7020_Project/25G/25G_PL/25G_PL.srcs/constrs_1/new/23H.xdc:1952]
WARNING: [Vivado 12-508] No pins matched 'dbg_hub/inst/BSCANID.u_xsdbm_id/CORE_XSDB.UUT_MASTER/U_ICON_INTERFACE/U_CMD6_RD/U_RD_FIFO/SUBCORE_FIFO.xsdbm_v3_0_0_rdfifo_inst/inst_fifo_gen/gconvfifo.rf/grf.rf/gntv_or_sync_fifo.gl0.wr/wpntr/gic0.gc0.count_d2_reg[0]/C'. [E:/7020_Project/25G/25G_PL/25G_PL.srcs/constrs_1/new/23H.xdc:1952]
WARNING: [Vivado 12-508] No pins matched 'dbg_hub/inst/BSCANID.u_xsdbm_id/CORE_XSDB.UUT_MASTER/U_ICON_INTERFACE/U_CMD6_RD/U_RD_FIFO/SUBCORE_FIFO.xsdbm_v3_0_0_rdfifo_inst/inst_fifo_gen/gconvfifo.rf/grf.rf/gntv_or_sync_fifo.gl0.wr/wpntr/gic0.gc0.count_d2_reg[1]/C'. [E:/7020_Project/25G/25G_PL/25G_PL.srcs/constrs_1/new/23H.xdc:1952]
WARNING: [Vivado 12-508] No pins matched 'dbg_hub/inst/BSCANID.u_xsdbm_id/CORE_XSDB.UUT_MASTER/U_ICON_INTERFACE/U_CMD6_RD/U_RD_FIFO/SUBCORE_FIFO.xsdbm_v3_0_0_rdfifo_inst/inst_fifo_gen/gconvfifo.rf/grf.rf/gntv_or_sync_fifo.gl0.wr/wpntr/gic0.gc0.count_d2_reg[2]/C'. [E:/7020_Project/25G/25G_PL/25G_PL.srcs/constrs_1/new/23H.xdc:1952]
WARNING: [Vivado 12-508] No pins matched 'dbg_hub/inst/BSCANID.u_xsdbm_id/CORE_XSDB.UUT_MASTER/U_ICON_INTERFACE/U_CMD6_RD/U_RD_FIFO/SUBCORE_FIFO.xsdbm_v3_0_0_rdfifo_inst/inst_fifo_gen/gconvfifo.rf/grf.rf/gntv_or_sync_fifo.gl0.wr/wpntr/gic0.gc0.count_d2_reg[3]/C'. [E:/7020_Project/25G/25G_PL/25G_PL.srcs/constrs_1/new/23H.xdc:1952]
WARNING: [Vivado 12-508] No pins matched 'dbg_hub/inst/BSCANID.u_xsdbm_id/CORE_XSDB.UUT_MASTER/U_ICON_INTERFACE/U_CMD6_RD/U_RD_FIFO/SUBCORE_FIFO.xsdbm_v3_0_0_rdfifo_inst/inst_fifo_gen/gconvfifo.rf/grf.rf/gntv_or_sync_fifo.gl0.wr/wpntr/gic0.gc0.count_reg[0]/C'. [E:/7020_Project/25G/25G_PL/25G_PL.srcs/constrs_1/new/23H.xdc:1952]
WARNING: [Vivado 12-508] No pins matched 'dbg_hub/inst/BSCANID.u_xsdbm_id/CORE_XSDB.UUT_MASTER/U_ICON_INTERFACE/U_CMD6_RD/U_RD_FIFO/SUBCORE_FIFO.xsdbm_v3_0_0_rdfifo_inst/inst_fifo_gen/gconvfifo.rf/grf.rf/gntv_or_sync_fifo.gl0.wr/wpntr/gic0.gc0.count_reg[1]/C'. [E:/7020_Project/25G/25G_PL/25G_PL.srcs/constrs_1/new/23H.xdc:1952]
WARNING: [Vivado 12-508] No pins matched 'dbg_hub/inst/BSCANID.u_xsdbm_id/CORE_XSDB.UUT_MASTER/U_ICON_INTERFACE/U_CMD6_RD/U_RD_FIFO/SUBCORE_FIFO.xsdbm_v3_0_0_rdfifo_inst/inst_fifo_gen/gconvfifo.rf/grf.rf/gntv_or_sync_fifo.gl0.wr/wpntr/gic0.gc0.count_reg[2]/C'. [E:/7020_Project/25G/25G_PL/25G_PL.srcs/constrs_1/new/23H.xdc:1952]
WARNING: [Vivado 12-508] No pins matched 'dbg_hub/inst/BSCANID.u_xsdbm_id/CORE_XSDB.UUT_MASTER/U_ICON_INTERFACE/U_CMD6_RD/U_RD_FIFO/SUBCORE_FIFO.xsdbm_v3_0_0_rdfifo_inst/inst_fifo_gen/gconvfifo.rf/grf.rf/gntv_or_sync_fifo.gl0.wr/wpntr/gic0.gc0.count_reg[3]/C'. [E:/7020_Project/25G/25G_PL/25G_PL.srcs/constrs_1/new/23H.xdc:1952]
WARNING: [Vivado 12-508] No pins matched 'dbg_hub/inst/BSCANID.u_xsdbm_id/CORE_XSDB.UUT_MASTER/U_ICON_INTERFACE/U_CMD6_RD/U_RD_FIFO/SUBCORE_FIFO.xsdbm_v3_0_0_rdfifo_inst/inst_fifo_gen/gconvfifo.rf/grf.rf/gntv_or_sync_fifo.mem/gdm.dm_gen.dm/RAM_reg_0_15_0_5/RAMA/CLK'. [E:/7020_Project/25G/25G_PL/25G_PL.srcs/constrs_1/new/23H.xdc:1952]
WARNING: [Vivado 12-508] No pins matched 'dbg_hub/inst/BSCANID.u_xsdbm_id/CORE_XSDB.UUT_MASTER/U_ICON_INTERFACE/U_CMD6_RD/U_RD_FIFO/SUBCORE_FIFO.xsdbm_v3_0_0_rdfifo_inst/inst_fifo_gen/gconvfifo.rf/grf.rf/gntv_or_sync_fifo.mem/gdm.dm_gen.dm/RAM_reg_0_15_0_5/RAMA_D1/CLK'. [E:/7020_Project/25G/25G_PL/25G_PL.srcs/constrs_1/new/23H.xdc:1952]
WARNING: [Vivado 12-508] No pins matched 'dbg_hub/inst/BSCANID.u_xsdbm_id/CORE_XSDB.UUT_MASTER/U_ICON_INTERFACE/U_CMD6_RD/U_RD_FIFO/SUBCORE_FIFO.xsdbm_v3_0_0_rdfifo_inst/inst_fifo_gen/gconvfifo.rf/grf.rf/gntv_or_sync_fifo.mem/gdm.dm_gen.dm/RAM_reg_0_15_0_5/RAMB/CLK'. [E:/7020_Project/25G/25G_PL/25G_PL.srcs/constrs_1/new/23H.xdc:1952]
WARNING: [Vivado 12-508] No pins matched 'dbg_hub/inst/BSCANID.u_xsdbm_id/CORE_XSDB.UUT_MASTER/U_ICON_INTERFACE/U_CMD6_RD/U_RD_FIFO/SUBCORE_FIFO.xsdbm_v3_0_0_rdfifo_inst/inst_fifo_gen/gconvfifo.rf/grf.rf/gntv_or_sync_fifo.mem/gdm.dm_gen.dm/RAM_reg_0_15_0_5/RAMB_D1/CLK'. [E:/7020_Project/25G/25G_PL/25G_PL.srcs/constrs_1/new/23H.xdc:1952]
WARNING: [Vivado 12-508] No pins matched 'dbg_hub/inst/BSCANID.u_xsdbm_id/CORE_XSDB.UUT_MASTER/U_ICON_INTERFACE/U_CMD6_RD/U_RD_FIFO/SUBCORE_FIFO.xsdbm_v3_0_0_rdfifo_inst/inst_fifo_gen/gconvfifo.rf/grf.rf/gntv_or_sync_fifo.mem/gdm.dm_gen.dm/RAM_reg_0_15_0_5/RAMC/CLK'. [E:/7020_Project/25G/25G_PL/25G_PL.srcs/constrs_1/new/23H.xdc:1952]
WARNING: [Vivado 12-508] No pins matched 'dbg_hub/inst/BSCANID.u_xsdbm_id/CORE_XSDB.UUT_MASTER/U_ICON_INTERFACE/U_CMD6_RD/U_RD_FIFO/SUBCORE_FIFO.xsdbm_v3_0_0_rdfifo_inst/inst_fifo_gen/gconvfifo.rf/grf.rf/gntv_or_sync_fifo.mem/gdm.dm_gen.dm/RAM_reg_0_15_0_5/RAMC_D1/CLK'. [E:/7020_Project/25G/25G_PL/25G_PL.srcs/constrs_1/new/23H.xdc:1952]
WARNING: [Vivado 12-508] No pins matched 'dbg_hub/inst/BSCANID.u_xsdbm_id/CORE_XSDB.UUT_MASTER/U_ICON_INTERFACE/U_CMD6_RD/U_RD_FIFO/SUBCORE_FIFO.xsdbm_v3_0_0_rdfifo_inst/inst_fifo_gen/gconvfifo.rf/grf.rf/gntv_or_sync_fifo.mem/gdm.dm_gen.dm/RAM_reg_0_15_0_5/RAMD/CLK'. [E:/7020_Project/25G/25G_PL/25G_PL.srcs/constrs_1/new/23H.xdc:1952]
WARNING: [Vivado 12-508] No pins matched 'dbg_hub/inst/BSCANID.u_xsdbm_id/CORE_XSDB.UUT_MASTER/U_ICON_INTERFACE/U_CMD6_RD/U_RD_FIFO/SUBCORE_FIFO.xsdbm_v3_0_0_rdfifo_inst/inst_fifo_gen/gconvfifo.rf/grf.rf/gntv_or_sync_fifo.mem/gdm.dm_gen.dm/RAM_reg_0_15_0_5/RAMD_D1/CLK'. [E:/7020_Project/25G/25G_PL/25G_PL.srcs/constrs_1/new/23H.xdc:1952]
WARNING: [Vivado 12-508] No pins matched 'dbg_hub/inst/BSCANID.u_xsdbm_id/CORE_XSDB.UUT_MASTER/U_ICON_INTERFACE/U_CMD6_RD/U_RD_FIFO/SUBCORE_FIFO.xsdbm_v3_0_0_rdfifo_inst/inst_fifo_gen/gconvfifo.rf/grf.rf/gntv_or_sync_fifo.mem/gdm.dm_gen.dm/RAM_reg_0_15_12_15/RAMA/CLK'. [E:/7020_Project/25G/25G_PL/25G_PL.srcs/constrs_1/new/23H.xdc:1952]
WARNING: [Vivado 12-508] No pins matched 'dbg_hub/inst/BSCANID.u_xsdbm_id/CORE_XSDB.UUT_MASTER/U_ICON_INTERFACE/U_CMD6_RD/U_RD_FIFO/SUBCORE_FIFO.xsdbm_v3_0_0_rdfifo_inst/inst_fifo_gen/gconvfifo.rf/grf.rf/gntv_or_sync_fifo.mem/gdm.dm_gen.dm/RAM_reg_0_15_12_15/RAMA_D1/CLK'. [E:/7020_Project/25G/25G_PL/25G_PL.srcs/constrs_1/new/23H.xdc:1952]
WARNING: [Vivado 12-508] No pins matched 'dbg_hub/inst/BSCANID.u_xsdbm_id/CORE_XSDB.UUT_MASTER/U_ICON_INTERFACE/U_CMD6_RD/U_RD_FIFO/SUBCORE_FIFO.xsdbm_v3_0_0_rdfifo_inst/inst_fifo_gen/gconvfifo.rf/grf.rf/gntv_or_sync_fifo.mem/gdm.dm_gen.dm/RAM_reg_0_15_12_15/RAMB/CLK'. [E:/7020_Project/25G/25G_PL/25G_PL.srcs/constrs_1/new/23H.xdc:1952]
WARNING: [Vivado 12-508] No pins matched 'dbg_hub/inst/BSCANID.u_xsdbm_id/CORE_XSDB.UUT_MASTER/U_ICON_INTERFACE/U_CMD6_RD/U_RD_FIFO/SUBCORE_FIFO.xsdbm_v3_0_0_rdfifo_inst/inst_fifo_gen/gconvfifo.rf/grf.rf/gntv_or_sync_fifo.mem/gdm.dm_gen.dm/RAM_reg_0_15_12_15/RAMB_D1/CLK'. [E:/7020_Project/25G/25G_PL/25G_PL.srcs/constrs_1/new/23H.xdc:1952]
WARNING: [Vivado 12-508] No pins matched 'dbg_hub/inst/BSCANID.u_xsdbm_id/CORE_XSDB.UUT_MASTER/U_ICON_INTERFACE/U_CMD6_RD/U_RD_FIFO/SUBCORE_FIFO.xsdbm_v3_0_0_rdfifo_inst/inst_fifo_gen/gconvfifo.rf/grf.rf/gntv_or_sync_fifo.mem/gdm.dm_gen.dm/RAM_reg_0_15_12_15/RAMC/CLK'. [E:/7020_Project/25G/25G_PL/25G_PL.srcs/constrs_1/new/23H.xdc:1952]
WARNING: [Vivado 12-508] No pins matched 'dbg_hub/inst/BSCANID.u_xsdbm_id/CORE_XSDB.UUT_MASTER/U_ICON_INTERFACE/U_CMD6_RD/U_RD_FIFO/SUBCORE_FIFO.xsdbm_v3_0_0_rdfifo_inst/inst_fifo_gen/gconvfifo.rf/grf.rf/gntv_or_sync_fifo.mem/gdm.dm_gen.dm/RAM_reg_0_15_12_15/RAMC_D1/CLK'. [E:/7020_Project/25G/25G_PL/25G_PL.srcs/constrs_1/new/23H.xdc:1952]
WARNING: [Vivado 12-508] No pins matched 'dbg_hub/inst/BSCANID.u_xsdbm_id/CORE_XSDB.UUT_MASTER/U_ICON_INTERFACE/U_CMD6_RD/U_RD_FIFO/SUBCORE_FIFO.xsdbm_v3_0_0_rdfifo_inst/inst_fifo_gen/gconvfifo.rf/grf.rf/gntv_or_sync_fifo.mem/gdm.dm_gen.dm/RAM_reg_0_15_12_15/RAMD/CLK'. [E:/7020_Project/25G/25G_PL/25G_PL.srcs/constrs_1/new/23H.xdc:1952]
WARNING: [Vivado 12-508] No pins matched 'dbg_hub/inst/BSCANID.u_xsdbm_id/CORE_XSDB.UUT_MASTER/U_ICON_INTERFACE/U_CMD6_RD/U_RD_FIFO/SUBCORE_FIFO.xsdbm_v3_0_0_rdfifo_inst/inst_fifo_gen/gconvfifo.rf/grf.rf/gntv_or_sync_fifo.mem/gdm.dm_gen.dm/RAM_reg_0_15_12_15/RAMD_D1/CLK'. [E:/7020_Project/25G/25G_PL/25G_PL.srcs/constrs_1/new/23H.xdc:1952]
WARNING: [Vivado 12-508] No pins matched 'dbg_hub/inst/BSCANID.u_xsdbm_id/CORE_XSDB.UUT_MASTER/U_ICON_INTERFACE/U_CMD6_RD/U_RD_FIFO/SUBCORE_FIFO.xsdbm_v3_0_0_rdfifo_inst/inst_fifo_gen/gconvfifo.rf/grf.rf/gntv_or_sync_fifo.mem/gdm.dm_gen.dm/RAM_reg_0_15_6_11/RAMA/CLK'. [E:/7020_Project/25G/25G_PL/25G_PL.srcs/constrs_1/new/23H.xdc:1952]
WARNING: [Vivado 12-508] No pins matched 'dbg_hub/inst/BSCANID.u_xsdbm_id/CORE_XSDB.UUT_MASTER/U_ICON_INTERFACE/U_CMD6_RD/U_RD_FIFO/SUBCORE_FIFO.xsdbm_v3_0_0_rdfifo_inst/inst_fifo_gen/gconvfifo.rf/grf.rf/gntv_or_sync_fifo.mem/gdm.dm_gen.dm/RAM_reg_0_15_6_11/RAMA_D1/CLK'. [E:/7020_Project/25G/25G_PL/25G_PL.srcs/constrs_1/new/23H.xdc:1952]
WARNING: [Vivado 12-508] No pins matched 'dbg_hub/inst/BSCANID.u_xsdbm_id/CORE_XSDB.UUT_MASTER/U_ICON_INTERFACE/U_CMD6_RD/U_RD_FIFO/SUBCORE_FIFO.xsdbm_v3_0_0_rdfifo_inst/inst_fifo_gen/gconvfifo.rf/grf.rf/gntv_or_sync_fifo.mem/gdm.dm_gen.dm/RAM_reg_0_15_6_11/RAMB/CLK'. [E:/7020_Project/25G/25G_PL/25G_PL.srcs/constrs_1/new/23H.xdc:1952]
WARNING: [Vivado 12-508] No pins matched 'dbg_hub/inst/BSCANID.u_xsdbm_id/CORE_XSDB.UUT_MASTER/U_ICON_INTERFACE/U_CMD6_RD/U_RD_FIFO/SUBCORE_FIFO.xsdbm_v3_0_0_rdfifo_inst/inst_fifo_gen/gconvfifo.rf/grf.rf/gntv_or_sync_fifo.mem/gdm.dm_gen.dm/RAM_reg_0_15_6_11/RAMB_D1/CLK'. [E:/7020_Project/25G/25G_PL/25G_PL.srcs/constrs_1/new/23H.xdc:1952]
WARNING: [Vivado 12-508] No pins matched 'dbg_hub/inst/BSCANID.u_xsdbm_id/CORE_XSDB.UUT_MASTER/U_ICON_INTERFACE/U_CMD6_RD/U_RD_FIFO/SUBCORE_FIFO.xsdbm_v3_0_0_rdfifo_inst/inst_fifo_gen/gconvfifo.rf/grf.rf/gntv_or_sync_fifo.mem/gdm.dm_gen.dm/RAM_reg_0_15_6_11/RAMC/CLK'. [E:/7020_Project/25G/25G_PL/25G_PL.srcs/constrs_1/new/23H.xdc:1952]
WARNING: [Vivado 12-508] No pins matched 'dbg_hub/inst/BSCANID.u_xsdbm_id/CORE_XSDB.UUT_MASTER/U_ICON_INTERFACE/U_CMD6_RD/U_RD_FIFO/SUBCORE_FIFO.xsdbm_v3_0_0_rdfifo_inst/inst_fifo_gen/gconvfifo.rf/grf.rf/gntv_or_sync_fifo.mem/gdm.dm_gen.dm/RAM_reg_0_15_6_11/RAMC_D1/CLK'. [E:/7020_Project/25G/25G_PL/25G_PL.srcs/constrs_1/new/23H.xdc:1952]
WARNING: [Vivado 12-508] No pins matched 'dbg_hub/inst/BSCANID.u_xsdbm_id/CORE_XSDB.UUT_MASTER/U_ICON_INTERFACE/U_CMD6_RD/U_RD_FIFO/SUBCORE_FIFO.xsdbm_v3_0_0_rdfifo_inst/inst_fifo_gen/gconvfifo.rf/grf.rf/gntv_or_sync_fifo.mem/gdm.dm_gen.dm/RAM_reg_0_15_6_11/RAMD/CLK'. [E:/7020_Project/25G/25G_PL/25G_PL.srcs/constrs_1/new/23H.xdc:1952]
WARNING: [Vivado 12-508] No pins matched 'dbg_hub/inst/BSCANID.u_xsdbm_id/CORE_XSDB.UUT_MASTER/U_ICON_INTERFACE/U_CMD6_RD/U_RD_FIFO/SUBCORE_FIFO.xsdbm_v3_0_0_rdfifo_inst/inst_fifo_gen/gconvfifo.rf/grf.rf/gntv_or_sync_fifo.mem/gdm.dm_gen.dm/RAM_reg_0_15_6_11/RAMD_D1/CLK'. [E:/7020_Project/25G/25G_PL/25G_PL.srcs/constrs_1/new/23H.xdc:1952]
WARNING: [Vivado 12-508] No pins matched 'dbg_hub/inst/BSCANID.u_xsdbm_id/CORE_XSDB.UUT_MASTER/U_ICON_INTERFACE/U_CMD6_RD/U_RD_FIFO/SUBCORE_FIFO.xsdbm_v3_0_0_rdfifo_inst/inst_fifo_gen/gconvfifo.rf/grf.rf/rstblk/ngwrdrst.grst.g7serrst.rst_wr_reg1_reg/C'. [E:/7020_Project/25G/25G_PL/25G_PL.srcs/constrs_1/new/23H.xdc:1952]
WARNING: [Vivado 12-508] No pins matched 'dbg_hub/inst/BSCANID.u_xsdbm_id/CORE_XSDB.UUT_MASTER/U_ICON_INTERFACE/U_CMD6_RD/U_RD_FIFO/SUBCORE_FIFO.xsdbm_v3_0_0_rdfifo_inst/inst_fifo_gen/gconvfifo.rf/grf.rf/rstblk/ngwrdrst.grst.g7serrst.rst_wr_reg2_reg/C'. [E:/7020_Project/25G/25G_PL/25G_PL.srcs/constrs_1/new/23H.xdc:1952]
WARNING: [Vivado 12-508] No pins matched 'dbg_hub/inst/BSCANID.u_xsdbm_id/CORE_XSDB.UUT_MASTER/U_ICON_INTERFACE/U_CMD6_RD/U_RD_FIFO/SUBCORE_FIFO.xsdbm_v3_0_0_rdfifo_inst/inst_fifo_gen/gconvfifo.rf/grf.rf/rstblk/ngwrdrst.grst.g7serrst.wr_rst_asreg_reg/C'. [E:/7020_Project/25G/25G_PL/25G_PL.srcs/constrs_1/new/23H.xdc:1952]
INFO: [Common 17-14] Message 'Vivado 12-508' appears 100 times and further instances of the messages will be disabled. Use the Tcl command set_msg_config to change the current settings. [E:/7020_Project/25G/25G_PL/25G_PL.srcs/constrs_1/new/23H.xdc:1952]
CRITICAL WARNING: [Vivado 12-613] Cannot find cell 'dbg_hub/inst' in current context, where current instance = '' and current design = 'preSynthElab_1' [E:/7020_Project/25G/25G_PL/25G_PL.srcs/constrs_1/new/23H.xdc:2033]
CRITICAL WARNING: [Vivado 12-613] Cannot find cell 'dbg_hub/inst' in current context, where current instance = '' and current design = 'preSynthElab_1' [E:/7020_Project/25G/25G_PL/25G_PL.srcs/constrs_1/new/23H.xdc:2124]
Finished Parsing XDC File [E:/7020_Project/25G/25G_PL/25G_PL.srcs/constrs_1/new/23H.xdc]
WARNING: [Project 1-498] One or more constraints failed evaluation while reading constraint file [E:/7020_Project/25G/25G_PL/25G_PL.srcs/constrs_1/new/23H.xdc] and the design contains unresolved black boxes. These constraints will be read post-synthesis (as long as their source constraint file is marked as used_in_implementation) and should be applied correctly then. You should review the constraints listed in the file [.Xil/top_propImpl.xdc] and check the run log file to verify that these constraints were correctly applied.
INFO: [Project 1-236] Implementation specific constraints were found while reading constraint file [E:/7020_Project/25G/25G_PL/25G_PL.srcs/constrs_1/new/23H.xdc]. These constraints will be ignored for synthesis but will be used in implementation. Impacted constraints are listed in the file [.Xil/top_propImpl.xdc].
Resolution: To avoid this warning, move constraints listed in [.Xil/top_propImpl.xdc] to another XDC file and exclude this new file from synthesis with the used_in_synthesis property (File Properties dialog in GUI) and re-run elaboration/synthesis.
Parsing XDC File [E:/7020_Project/25G/25G_PL/25G_PL.runs/synth_1/dont_touch.xdc]
Finished Parsing XDC File [E:/7020_Project/25G/25G_PL/25G_PL.runs/synth_1/dont_touch.xdc]
Completed Processing XDC Constraints

Netlist sorting complete. Time (s): cpu = 00:00:00 ; elapsed = 00:00:00 . Memory (MB): peak = 1258.621 ; gain = 0.000
INFO: [Project 1-111] Unisim Transformation Summary:
No Unisim elements were transformed.

Constraint Validation Runtime : Time (s): cpu = 00:00:00 ; elapsed = 00:00:00.015 . Memory (MB): peak = 1258.621 ; gain = 0.000
WARNING: [Timing 38-316] Clock period '20.000' specified during out-of-context synthesis of instance 'u_h_top/sine_a' at clock pin 'clka' is different from the actual clock period '8.000', this can lead to different synthesis results.
WARNING: [Timing 38-316] Clock period '20.000' specified during out-of-context synthesis of instance 'u_h_top/sine_b' at clock pin 'clka' is different from the actual clock period '8.000', this can lead to different synthesis results.
WARNING: [Timing 38-316] Clock period '20.000' specified during out-of-context synthesis of instance 'u_h_top/triangle_a' at clock pin 'clka' is different from the actual clock period '8.000', this can lead to different synthesis results.
WARNING: [Timing 38-316] Clock period '20.000' specified during out-of-context synthesis of instance 'u_h_top/triangle_b' at clock pin 'clka' is different from the actual clock period '8.000', this can lead to different synthesis results.
WARNING: [Timing 38-316] Clock period '20.000' specified during out-of-context synthesis of instance 'u_system/system_i/blk_PS_TO_PL' at clock pin 'clka' is different from the actual clock period '10.000', this can lead to different synthesis results.
---------------------------------------------------------------------------------
Finished Constraint Validation : Time (s): cpu = 00:00:01 ; elapsed = 00:00:10 . Memory (MB): peak = 1258.906 ; gain = 152.074
---------------------------------------------------------------------------------
---------------------------------------------------------------------------------
Start Loading Part and Timing Information
---------------------------------------------------------------------------------
Loading part: xc7z020clg400-2
---------------------------------------------------------------------------------
Finished Loading Part and Timing Information : Time (s): cpu = 00:00:01 ; elapsed = 00:00:10 . Memory (MB): peak = 1258.906 ; gain = 152.074
---------------------------------------------------------------------------------
---------------------------------------------------------------------------------
Start Applying 'set_property' XDC Constraints
---------------------------------------------------------------------------------
Applied set_property IO_BUFFER_TYPE = NONE for DDR_addr[0]. (constraint file  e:/7020_Project/25G/25G_PL/25G_PL.gen/sources_1/bd/system/ip/system_processing_system7_0_0/system_processing_system7_0_0/system_processing_system7_0_0_in_context.xdc, line 2).
Applied set_property CLOCK_BUFFER_TYPE = NONE for DDR_addr[0]. (constraint file  e:/7020_Project/25G/25G_PL/25G_PL.gen/sources_1/bd/system/ip/system_processing_system7_0_0/system_processing_system7_0_0/system_processing_system7_0_0_in_context.xdc, line 3).
Applied set_property IO_BUFFER_TYPE = NONE for DDR_addr[10]. (constraint file  e:/7020_Project/25G/25G_PL/25G_PL.gen/sources_1/bd/system/ip/system_processing_system7_0_0/system_processing_system7_0_0/system_processing_system7_0_0_in_context.xdc, line 4).
Applied set_property CLOCK_BUFFER_TYPE = NONE for DDR_addr[10]. (constraint file  e:/7020_Project/25G/25G_PL/25G_PL.gen/sources_1/bd/system/ip/system_processing_system7_0_0/system_processing_system7_0_0/system_processing_system7_0_0_in_context.xdc, line 5).
Applied set_property IO_BUFFER_TYPE = NONE for DDR_addr[11]. (constraint file  e:/7020_Project/25G/25G_PL/25G_PL.gen/sources_1/bd/system/ip/system_processing_system7_0_0/system_processing_system7_0_0/system_processing_system7_0_0_in_context.xdc, line 6).
Applied set_property CLOCK_BUFFER_TYPE = NONE for DDR_addr[11]. (constraint file  e:/7020_Project/25G/25G_PL/25G_PL.gen/sources_1/bd/system/ip/system_processing_system7_0_0/system_processing_system7_0_0/system_processing_system7_0_0_in_context.xdc, line 7).
Applied set_property IO_BUFFER_TYPE = NONE for DDR_addr[12]. (constraint file  e:/7020_Project/25G/25G_PL/25G_PL.gen/sources_1/bd/system/ip/system_processing_system7_0_0/system_processing_system7_0_0/system_processing_system7_0_0_in_context.xdc, line 8).
Applied set_property CLOCK_BUFFER_TYPE = NONE for DDR_addr[12]. (constraint file  e:/7020_Project/25G/25G_PL/25G_PL.gen/sources_1/bd/system/ip/system_processing_system7_0_0/system_processing_system7_0_0/system_processing_system7_0_0_in_context.xdc, line 9).
Applied set_property IO_BUFFER_TYPE = NONE for DDR_addr[13]. (constraint file  e:/7020_Project/25G/25G_PL/25G_PL.gen/sources_1/bd/system/ip/system_processing_system7_0_0/system_processing_system7_0_0/system_processing_system7_0_0_in_context.xdc, line 10).
Applied set_property CLOCK_BUFFER_TYPE = NONE for DDR_addr[13]. (constraint file  e:/7020_Project/25G/25G_PL/25G_PL.gen/sources_1/bd/system/ip/system_processing_system7_0_0/system_processing_system7_0_0/system_processing_system7_0_0_in_context.xdc, line 11).
Applied set_property IO_BUFFER_TYPE = NONE for DDR_addr[14]. (constraint file  e:/7020_Project/25G/25G_PL/25G_PL.gen/sources_1/bd/system/ip/system_processing_system7_0_0/system_processing_system7_0_0/system_processing_system7_0_0_in_context.xdc, line 12).
Applied set_property CLOCK_BUFFER_TYPE = NONE for DDR_addr[14]. (constraint file  e:/7020_Project/25G/25G_PL/25G_PL.gen/sources_1/bd/system/ip/system_processing_system7_0_0/system_processing_system7_0_0/system_processing_system7_0_0_in_context.xdc, line 13).
Applied set_property IO_BUFFER_TYPE = NONE for DDR_addr[1]. (constraint file  e:/7020_Project/25G/25G_PL/25G_PL.gen/sources_1/bd/system/ip/system_processing_system7_0_0/system_processing_system7_0_0/system_processing_system7_0_0_in_context.xdc, line 14).
Applied set_property CLOCK_BUFFER_TYPE = NONE for DDR_addr[1]. (constraint file  e:/7020_Project/25G/25G_PL/25G_PL.gen/sources_1/bd/system/ip/system_processing_system7_0_0/system_processing_system7_0_0/system_processing_system7_0_0_in_context.xdc, line 15).
Applied set_property IO_BUFFER_TYPE = NONE for DDR_addr[2]. (constraint file  e:/7020_Project/25G/25G_PL/25G_PL.gen/sources_1/bd/system/ip/system_processing_system7_0_0/system_processing_system7_0_0/system_processing_system7_0_0_in_context.xdc, line 16).
Applied set_property CLOCK_BUFFER_TYPE = NONE for DDR_addr[2]. (constraint file  e:/7020_Project/25G/25G_PL/25G_PL.gen/sources_1/bd/system/ip/system_processing_system7_0_0/system_processing_system7_0_0/system_processing_system7_0_0_in_context.xdc, line 17).
Applied set_property IO_BUFFER_TYPE = NONE for DDR_addr[3]. (constraint file  e:/7020_Project/25G/25G_PL/25G_PL.gen/sources_1/bd/system/ip/system_processing_system7_0_0/system_processing_system7_0_0/system_processing_system7_0_0_in_context.xdc, line 18).
Applied set_property CLOCK_BUFFER_TYPE = NONE for DDR_addr[3]. (constraint file  e:/7020_Project/25G/25G_PL/25G_PL.gen/sources_1/bd/system/ip/system_processing_system7_0_0/system_processing_system7_0_0/system_processing_system7_0_0_in_context.xdc, line 19).
Applied set_property IO_BUFFER_TYPE = NONE for DDR_addr[4]. (constraint file  e:/7020_Project/25G/25G_PL/25G_PL.gen/sources_1/bd/system/ip/system_processing_system7_0_0/system_processing_system7_0_0/system_processing_system7_0_0_in_context.xdc, line 20).
Applied set_property CLOCK_BUFFER_TYPE = NONE for DDR_addr[4]. (constraint file  e:/7020_Project/25G/25G_PL/25G_PL.gen/sources_1/bd/system/ip/system_processing_system7_0_0/system_processing_system7_0_0/system_processing_system7_0_0_in_context.xdc, line 21).
Applied set_property IO_BUFFER_TYPE = NONE for DDR_addr[5]. (constraint file  e:/7020_Project/25G/25G_PL/25G_PL.gen/sources_1/bd/system/ip/system_processing_system7_0_0/system_processing_system7_0_0/system_processing_system7_0_0_in_context.xdc, line 22).
Applied set_property CLOCK_BUFFER_TYPE = NONE for DDR_addr[5]. (constraint file  e:/7020_Project/25G/25G_PL/25G_PL.gen/sources_1/bd/system/ip/system_processing_system7_0_0/system_processing_system7_0_0/system_processing_system7_0_0_in_context.xdc, line 23).
Applied set_property IO_BUFFER_TYPE = NONE for DDR_addr[6]. (constraint file  e:/7020_Project/25G/25G_PL/25G_PL.gen/sources_1/bd/system/ip/system_processing_system7_0_0/system_processing_system7_0_0/system_processing_system7_0_0_in_context.xdc, line 24).
Applied set_property CLOCK_BUFFER_TYPE = NONE for DDR_addr[6]. (constraint file  e:/7020_Project/25G/25G_PL/25G_PL.gen/sources_1/bd/system/ip/system_processing_system7_0_0/system_processing_system7_0_0/system_processing_system7_0_0_in_context.xdc, line 25).
Applied set_property IO_BUFFER_TYPE = NONE for DDR_addr[7]. (constraint file  e:/7020_Project/25G/25G_PL/25G_PL.gen/sources_1/bd/system/ip/system_processing_system7_0_0/system_processing_system7_0_0/system_processing_system7_0_0_in_context.xdc, line 26).
Applied set_property CLOCK_BUFFER_TYPE = NONE for DDR_addr[7]. (constraint file  e:/7020_Project/25G/25G_PL/25G_PL.gen/sources_1/bd/system/ip/system_processing_system7_0_0/system_processing_system7_0_0/system_processing_system7_0_0_in_context.xdc, line 27).
Applied set_property IO_BUFFER_TYPE = NONE for DDR_addr[8]. (constraint file  e:/7020_Project/25G/25G_PL/25G_PL.gen/sources_1/bd/system/ip/system_processing_system7_0_0/system_processing_system7_0_0/system_processing_system7_0_0_in_context.xdc, line 28).
Applied set_property CLOCK_BUFFER_TYPE = NONE for DDR_addr[8]. (constraint file  e:/7020_Project/25G/25G_PL/25G_PL.gen/sources_1/bd/system/ip/system_processing_system7_0_0/system_processing_system7_0_0/system_processing_system7_0_0_in_context.xdc, line 29).
Applied set_property IO_BUFFER_TYPE = NONE for DDR_addr[9]. (constraint file  e:/7020_Project/25G/25G_PL/25G_PL.gen/sources_1/bd/system/ip/system_processing_system7_0_0/system_processing_system7_0_0/system_processing_system7_0_0_in_context.xdc, line 30).
Applied set_property CLOCK_BUFFER_TYPE = NONE for DDR_addr[9]. (constraint file  e:/7020_Project/25G/25G_PL/25G_PL.gen/sources_1/bd/system/ip/system_processing_system7_0_0/system_processing_system7_0_0/system_processing_system7_0_0_in_context.xdc, line 31).
Applied set_property IO_BUFFER_TYPE = NONE for DDR_ba[0]. (constraint file  e:/7020_Project/25G/25G_PL/25G_PL.gen/sources_1/bd/system/ip/system_processing_system7_0_0/system_processing_system7_0_0/system_processing_system7_0_0_in_context.xdc, line 32).
Applied set_property CLOCK_BUFFER_TYPE = NONE for DDR_ba[0]. (constraint file  e:/7020_Project/25G/25G_PL/25G_PL.gen/sources_1/bd/system/ip/system_processing_system7_0_0/system_processing_system7_0_0/system_processing_system7_0_0_in_context.xdc, line 33).
Applied set_property IO_BUFFER_TYPE = NONE for DDR_ba[1]. (constraint file  e:/7020_Project/25G/25G_PL/25G_PL.gen/sources_1/bd/system/ip/system_processing_system7_0_0/system_processing_system7_0_0/system_processing_system7_0_0_in_context.xdc, line 34).
Applied set_property CLOCK_BUFFER_TYPE = NONE for DDR_ba[1]. (constraint file  e:/7020_Project/25G/25G_PL/25G_PL.gen/sources_1/bd/system/ip/system_processing_system7_0_0/system_processing_system7_0_0/system_processing_system7_0_0_in_context.xdc, line 35).
Applied set_property IO_BUFFER_TYPE = NONE for DDR_ba[2]. (constraint file  e:/7020_Project/25G/25G_PL/25G_PL.gen/sources_1/bd/system/ip/system_processing_system7_0_0/system_processing_system7_0_0/system_processing_system7_0_0_in_context.xdc, line 36).
Applied set_property CLOCK_BUFFER_TYPE = NONE for DDR_ba[2]. (constraint file  e:/7020_Project/25G/25G_PL/25G_PL.gen/sources_1/bd/system/ip/system_processing_system7_0_0/system_processing_system7_0_0/system_processing_system7_0_0_in_context.xdc, line 37).
Applied set_property IO_BUFFER_TYPE = NONE for DDR_cas_n. (constraint file  e:/7020_Project/25G/25G_PL/25G_PL.gen/sources_1/bd/system/ip/system_processing_system7_0_0/system_processing_system7_0_0/system_processing_system7_0_0_in_context.xdc, line 38).
Applied set_property CLOCK_BUFFER_TYPE = NONE for DDR_cas_n. (constraint file  e:/7020_Project/25G/25G_PL/25G_PL.gen/sources_1/bd/system/ip/system_processing_system7_0_0/system_processing_system7_0_0/system_processing_system7_0_0_in_context.xdc, line 39).
Applied set_property IO_BUFFER_TYPE = NONE for DDR_cke. (constraint file  e:/7020_Project/25G/25G_PL/25G_PL.gen/sources_1/bd/system/ip/system_processing_system7_0_0/system_processing_system7_0_0/system_processing_system7_0_0_in_context.xdc, line 40).
Applied set_property CLOCK_BUFFER_TYPE = NONE for DDR_cke. (constraint file  e:/7020_Project/25G/25G_PL/25G_PL.gen/sources_1/bd/system/ip/system_processing_system7_0_0/system_processing_system7_0_0/system_processing_system7_0_0_in_context.xdc, line 41).
Applied set_property IO_BUFFER_TYPE = NONE for DDR_cs_n. (constraint file  e:/7020_Project/25G/25G_PL/25G_PL.gen/sources_1/bd/system/ip/system_processing_system7_0_0/system_processing_system7_0_0/system_processing_system7_0_0_in_context.xdc, line 42).
Applied set_property CLOCK_BUFFER_TYPE = NONE for DDR_cs_n. (constraint file  e:/7020_Project/25G/25G_PL/25G_PL.gen/sources_1/bd/system/ip/system_processing_system7_0_0/system_processing_system7_0_0/system_processing_system7_0_0_in_context.xdc, line 43).
Applied set_property IO_BUFFER_TYPE = NONE for DDR_ck_p. (constraint file  e:/7020_Project/25G/25G_PL/25G_PL.gen/sources_1/bd/system/ip/system_processing_system7_0_0/system_processing_system7_0_0/system_processing_system7_0_0_in_context.xdc, line 44).
Applied set_property CLOCK_BUFFER_TYPE = NONE for DDR_ck_p. (constraint file  e:/7020_Project/25G/25G_PL/25G_PL.gen/sources_1/bd/system/ip/system_processing_system7_0_0/system_processing_system7_0_0/system_processing_system7_0_0_in_context.xdc, line 45).
Applied set_property IO_BUFFER_TYPE = NONE for DDR_ck_n. (constraint file  e:/7020_Project/25G/25G_PL/25G_PL.gen/sources_1/bd/system/ip/system_processing_system7_0_0/system_processing_system7_0_0/system_processing_system7_0_0_in_context.xdc, line 46).
Applied set_property CLOCK_BUFFER_TYPE = NONE for DDR_ck_n. (constraint file  e:/7020_Project/25G/25G_PL/25G_PL.gen/sources_1/bd/system/ip/system_processing_system7_0_0/system_processing_system7_0_0/system_processing_system7_0_0_in_context.xdc, line 47).
Applied set_property IO_BUFFER_TYPE = NONE for DDR_dm[0]. (constraint file  e:/7020_Project/25G/25G_PL/25G_PL.gen/sources_1/bd/system/ip/system_processing_system7_0_0/system_processing_system7_0_0/system_processing_system7_0_0_in_context.xdc, line 48).
Applied set_property CLOCK_BUFFER_TYPE = NONE for DDR_dm[0]. (constraint file  e:/7020_Project/25G/25G_PL/25G_PL.gen/sources_1/bd/system/ip/system_processing_system7_0_0/system_processing_system7_0_0/system_processing_system7_0_0_in_context.xdc, line 49).
Applied set_property IO_BUFFER_TYPE = NONE for DDR_dm[1]. (constraint file  e:/7020_Project/25G/25G_PL/25G_PL.gen/sources_1/bd/system/ip/system_processing_system7_0_0/system_processing_system7_0_0/system_processing_system7_0_0_in_context.xdc, line 50).
Applied set_property CLOCK_BUFFER_TYPE = NONE for DDR_dm[1]. (constraint file  e:/7020_Project/25G/25G_PL/25G_PL.gen/sources_1/bd/system/ip/system_processing_system7_0_0/system_processing_system7_0_0/system_processing_system7_0_0_in_context.xdc, line 51).
Applied set_property IO_BUFFER_TYPE = NONE for DDR_dm[2]. (constraint file  e:/7020_Project/25G/25G_PL/25G_PL.gen/sources_1/bd/system/ip/system_processing_system7_0_0/system_processing_system7_0_0/system_processing_system7_0_0_in_context.xdc, line 52).
Applied set_property CLOCK_BUFFER_TYPE = NONE for DDR_dm[2]. (constraint file  e:/7020_Project/25G/25G_PL/25G_PL.gen/sources_1/bd/system/ip/system_processing_system7_0_0/system_processing_system7_0_0/system_processing_system7_0_0_in_context.xdc, line 53).
Applied set_property IO_BUFFER_TYPE = NONE for DDR_dm[3]. (constraint file  e:/7020_Project/25G/25G_PL/25G_PL.gen/sources_1/bd/system/ip/system_processing_system7_0_0/system_processing_system7_0_0/system_processing_system7_0_0_in_context.xdc, line 54).
Applied set_property CLOCK_BUFFER_TYPE = NONE for DDR_dm[3]. (constraint file  e:/7020_Project/25G/25G_PL/25G_PL.gen/sources_1/bd/system/ip/system_processing_system7_0_0/system_processing_system7_0_0/system_processing_system7_0_0_in_context.xdc, line 55).
Applied set_property IO_BUFFER_TYPE = NONE for DDR_dqs_p[0]. (constraint file  e:/7020_Project/25G/25G_PL/25G_PL.gen/sources_1/bd/system/ip/system_processing_system7_0_0/system_processing_system7_0_0/system_processing_system7_0_0_in_context.xdc, line 56).
Applied set_property CLOCK_BUFFER_TYPE = NONE for DDR_dqs_p[0]. (constraint file  e:/7020_Project/25G/25G_PL/25G_PL.gen/sources_1/bd/system/ip/system_processing_system7_0_0/system_processing_system7_0_0/system_processing_system7_0_0_in_context.xdc, line 57).
Applied set_property IO_BUFFER_TYPE = NONE for DDR_dqs_p[1]. (constraint file  e:/7020_Project/25G/25G_PL/25G_PL.gen/sources_1/bd/system/ip/system_processing_system7_0_0/system_processing_system7_0_0/system_processing_system7_0_0_in_context.xdc, line 58).
Applied set_property CLOCK_BUFFER_TYPE = NONE for DDR_dqs_p[1]. (constraint file  e:/7020_Project/25G/25G_PL/25G_PL.gen/sources_1/bd/system/ip/system_processing_system7_0_0/system_processing_system7_0_0/system_processing_system7_0_0_in_context.xdc, line 59).
Applied set_property IO_BUFFER_TYPE = NONE for DDR_dqs_p[2]. (constraint file  e:/7020_Project/25G/25G_PL/25G_PL.gen/sources_1/bd/system/ip/system_processing_system7_0_0/system_processing_system7_0_0/system_processing_system7_0_0_in_context.xdc, line 60).
Applied set_property CLOCK_BUFFER_TYPE = NONE for DDR_dqs_p[2]. (constraint file  e:/7020_Project/25G/25G_PL/25G_PL.gen/sources_1/bd/system/ip/system_processing_system7_0_0/system_processing_system7_0_0/system_processing_system7_0_0_in_context.xdc, line 61).
Applied set_property IO_BUFFER_TYPE = NONE for DDR_dqs_p[3]. (constraint file  e:/7020_Project/25G/25G_PL/25G_PL.gen/sources_1/bd/system/ip/system_processing_system7_0_0/system_processing_system7_0_0/system_processing_system7_0_0_in_context.xdc, line 62).
Applied set_property CLOCK_BUFFER_TYPE = NONE for DDR_dqs_p[3]. (constraint file  e:/7020_Project/25G/25G_PL/25G_PL.gen/sources_1/bd/system/ip/system_processing_system7_0_0/system_processing_system7_0_0/system_processing_system7_0_0_in_context.xdc, line 63).
Applied set_property IO_BUFFER_TYPE = NONE for DDR_dqs_n[0]. (constraint file  e:/7020_Project/25G/25G_PL/25G_PL.gen/sources_1/bd/system/ip/system_processing_system7_0_0/system_processing_system7_0_0/system_processing_system7_0_0_in_context.xdc, line 64).
Applied set_property CLOCK_BUFFER_TYPE = NONE for DDR_dqs_n[0]. (constraint file  e:/7020_Project/25G/25G_PL/25G_PL.gen/sources_1/bd/system/ip/system_processing_system7_0_0/system_processing_system7_0_0/system_processing_system7_0_0_in_context.xdc, line 65).
Applied set_property IO_BUFFER_TYPE = NONE for DDR_dqs_n[1]. (constraint file  e:/7020_Project/25G/25G_PL/25G_PL.gen/sources_1/bd/system/ip/system_processing_system7_0_0/system_processing_system7_0_0/system_processing_system7_0_0_in_context.xdc, line 66).
Applied set_property CLOCK_BUFFER_TYPE = NONE for DDR_dqs_n[1]. (constraint file  e:/7020_Project/25G/25G_PL/25G_PL.gen/sources_1/bd/system/ip/system_processing_system7_0_0/system_processing_system7_0_0/system_processing_system7_0_0_in_context.xdc, line 67).
Applied set_property IO_BUFFER_TYPE = NONE for DDR_dqs_n[2]. (constraint file  e:/7020_Project/25G/25G_PL/25G_PL.gen/sources_1/bd/system/ip/system_processing_system7_0_0/system_processing_system7_0_0/system_processing_system7_0_0_in_context.xdc, line 68).
Applied set_property CLOCK_BUFFER_TYPE = NONE for DDR_dqs_n[2]. (constraint file  e:/7020_Project/25G/25G_PL/25G_PL.gen/sources_1/bd/system/ip/system_processing_system7_0_0/system_processing_system7_0_0/system_processing_system7_0_0_in_context.xdc, line 69).
Applied set_property IO_BUFFER_TYPE = NONE for DDR_dqs_n[3]. (constraint file  e:/7020_Project/25G/25G_PL/25G_PL.gen/sources_1/bd/system/ip/system_processing_system7_0_0/system_processing_system7_0_0/system_processing_system7_0_0_in_context.xdc, line 70).
Applied set_property CLOCK_BUFFER_TYPE = NONE for DDR_dqs_n[3]. (constraint file  e:/7020_Project/25G/25G_PL/25G_PL.gen/sources_1/bd/system/ip/system_processing_system7_0_0/system_processing_system7_0_0/system_processing_system7_0_0_in_context.xdc, line 71).
Applied set_property IO_BUFFER_TYPE = NONE for DDR_dq[0]. (constraint file  e:/7020_Project/25G/25G_PL/25G_PL.gen/sources_1/bd/system/ip/system_processing_system7_0_0/system_processing_system7_0_0/system_processing_system7_0_0_in_context.xdc, line 72).
Applied set_property CLOCK_BUFFER_TYPE = NONE for DDR_dq[0]. (constraint file  e:/7020_Project/25G/25G_PL/25G_PL.gen/sources_1/bd/system/ip/system_processing_system7_0_0/system_processing_system7_0_0/system_processing_system7_0_0_in_context.xdc, line 73).
Applied set_property IO_BUFFER_TYPE = NONE for DDR_dq[10]. (constraint file  e:/7020_Project/25G/25G_PL/25G_PL.gen/sources_1/bd/system/ip/system_processing_system7_0_0/system_processing_system7_0_0/system_processing_system7_0_0_in_context.xdc, line 74).
Applied set_property CLOCK_BUFFER_TYPE = NONE for DDR_dq[10]. (constraint file  e:/7020_Project/25G/25G_PL/25G_PL.gen/sources_1/bd/system/ip/system_processing_system7_0_0/system_processing_system7_0_0/system_processing_system7_0_0_in_context.xdc, line 75).
Applied set_property IO_BUFFER_TYPE = NONE for DDR_dq[11]. (constraint file  e:/7020_Project/25G/25G_PL/25G_PL.gen/sources_1/bd/system/ip/system_processing_system7_0_0/system_processing_system7_0_0/system_processing_system7_0_0_in_context.xdc, line 76).
Applied set_property CLOCK_BUFFER_TYPE = NONE for DDR_dq[11]. (constraint file  e:/7020_Project/25G/25G_PL/25G_PL.gen/sources_1/bd/system/ip/system_processing_system7_0_0/system_processing_system7_0_0/system_processing_system7_0_0_in_context.xdc, line 77).
Applied set_property IO_BUFFER_TYPE = NONE for DDR_dq[12]. (constraint file  e:/7020_Project/25G/25G_PL/25G_PL.gen/sources_1/bd/system/ip/system_processing_system7_0_0/system_processing_system7_0_0/system_processing_system7_0_0_in_context.xdc, line 78).
Applied set_property CLOCK_BUFFER_TYPE = NONE for DDR_dq[12]. (constraint file  e:/7020_Project/25G/25G_PL/25G_PL.gen/sources_1/bd/system/ip/system_processing_system7_0_0/system_processing_system7_0_0/system_processing_system7_0_0_in_context.xdc, line 79).
Applied set_property IO_BUFFER_TYPE = NONE for DDR_dq[13]. (constraint file  e:/7020_Project/25G/25G_PL/25G_PL.gen/sources_1/bd/system/ip/system_processing_system7_0_0/system_processing_system7_0_0/system_processing_system7_0_0_in_context.xdc, line 80).
Applied set_property CLOCK_BUFFER_TYPE = NONE for DDR_dq[13]. (constraint file  e:/7020_Project/25G/25G_PL/25G_PL.gen/sources_1/bd/system/ip/system_processing_system7_0_0/system_processing_system7_0_0/system_processing_system7_0_0_in_context.xdc, line 81).
Applied set_property IO_BUFFER_TYPE = NONE for DDR_dq[14]. (constraint file  e:/7020_Project/25G/25G_PL/25G_PL.gen/sources_1/bd/system/ip/system_processing_system7_0_0/system_processing_system7_0_0/system_processing_system7_0_0_in_context.xdc, line 82).
Applied set_property CLOCK_BUFFER_TYPE = NONE for DDR_dq[14]. (constraint file  e:/7020_Project/25G/25G_PL/25G_PL.gen/sources_1/bd/system/ip/system_processing_system7_0_0/system_processing_system7_0_0/system_processing_system7_0_0_in_context.xdc, line 83).
Applied set_property IO_BUFFER_TYPE = NONE for DDR_dq[15]. (constraint file  e:/7020_Project/25G/25G_PL/25G_PL.gen/sources_1/bd/system/ip/system_processing_system7_0_0/system_processing_system7_0_0/system_processing_system7_0_0_in_context.xdc, line 84).
Applied set_property CLOCK_BUFFER_TYPE = NONE for DDR_dq[15]. (constraint file  e:/7020_Project/25G/25G_PL/25G_PL.gen/sources_1/bd/system/ip/system_processing_system7_0_0/system_processing_system7_0_0/system_processing_system7_0_0_in_context.xdc, line 85).
Applied set_property IO_BUFFER_TYPE = NONE for DDR_dq[16]. (constraint file  e:/7020_Project/25G/25G_PL/25G_PL.gen/sources_1/bd/system/ip/system_processing_system7_0_0/system_processing_system7_0_0/system_processing_system7_0_0_in_context.xdc, line 86).
Applied set_property CLOCK_BUFFER_TYPE = NONE for DDR_dq[16]. (constraint file  e:/7020_Project/25G/25G_PL/25G_PL.gen/sources_1/bd/system/ip/system_processing_system7_0_0/system_processing_system7_0_0/system_processing_system7_0_0_in_context.xdc, line 87).
Applied set_property IO_BUFFER_TYPE = NONE for DDR_dq[17]. (constraint file  e:/7020_Project/25G/25G_PL/25G_PL.gen/sources_1/bd/system/ip/system_processing_system7_0_0/system_processing_system7_0_0/system_processing_system7_0_0_in_context.xdc, line 88).
Applied set_property CLOCK_BUFFER_TYPE = NONE for DDR_dq[17]. (constraint file  e:/7020_Project/25G/25G_PL/25G_PL.gen/sources_1/bd/system/ip/system_processing_system7_0_0/system_processing_system7_0_0/system_processing_system7_0_0_in_context.xdc, line 89).
Applied set_property IO_BUFFER_TYPE = NONE for DDR_dq[18]. (constraint file  e:/7020_Project/25G/25G_PL/25G_PL.gen/sources_1/bd/system/ip/system_processing_system7_0_0/system_processing_system7_0_0/system_processing_system7_0_0_in_context.xdc, line 90).
Applied set_property CLOCK_BUFFER_TYPE = NONE for DDR_dq[18]. (constraint file  e:/7020_Project/25G/25G_PL/25G_PL.gen/sources_1/bd/system/ip/system_processing_system7_0_0/system_processing_system7_0_0/system_processing_system7_0_0_in_context.xdc, line 91).
Applied set_property IO_BUFFER_TYPE = NONE for DDR_dq[19]. (constraint file  e:/7020_Project/25G/25G_PL/25G_PL.gen/sources_1/bd/system/ip/system_processing_system7_0_0/system_processing_system7_0_0/system_processing_system7_0_0_in_context.xdc, line 92).
Applied set_property CLOCK_BUFFER_TYPE = NONE for DDR_dq[19]. (constraint file  e:/7020_Project/25G/25G_PL/25G_PL.gen/sources_1/bd/system/ip/system_processing_system7_0_0/system_processing_system7_0_0/system_processing_system7_0_0_in_context.xdc, line 93).
Applied set_property IO_BUFFER_TYPE = NONE for DDR_dq[1]. (constraint file  e:/7020_Project/25G/25G_PL/25G_PL.gen/sources_1/bd/system/ip/system_processing_system7_0_0/system_processing_system7_0_0/system_processing_system7_0_0_in_context.xdc, line 94).
Applied set_property CLOCK_BUFFER_TYPE = NONE for DDR_dq[1]. (constraint file  e:/7020_Project/25G/25G_PL/25G_PL.gen/sources_1/bd/system/ip/system_processing_system7_0_0/system_processing_system7_0_0/system_processing_system7_0_0_in_context.xdc, line 95).
Applied set_property IO_BUFFER_TYPE = NONE for DDR_dq[20]. (constraint file  e:/7020_Project/25G/25G_PL/25G_PL.gen/sources_1/bd/system/ip/system_processing_system7_0_0/system_processing_system7_0_0/system_processing_system7_0_0_in_context.xdc, line 96).
Applied set_property CLOCK_BUFFER_TYPE = NONE for DDR_dq[20]. (constraint file  e:/7020_Project/25G/25G_PL/25G_PL.gen/sources_1/bd/system/ip/system_processing_system7_0_0/system_processing_system7_0_0/system_processing_system7_0_0_in_context.xdc, line 97).
Applied set_property IO_BUFFER_TYPE = NONE for DDR_dq[21]. (constraint file  e:/7020_Project/25G/25G_PL/25G_PL.gen/sources_1/bd/system/ip/system_processing_system7_0_0/system_processing_system7_0_0/system_processing_system7_0_0_in_context.xdc, line 98).
Applied set_property CLOCK_BUFFER_TYPE = NONE for DDR_dq[21]. (constraint file  e:/7020_Project/25G/25G_PL/25G_PL.gen/sources_1/bd/system/ip/system_processing_system7_0_0/system_processing_system7_0_0/system_processing_system7_0_0_in_context.xdc, line 99).
Applied set_property IO_BUFFER_TYPE = NONE for DDR_dq[22]. (constraint file  e:/7020_Project/25G/25G_PL/25G_PL.gen/sources_1/bd/system/ip/system_processing_system7_0_0/system_processing_system7_0_0/system_processing_system7_0_0_in_context.xdc, line 100).
Applied set_property CLOCK_BUFFER_TYPE = NONE for DDR_dq[22]. (constraint file  e:/7020_Project/25G/25G_PL/25G_PL.gen/sources_1/bd/system/ip/system_processing_system7_0_0/system_processing_system7_0_0/system_processing_system7_0_0_in_context.xdc, line 101).
Applied set_property IO_BUFFER_TYPE = NONE for DDR_dq[23]. (constraint file  e:/7020_Project/25G/25G_PL/25G_PL.gen/sources_1/bd/system/ip/system_processing_system7_0_0/system_processing_system7_0_0/system_processing_system7_0_0_in_context.xdc, line 102).
Applied set_property CLOCK_BUFFER_TYPE = NONE for DDR_dq[23]. (constraint file  e:/7020_Project/25G/25G_PL/25G_PL.gen/sources_1/bd/system/ip/system_processing_system7_0_0/system_processing_system7_0_0/system_processing_system7_0_0_in_context.xdc, line 103).
Applied set_property IO_BUFFER_TYPE = NONE for DDR_dq[24]. (constraint file  e:/7020_Project/25G/25G_PL/25G_PL.gen/sources_1/bd/system/ip/system_processing_system7_0_0/system_processing_system7_0_0/system_processing_system7_0_0_in_context.xdc, line 104).
Applied set_property CLOCK_BUFFER_TYPE = NONE for DDR_dq[24]. (constraint file  e:/7020_Project/25G/25G_PL/25G_PL.gen/sources_1/bd/system/ip/system_processing_system7_0_0/system_processing_system7_0_0/system_processing_system7_0_0_in_context.xdc, line 105).
Applied set_property IO_BUFFER_TYPE = NONE for DDR_dq[25]. (constraint file  e:/7020_Project/25G/25G_PL/25G_PL.gen/sources_1/bd/system/ip/system_processing_system7_0_0/system_processing_system7_0_0/system_processing_system7_0_0_in_context.xdc, line 106).
Applied set_property CLOCK_BUFFER_TYPE = NONE for DDR_dq[25]. (constraint file  e:/7020_Project/25G/25G_PL/25G_PL.gen/sources_1/bd/system/ip/system_processing_system7_0_0/system_processing_system7_0_0/system_processing_system7_0_0_in_context.xdc, line 107).
Applied set_property IO_BUFFER_TYPE = NONE for DDR_dq[26]. (constraint file  e:/7020_Project/25G/25G_PL/25G_PL.gen/sources_1/bd/system/ip/system_processing_system7_0_0/system_processing_system7_0_0/system_processing_system7_0_0_in_context.xdc, line 108).
Applied set_property CLOCK_BUFFER_TYPE = NONE for DDR_dq[26]. (constraint file  e:/7020_Project/25G/25G_PL/25G_PL.gen/sources_1/bd/system/ip/system_processing_system7_0_0/system_processing_system7_0_0/system_processing_system7_0_0_in_context.xdc, line 109).
Applied set_property IO_BUFFER_TYPE = NONE for DDR_dq[27]. (constraint file  e:/7020_Project/25G/25G_PL/25G_PL.gen/sources_1/bd/system/ip/system_processing_system7_0_0/system_processing_system7_0_0/system_processing_system7_0_0_in_context.xdc, line 110).
Applied set_property CLOCK_BUFFER_TYPE = NONE for DDR_dq[27]. (constraint file  e:/7020_Project/25G/25G_PL/25G_PL.gen/sources_1/bd/system/ip/system_processing_system7_0_0/system_processing_system7_0_0/system_processing_system7_0_0_in_context.xdc, line 111).
Applied set_property IO_BUFFER_TYPE = NONE for DDR_dq[28]. (constraint file  e:/7020_Project/25G/25G_PL/25G_PL.gen/sources_1/bd/system/ip/system_processing_system7_0_0/system_processing_system7_0_0/system_processing_system7_0_0_in_context.xdc, line 112).
Applied set_property CLOCK_BUFFER_TYPE = NONE for DDR_dq[28]. (constraint file  e:/7020_Project/25G/25G_PL/25G_PL.gen/sources_1/bd/system/ip/system_processing_system7_0_0/system_processing_system7_0_0/system_processing_system7_0_0_in_context.xdc, line 113).
Applied set_property IO_BUFFER_TYPE = NONE for DDR_dq[29]. (constraint file  e:/7020_Project/25G/25G_PL/25G_PL.gen/sources_1/bd/system/ip/system_processing_system7_0_0/system_processing_system7_0_0/system_processing_system7_0_0_in_context.xdc, line 114).
Applied set_property CLOCK_BUFFER_TYPE = NONE for DDR_dq[29]. (constraint file  e:/7020_Project/25G/25G_PL/25G_PL.gen/sources_1/bd/system/ip/system_processing_system7_0_0/system_processing_system7_0_0/system_processing_system7_0_0_in_context.xdc, line 115).
Applied set_property IO_BUFFER_TYPE = NONE for DDR_dq[2]. (constraint file  e:/7020_Project/25G/25G_PL/25G_PL.gen/sources_1/bd/system/ip/system_processing_system7_0_0/system_processing_system7_0_0/system_processing_system7_0_0_in_context.xdc, line 116).
Applied set_property CLOCK_BUFFER_TYPE = NONE for DDR_dq[2]. (constraint file  e:/7020_Project/25G/25G_PL/25G_PL.gen/sources_1/bd/system/ip/system_processing_system7_0_0/system_processing_system7_0_0/system_processing_system7_0_0_in_context.xdc, line 117).
Applied set_property IO_BUFFER_TYPE = NONE for DDR_dq[30]. (constraint file  e:/7020_Project/25G/25G_PL/25G_PL.gen/sources_1/bd/system/ip/system_processing_system7_0_0/system_processing_system7_0_0/system_processing_system7_0_0_in_context.xdc, line 118).
Applied set_property CLOCK_BUFFER_TYPE = NONE for DDR_dq[30]. (constraint file  e:/7020_Project/25G/25G_PL/25G_PL.gen/sources_1/bd/system/ip/system_processing_system7_0_0/system_processing_system7_0_0/system_processing_system7_0_0_in_context.xdc, line 119).
Applied set_property IO_BUFFER_TYPE = NONE for DDR_dq[31]. (constraint file  e:/7020_Project/25G/25G_PL/25G_PL.gen/sources_1/bd/system/ip/system_processing_system7_0_0/system_processing_system7_0_0/system_processing_system7_0_0_in_context.xdc, line 120).
Applied set_property CLOCK_BUFFER_TYPE = NONE for DDR_dq[31]. (constraint file  e:/7020_Project/25G/25G_PL/25G_PL.gen/sources_1/bd/system/ip/system_processing_system7_0_0/system_processing_system7_0_0/system_processing_system7_0_0_in_context.xdc, line 121).
Applied set_property IO_BUFFER_TYPE = NONE for DDR_dq[3]. (constraint file  e:/7020_Project/25G/25G_PL/25G_PL.gen/sources_1/bd/system/ip/system_processing_system7_0_0/system_processing_system7_0_0/system_processing_system7_0_0_in_context.xdc, line 122).
Applied set_property CLOCK_BUFFER_TYPE = NONE for DDR_dq[3]. (constraint file  e:/7020_Project/25G/25G_PL/25G_PL.gen/sources_1/bd/system/ip/system_processing_system7_0_0/system_processing_system7_0_0/system_processing_system7_0_0_in_context.xdc, line 123).
Applied set_property IO_BUFFER_TYPE = NONE for DDR_dq[4]. (constraint file  e:/7020_Project/25G/25G_PL/25G_PL.gen/sources_1/bd/system/ip/system_processing_system7_0_0/system_processing_system7_0_0/system_processing_system7_0_0_in_context.xdc, line 124).
Applied set_property CLOCK_BUFFER_TYPE = NONE for DDR_dq[4]. (constraint file  e:/7020_Project/25G/25G_PL/25G_PL.gen/sources_1/bd/system/ip/system_processing_system7_0_0/system_processing_system7_0_0/system_processing_system7_0_0_in_context.xdc, line 125).
Applied set_property IO_BUFFER_TYPE = NONE for DDR_dq[5]. (constraint file  e:/7020_Project/25G/25G_PL/25G_PL.gen/sources_1/bd/system/ip/system_processing_system7_0_0/system_processing_system7_0_0/system_processing_system7_0_0_in_context.xdc, line 126).
Applied set_property CLOCK_BUFFER_TYPE = NONE for DDR_dq[5]. (constraint file  e:/7020_Project/25G/25G_PL/25G_PL.gen/sources_1/bd/system/ip/system_processing_system7_0_0/system_processing_system7_0_0/system_processing_system7_0_0_in_context.xdc, line 127).
Applied set_property IO_BUFFER_TYPE = NONE for DDR_dq[6]. (constraint file  e:/7020_Project/25G/25G_PL/25G_PL.gen/sources_1/bd/system/ip/system_processing_system7_0_0/system_processing_system7_0_0/system_processing_system7_0_0_in_context.xdc, line 128).
Applied set_property CLOCK_BUFFER_TYPE = NONE for DDR_dq[6]. (constraint file  e:/7020_Project/25G/25G_PL/25G_PL.gen/sources_1/bd/system/ip/system_processing_system7_0_0/system_processing_system7_0_0/system_processing_system7_0_0_in_context.xdc, line 129).
Applied set_property IO_BUFFER_TYPE = NONE for DDR_dq[7]. (constraint file  e:/7020_Project/25G/25G_PL/25G_PL.gen/sources_1/bd/system/ip/system_processing_system7_0_0/system_processing_system7_0_0/system_processing_system7_0_0_in_context.xdc, line 130).
Applied set_property CLOCK_BUFFER_TYPE = NONE for DDR_dq[7]. (constraint file  e:/7020_Project/25G/25G_PL/25G_PL.gen/sources_1/bd/system/ip/system_processing_system7_0_0/system_processing_system7_0_0/system_processing_system7_0_0_in_context.xdc, line 131).
Applied set_property IO_BUFFER_TYPE = NONE for DDR_dq[8]. (constraint file  e:/7020_Project/25G/25G_PL/25G_PL.gen/sources_1/bd/system/ip/system_processing_system7_0_0/system_processing_system7_0_0/system_processing_system7_0_0_in_context.xdc, line 132).
Applied set_property CLOCK_BUFFER_TYPE = NONE for DDR_dq[8]. (constraint file  e:/7020_Project/25G/25G_PL/25G_PL.gen/sources_1/bd/system/ip/system_processing_system7_0_0/system_processing_system7_0_0/system_processing_system7_0_0_in_context.xdc, line 133).
Applied set_property IO_BUFFER_TYPE = NONE for DDR_dq[9]. (constraint file  e:/7020_Project/25G/25G_PL/25G_PL.gen/sources_1/bd/system/ip/system_processing_system7_0_0/system_processing_system7_0_0/system_processing_system7_0_0_in_context.xdc, line 134).
Applied set_property CLOCK_BUFFER_TYPE = NONE for DDR_dq[9]. (constraint file  e:/7020_Project/25G/25G_PL/25G_PL.gen/sources_1/bd/system/ip/system_processing_system7_0_0/system_processing_system7_0_0/system_processing_system7_0_0_in_context.xdc, line 135).
Applied set_property IO_BUFFER_TYPE = NONE for DDR_reset_n. (constraint file  e:/7020_Project/25G/25G_PL/25G_PL.gen/sources_1/bd/system/ip/system_processing_system7_0_0/system_processing_system7_0_0/system_processing_system7_0_0_in_context.xdc, line 136).
Applied set_property CLOCK_BUFFER_TYPE = NONE for DDR_reset_n. (constraint file  e:/7020_Project/25G/25G_PL/25G_PL.gen/sources_1/bd/system/ip/system_processing_system7_0_0/system_processing_system7_0_0/system_processing_system7_0_0_in_context.xdc, line 137).
Applied set_property IO_BUFFER_TYPE = NONE for DDR_odt. (constraint file  e:/7020_Project/25G/25G_PL/25G_PL.gen/sources_1/bd/system/ip/system_processing_system7_0_0/system_processing_system7_0_0/system_processing_system7_0_0_in_context.xdc, line 138).
Applied set_property CLOCK_BUFFER_TYPE = NONE for DDR_odt. (constraint file  e:/7020_Project/25G/25G_PL/25G_PL.gen/sources_1/bd/system/ip/system_processing_system7_0_0/system_processing_system7_0_0/system_processing_system7_0_0_in_context.xdc, line 139).
Applied set_property IO_BUFFER_TYPE = NONE for DDR_ras_n. (constraint file  e:/7020_Project/25G/25G_PL/25G_PL.gen/sources_1/bd/system/ip/system_processing_system7_0_0/system_processing_system7_0_0/system_processing_system7_0_0_in_context.xdc, line 140).
Applied set_property CLOCK_BUFFER_TYPE = NONE for DDR_ras_n. (constraint file  e:/7020_Project/25G/25G_PL/25G_PL.gen/sources_1/bd/system/ip/system_processing_system7_0_0/system_processing_system7_0_0/system_processing_system7_0_0_in_context.xdc, line 141).
Applied set_property IO_BUFFER_TYPE = NONE for FIXED_IO_ddr_vrn. (constraint file  e:/7020_Project/25G/25G_PL/25G_PL.gen/sources_1/bd/system/ip/system_processing_system7_0_0/system_processing_system7_0_0/system_processing_system7_0_0_in_context.xdc, line 142).
Applied set_property CLOCK_BUFFER_TYPE = NONE for FIXED_IO_ddr_vrn. (constraint file  e:/7020_Project/25G/25G_PL/25G_PL.gen/sources_1/bd/system/ip/system_processing_system7_0_0/system_processing_system7_0_0/system_processing_system7_0_0_in_context.xdc, line 143).
Applied set_property IO_BUFFER_TYPE = NONE for FIXED_IO_ddr_vrp. (constraint file  e:/7020_Project/25G/25G_PL/25G_PL.gen/sources_1/bd/system/ip/system_processing_system7_0_0/system_processing_system7_0_0/system_processing_system7_0_0_in_context.xdc, line 144).
Applied set_property CLOCK_BUFFER_TYPE = NONE for FIXED_IO_ddr_vrp. (constraint file  e:/7020_Project/25G/25G_PL/25G_PL.gen/sources_1/bd/system/ip/system_processing_system7_0_0/system_processing_system7_0_0/system_processing_system7_0_0_in_context.xdc, line 145).
Applied set_property IO_BUFFER_TYPE = NONE for DDR_we_n. (constraint file  e:/7020_Project/25G/25G_PL/25G_PL.gen/sources_1/bd/system/ip/system_processing_system7_0_0/system_processing_system7_0_0/system_processing_system7_0_0_in_context.xdc, line 146).
Applied set_property CLOCK_BUFFER_TYPE = NONE for DDR_we_n. (constraint file  e:/7020_Project/25G/25G_PL/25G_PL.gen/sources_1/bd/system/ip/system_processing_system7_0_0/system_processing_system7_0_0/system_processing_system7_0_0_in_context.xdc, line 147).
Applied set_property IO_BUFFER_TYPE = NONE for FIXED_IO_mio[0]. (constraint file  e:/7020_Project/25G/25G_PL/25G_PL.gen/sources_1/bd/system/ip/system_processing_system7_0_0/system_processing_system7_0_0/system_processing_system7_0_0_in_context.xdc, line 148).
Applied set_property CLOCK_BUFFER_TYPE = NONE for FIXED_IO_mio[0]. (constraint file  e:/7020_Project/25G/25G_PL/25G_PL.gen/sources_1/bd/system/ip/system_processing_system7_0_0/system_processing_system7_0_0/system_processing_system7_0_0_in_context.xdc, line 149).
Applied set_property IO_BUFFER_TYPE = NONE for FIXED_IO_mio[10]. (constraint file  e:/7020_Project/25G/25G_PL/25G_PL.gen/sources_1/bd/system/ip/system_processing_system7_0_0/system_processing_system7_0_0/system_processing_system7_0_0_in_context.xdc, line 150).
Applied set_property CLOCK_BUFFER_TYPE = NONE for FIXED_IO_mio[10]. (constraint file  e:/7020_Project/25G/25G_PL/25G_PL.gen/sources_1/bd/system/ip/system_processing_system7_0_0/system_processing_system7_0_0/system_processing_system7_0_0_in_context.xdc, line 151).
Applied set_property IO_BUFFER_TYPE = NONE for FIXED_IO_mio[11]. (constraint file  e:/7020_Project/25G/25G_PL/25G_PL.gen/sources_1/bd/system/ip/system_processing_system7_0_0/system_processing_system7_0_0/system_processing_system7_0_0_in_context.xdc, line 152).
Applied set_property CLOCK_BUFFER_TYPE = NONE for FIXED_IO_mio[11]. (constraint file  e:/7020_Project/25G/25G_PL/25G_PL.gen/sources_1/bd/system/ip/system_processing_system7_0_0/system_processing_system7_0_0/system_processing_system7_0_0_in_context.xdc, line 153).
Applied set_property IO_BUFFER_TYPE = NONE for FIXED_IO_mio[12]. (constraint file  e:/7020_Project/25G/25G_PL/25G_PL.gen/sources_1/bd/system/ip/system_processing_system7_0_0/system_processing_system7_0_0/system_processing_system7_0_0_in_context.xdc, line 154).
Applied set_property CLOCK_BUFFER_TYPE = NONE for FIXED_IO_mio[12]. (constraint file  e:/7020_Project/25G/25G_PL/25G_PL.gen/sources_1/bd/system/ip/system_processing_system7_0_0/system_processing_system7_0_0/system_processing_system7_0_0_in_context.xdc, line 155).
Applied set_property IO_BUFFER_TYPE = NONE for FIXED_IO_mio[13]. (constraint file  e:/7020_Project/25G/25G_PL/25G_PL.gen/sources_1/bd/system/ip/system_processing_system7_0_0/system_processing_system7_0_0/system_processing_system7_0_0_in_context.xdc, line 156).
Applied set_property CLOCK_BUFFER_TYPE = NONE for FIXED_IO_mio[13]. (constraint file  e:/7020_Project/25G/25G_PL/25G_PL.gen/sources_1/bd/system/ip/system_processing_system7_0_0/system_processing_system7_0_0/system_processing_system7_0_0_in_context.xdc, line 157).
Applied set_property IO_BUFFER_TYPE = NONE for FIXED_IO_mio[14]. (constraint file  e:/7020_Project/25G/25G_PL/25G_PL.gen/sources_1/bd/system/ip/system_processing_system7_0_0/system_processing_system7_0_0/system_processing_system7_0_0_in_context.xdc, line 158).
Applied set_property CLOCK_BUFFER_TYPE = NONE for FIXED_IO_mio[14]. (constraint file  e:/7020_Project/25G/25G_PL/25G_PL.gen/sources_1/bd/system/ip/system_processing_system7_0_0/system_processing_system7_0_0/system_processing_system7_0_0_in_context.xdc, line 159).
Applied set_property IO_BUFFER_TYPE = NONE for FIXED_IO_mio[15]. (constraint file  e:/7020_Project/25G/25G_PL/25G_PL.gen/sources_1/bd/system/ip/system_processing_system7_0_0/system_processing_system7_0_0/system_processing_system7_0_0_in_context.xdc, line 160).
Applied set_property CLOCK_BUFFER_TYPE = NONE for FIXED_IO_mio[15]. (constraint file  e:/7020_Project/25G/25G_PL/25G_PL.gen/sources_1/bd/system/ip/system_processing_system7_0_0/system_processing_system7_0_0/system_processing_system7_0_0_in_context.xdc, line 161).
Applied set_property IO_BUFFER_TYPE = NONE for FIXED_IO_mio[16]. (constraint file  e:/7020_Project/25G/25G_PL/25G_PL.gen/sources_1/bd/system/ip/system_processing_system7_0_0/system_processing_system7_0_0/system_processing_system7_0_0_in_context.xdc, line 162).
Applied set_property CLOCK_BUFFER_TYPE = NONE for FIXED_IO_mio[16]. (constraint file  e:/7020_Project/25G/25G_PL/25G_PL.gen/sources_1/bd/system/ip/system_processing_system7_0_0/system_processing_system7_0_0/system_processing_system7_0_0_in_context.xdc, line 163).
Applied set_property IO_BUFFER_TYPE = NONE for FIXED_IO_mio[17]. (constraint file  e:/7020_Project/25G/25G_PL/25G_PL.gen/sources_1/bd/system/ip/system_processing_system7_0_0/system_processing_system7_0_0/system_processing_system7_0_0_in_context.xdc, line 164).
Applied set_property CLOCK_BUFFER_TYPE = NONE for FIXED_IO_mio[17]. (constraint file  e:/7020_Project/25G/25G_PL/25G_PL.gen/sources_1/bd/system/ip/system_processing_system7_0_0/system_processing_system7_0_0/system_processing_system7_0_0_in_context.xdc, line 165).
Applied set_property IO_BUFFER_TYPE = NONE for FIXED_IO_mio[18]. (constraint file  e:/7020_Project/25G/25G_PL/25G_PL.gen/sources_1/bd/system/ip/system_processing_system7_0_0/system_processing_system7_0_0/system_processing_system7_0_0_in_context.xdc, line 166).
Applied set_property CLOCK_BUFFER_TYPE = NONE for FIXED_IO_mio[18]. (constraint file  e:/7020_Project/25G/25G_PL/25G_PL.gen/sources_1/bd/system/ip/system_processing_system7_0_0/system_processing_system7_0_0/system_processing_system7_0_0_in_context.xdc, line 167).
Applied set_property IO_BUFFER_TYPE = NONE for FIXED_IO_mio[19]. (constraint file  e:/7020_Project/25G/25G_PL/25G_PL.gen/sources_1/bd/system/ip/system_processing_system7_0_0/system_processing_system7_0_0/system_processing_system7_0_0_in_context.xdc, line 168).
Applied set_property CLOCK_BUFFER_TYPE = NONE for FIXED_IO_mio[19]. (constraint file  e:/7020_Project/25G/25G_PL/25G_PL.gen/sources_1/bd/system/ip/system_processing_system7_0_0/system_processing_system7_0_0/system_processing_system7_0_0_in_context.xdc, line 169).
Applied set_property IO_BUFFER_TYPE = NONE for FIXED_IO_mio[1]. (constraint file  e:/7020_Project/25G/25G_PL/25G_PL.gen/sources_1/bd/system/ip/system_processing_system7_0_0/system_processing_system7_0_0/system_processing_system7_0_0_in_context.xdc, line 170).
Applied set_property CLOCK_BUFFER_TYPE = NONE for FIXED_IO_mio[1]. (constraint file  e:/7020_Project/25G/25G_PL/25G_PL.gen/sources_1/bd/system/ip/system_processing_system7_0_0/system_processing_system7_0_0/system_processing_system7_0_0_in_context.xdc, line 171).
Applied set_property IO_BUFFER_TYPE = NONE for FIXED_IO_mio[20]. (constraint file  e:/7020_Project/25G/25G_PL/25G_PL.gen/sources_1/bd/system/ip/system_processing_system7_0_0/system_processing_system7_0_0/system_processing_system7_0_0_in_context.xdc, line 172).
Applied set_property CLOCK_BUFFER_TYPE = NONE for FIXED_IO_mio[20]. (constraint file  e:/7020_Project/25G/25G_PL/25G_PL.gen/sources_1/bd/system/ip/system_processing_system7_0_0/system_processing_system7_0_0/system_processing_system7_0_0_in_context.xdc, line 173).
Applied set_property IO_BUFFER_TYPE = NONE for FIXED_IO_mio[21]. (constraint file  e:/7020_Project/25G/25G_PL/25G_PL.gen/sources_1/bd/system/ip/system_processing_system7_0_0/system_processing_system7_0_0/system_processing_system7_0_0_in_context.xdc, line 174).
Applied set_property CLOCK_BUFFER_TYPE = NONE for FIXED_IO_mio[21]. (constraint file  e:/7020_Project/25G/25G_PL/25G_PL.gen/sources_1/bd/system/ip/system_processing_system7_0_0/system_processing_system7_0_0/system_processing_system7_0_0_in_context.xdc, line 175).
Applied set_property IO_BUFFER_TYPE = NONE for FIXED_IO_mio[22]. (constraint file  e:/7020_Project/25G/25G_PL/25G_PL.gen/sources_1/bd/system/ip/system_processing_system7_0_0/system_processing_system7_0_0/system_processing_system7_0_0_in_context.xdc, line 176).
Applied set_property CLOCK_BUFFER_TYPE = NONE for FIXED_IO_mio[22]. (constraint file  e:/7020_Project/25G/25G_PL/25G_PL.gen/sources_1/bd/system/ip/system_processing_system7_0_0/system_processing_system7_0_0/system_processing_system7_0_0_in_context.xdc, line 177).
Applied set_property IO_BUFFER_TYPE = NONE for FIXED_IO_mio[23]. (constraint file  e:/7020_Project/25G/25G_PL/25G_PL.gen/sources_1/bd/system/ip/system_processing_system7_0_0/system_processing_system7_0_0/system_processing_system7_0_0_in_context.xdc, line 178).
Applied set_property CLOCK_BUFFER_TYPE = NONE for FIXED_IO_mio[23]. (constraint file  e:/7020_Project/25G/25G_PL/25G_PL.gen/sources_1/bd/system/ip/system_processing_system7_0_0/system_processing_system7_0_0/system_processing_system7_0_0_in_context.xdc, line 179).
Applied set_property IO_BUFFER_TYPE = NONE for FIXED_IO_mio[24]. (constraint file  e:/7020_Project/25G/25G_PL/25G_PL.gen/sources_1/bd/system/ip/system_processing_system7_0_0/system_processing_system7_0_0/system_processing_system7_0_0_in_context.xdc, line 180).
Applied set_property CLOCK_BUFFER_TYPE = NONE for FIXED_IO_mio[24]. (constraint file  e:/7020_Project/25G/25G_PL/25G_PL.gen/sources_1/bd/system/ip/system_processing_system7_0_0/system_processing_system7_0_0/system_processing_system7_0_0_in_context.xdc, line 181).
Applied set_property IO_BUFFER_TYPE = NONE for FIXED_IO_mio[25]. (constraint file  e:/7020_Project/25G/25G_PL/25G_PL.gen/sources_1/bd/system/ip/system_processing_system7_0_0/system_processing_system7_0_0/system_processing_system7_0_0_in_context.xdc, line 182).
Applied set_property CLOCK_BUFFER_TYPE = NONE for FIXED_IO_mio[25]. (constraint file  e:/7020_Project/25G/25G_PL/25G_PL.gen/sources_1/bd/system/ip/system_processing_system7_0_0/system_processing_system7_0_0/system_processing_system7_0_0_in_context.xdc, line 183).
Applied set_property IO_BUFFER_TYPE = NONE for FIXED_IO_mio[26]. (constraint file  e:/7020_Project/25G/25G_PL/25G_PL.gen/sources_1/bd/system/ip/system_processing_system7_0_0/system_processing_system7_0_0/system_processing_system7_0_0_in_context.xdc, line 184).
Applied set_property CLOCK_BUFFER_TYPE = NONE for FIXED_IO_mio[26]. (constraint file  e:/7020_Project/25G/25G_PL/25G_PL.gen/sources_1/bd/system/ip/system_processing_system7_0_0/system_processing_system7_0_0/system_processing_system7_0_0_in_context.xdc, line 185).
Applied set_property IO_BUFFER_TYPE = NONE for FIXED_IO_mio[27]. (constraint file  e:/7020_Project/25G/25G_PL/25G_PL.gen/sources_1/bd/system/ip/system_processing_system7_0_0/system_processing_system7_0_0/system_processing_system7_0_0_in_context.xdc, line 186).
Applied set_property CLOCK_BUFFER_TYPE = NONE for FIXED_IO_mio[27]. (constraint file  e:/7020_Project/25G/25G_PL/25G_PL.gen/sources_1/bd/system/ip/system_processing_system7_0_0/system_processing_system7_0_0/system_processing_system7_0_0_in_context.xdc, line 187).
Applied set_property IO_BUFFER_TYPE = NONE for FIXED_IO_mio[28]. (constraint file  e:/7020_Project/25G/25G_PL/25G_PL.gen/sources_1/bd/system/ip/system_processing_system7_0_0/system_processing_system7_0_0/system_processing_system7_0_0_in_context.xdc, line 188).
Applied set_property CLOCK_BUFFER_TYPE = NONE for FIXED_IO_mio[28]. (constraint file  e:/7020_Project/25G/25G_PL/25G_PL.gen/sources_1/bd/system/ip/system_processing_system7_0_0/system_processing_system7_0_0/system_processing_system7_0_0_in_context.xdc, line 189).
Applied set_property IO_BUFFER_TYPE = NONE for FIXED_IO_mio[29]. (constraint file  e:/7020_Project/25G/25G_PL/25G_PL.gen/sources_1/bd/system/ip/system_processing_system7_0_0/system_processing_system7_0_0/system_processing_system7_0_0_in_context.xdc, line 190).
Applied set_property CLOCK_BUFFER_TYPE = NONE for FIXED_IO_mio[29]. (constraint file  e:/7020_Project/25G/25G_PL/25G_PL.gen/sources_1/bd/system/ip/system_processing_system7_0_0/system_processing_system7_0_0/system_processing_system7_0_0_in_context.xdc, line 191).
Applied set_property IO_BUFFER_TYPE = NONE for FIXED_IO_mio[2]. (constraint file  e:/7020_Project/25G/25G_PL/25G_PL.gen/sources_1/bd/system/ip/system_processing_system7_0_0/system_processing_system7_0_0/system_processing_system7_0_0_in_context.xdc, line 192).
Applied set_property CLOCK_BUFFER_TYPE = NONE for FIXED_IO_mio[2]. (constraint file  e:/7020_Project/25G/25G_PL/25G_PL.gen/sources_1/bd/system/ip/system_processing_system7_0_0/system_processing_system7_0_0/system_processing_system7_0_0_in_context.xdc, line 193).
Applied set_property IO_BUFFER_TYPE = NONE for FIXED_IO_mio[30]. (constraint file  e:/7020_Project/25G/25G_PL/25G_PL.gen/sources_1/bd/system/ip/system_processing_system7_0_0/system_processing_system7_0_0/system_processing_system7_0_0_in_context.xdc, line 194).
Applied set_property CLOCK_BUFFER_TYPE = NONE for FIXED_IO_mio[30]. (constraint file  e:/7020_Project/25G/25G_PL/25G_PL.gen/sources_1/bd/system/ip/system_processing_system7_0_0/system_processing_system7_0_0/system_processing_system7_0_0_in_context.xdc, line 195).
Applied set_property IO_BUFFER_TYPE = NONE for FIXED_IO_mio[31]. (constraint file  e:/7020_Project/25G/25G_PL/25G_PL.gen/sources_1/bd/system/ip/system_processing_system7_0_0/system_processing_system7_0_0/system_processing_system7_0_0_in_context.xdc, line 196).
Applied set_property CLOCK_BUFFER_TYPE = NONE for FIXED_IO_mio[31]. (constraint file  e:/7020_Project/25G/25G_PL/25G_PL.gen/sources_1/bd/system/ip/system_processing_system7_0_0/system_processing_system7_0_0/system_processing_system7_0_0_in_context.xdc, line 197).
Applied set_property IO_BUFFER_TYPE = NONE for FIXED_IO_mio[32]. (constraint file  e:/7020_Project/25G/25G_PL/25G_PL.gen/sources_1/bd/system/ip/system_processing_system7_0_0/system_processing_system7_0_0/system_processing_system7_0_0_in_context.xdc, line 198).
Applied set_property CLOCK_BUFFER_TYPE = NONE for FIXED_IO_mio[32]. (constraint file  e:/7020_Project/25G/25G_PL/25G_PL.gen/sources_1/bd/system/ip/system_processing_system7_0_0/system_processing_system7_0_0/system_processing_system7_0_0_in_context.xdc, line 199).
Applied set_property IO_BUFFER_TYPE = NONE for FIXED_IO_mio[33]. (constraint file  e:/7020_Project/25G/25G_PL/25G_PL.gen/sources_1/bd/system/ip/system_processing_system7_0_0/system_processing_system7_0_0/system_processing_system7_0_0_in_context.xdc, line 200).
Applied set_property CLOCK_BUFFER_TYPE = NONE for FIXED_IO_mio[33]. (constraint file  e:/7020_Project/25G/25G_PL/25G_PL.gen/sources_1/bd/system/ip/system_processing_system7_0_0/system_processing_system7_0_0/system_processing_system7_0_0_in_context.xdc, line 201).
Applied set_property IO_BUFFER_TYPE = NONE for FIXED_IO_mio[34]. (constraint file  e:/7020_Project/25G/25G_PL/25G_PL.gen/sources_1/bd/system/ip/system_processing_system7_0_0/system_processing_system7_0_0/system_processing_system7_0_0_in_context.xdc, line 202).
Applied set_property CLOCK_BUFFER_TYPE = NONE for FIXED_IO_mio[34]. (constraint file  e:/7020_Project/25G/25G_PL/25G_PL.gen/sources_1/bd/system/ip/system_processing_system7_0_0/system_processing_system7_0_0/system_processing_system7_0_0_in_context.xdc, line 203).
Applied set_property IO_BUFFER_TYPE = NONE for FIXED_IO_mio[35]. (constraint file  e:/7020_Project/25G/25G_PL/25G_PL.gen/sources_1/bd/system/ip/system_processing_system7_0_0/system_processing_system7_0_0/system_processing_system7_0_0_in_context.xdc, line 204).
Applied set_property CLOCK_BUFFER_TYPE = NONE for FIXED_IO_mio[35]. (constraint file  e:/7020_Project/25G/25G_PL/25G_PL.gen/sources_1/bd/system/ip/system_processing_system7_0_0/system_processing_system7_0_0/system_processing_system7_0_0_in_context.xdc, line 205).
Applied set_property IO_BUFFER_TYPE = NONE for FIXED_IO_mio[36]. (constraint file  e:/7020_Project/25G/25G_PL/25G_PL.gen/sources_1/bd/system/ip/system_processing_system7_0_0/system_processing_system7_0_0/system_processing_system7_0_0_in_context.xdc, line 206).
Applied set_property CLOCK_BUFFER_TYPE = NONE for FIXED_IO_mio[36]. (constraint file  e:/7020_Project/25G/25G_PL/25G_PL.gen/sources_1/bd/system/ip/system_processing_system7_0_0/system_processing_system7_0_0/system_processing_system7_0_0_in_context.xdc, line 207).
Applied set_property IO_BUFFER_TYPE = NONE for FIXED_IO_mio[37]. (constraint file  e:/7020_Project/25G/25G_PL/25G_PL.gen/sources_1/bd/system/ip/system_processing_system7_0_0/system_processing_system7_0_0/system_processing_system7_0_0_in_context.xdc, line 208).
Applied set_property CLOCK_BUFFER_TYPE = NONE for FIXED_IO_mio[37]. (constraint file  e:/7020_Project/25G/25G_PL/25G_PL.gen/sources_1/bd/system/ip/system_processing_system7_0_0/system_processing_system7_0_0/system_processing_system7_0_0_in_context.xdc, line 209).
Applied set_property IO_BUFFER_TYPE = NONE for FIXED_IO_mio[38]. (constraint file  e:/7020_Project/25G/25G_PL/25G_PL.gen/sources_1/bd/system/ip/system_processing_system7_0_0/system_processing_system7_0_0/system_processing_system7_0_0_in_context.xdc, line 210).
Applied set_property CLOCK_BUFFER_TYPE = NONE for FIXED_IO_mio[38]. (constraint file  e:/7020_Project/25G/25G_PL/25G_PL.gen/sources_1/bd/system/ip/system_processing_system7_0_0/system_processing_system7_0_0/system_processing_system7_0_0_in_context.xdc, line 211).
Applied set_property IO_BUFFER_TYPE = NONE for FIXED_IO_mio[39]. (constraint file  e:/7020_Project/25G/25G_PL/25G_PL.gen/sources_1/bd/system/ip/system_processing_system7_0_0/system_processing_system7_0_0/system_processing_system7_0_0_in_context.xdc, line 212).
Applied set_property CLOCK_BUFFER_TYPE = NONE for FIXED_IO_mio[39]. (constraint file  e:/7020_Project/25G/25G_PL/25G_PL.gen/sources_1/bd/system/ip/system_processing_system7_0_0/system_processing_system7_0_0/system_processing_system7_0_0_in_context.xdc, line 213).
Applied set_property IO_BUFFER_TYPE = NONE for FIXED_IO_mio[3]. (constraint file  e:/7020_Project/25G/25G_PL/25G_PL.gen/sources_1/bd/system/ip/system_processing_system7_0_0/system_processing_system7_0_0/system_processing_system7_0_0_in_context.xdc, line 214).
Applied set_property CLOCK_BUFFER_TYPE = NONE for FIXED_IO_mio[3]. (constraint file  e:/7020_Project/25G/25G_PL/25G_PL.gen/sources_1/bd/system/ip/system_processing_system7_0_0/system_processing_system7_0_0/system_processing_system7_0_0_in_context.xdc, line 215).
Applied set_property IO_BUFFER_TYPE = NONE for FIXED_IO_mio[40]. (constraint file  e:/7020_Project/25G/25G_PL/25G_PL.gen/sources_1/bd/system/ip/system_processing_system7_0_0/system_processing_system7_0_0/system_processing_system7_0_0_in_context.xdc, line 216).
Applied set_property CLOCK_BUFFER_TYPE = NONE for FIXED_IO_mio[40]. (constraint file  e:/7020_Project/25G/25G_PL/25G_PL.gen/sources_1/bd/system/ip/system_processing_system7_0_0/system_processing_system7_0_0/system_processing_system7_0_0_in_context.xdc, line 217).
Applied set_property IO_BUFFER_TYPE = NONE for FIXED_IO_mio[41]. (constraint file  e:/7020_Project/25G/25G_PL/25G_PL.gen/sources_1/bd/system/ip/system_processing_system7_0_0/system_processing_system7_0_0/system_processing_system7_0_0_in_context.xdc, line 218).
Applied set_property CLOCK_BUFFER_TYPE = NONE for FIXED_IO_mio[41]. (constraint file  e:/7020_Project/25G/25G_PL/25G_PL.gen/sources_1/bd/system/ip/system_processing_system7_0_0/system_processing_system7_0_0/system_processing_system7_0_0_in_context.xdc, line 219).
Applied set_property IO_BUFFER_TYPE = NONE for FIXED_IO_mio[42]. (constraint file  e:/7020_Project/25G/25G_PL/25G_PL.gen/sources_1/bd/system/ip/system_processing_system7_0_0/system_processing_system7_0_0/system_processing_system7_0_0_in_context.xdc, line 220).
Applied set_property CLOCK_BUFFER_TYPE = NONE for FIXED_IO_mio[42]. (constraint file  e:/7020_Project/25G/25G_PL/25G_PL.gen/sources_1/bd/system/ip/system_processing_system7_0_0/system_processing_system7_0_0/system_processing_system7_0_0_in_context.xdc, line 221).
Applied set_property IO_BUFFER_TYPE = NONE for FIXED_IO_mio[43]. (constraint file  e:/7020_Project/25G/25G_PL/25G_PL.gen/sources_1/bd/system/ip/system_processing_system7_0_0/system_processing_system7_0_0/system_processing_system7_0_0_in_context.xdc, line 222).
Applied set_property CLOCK_BUFFER_TYPE = NONE for FIXED_IO_mio[43]. (constraint file  e:/7020_Project/25G/25G_PL/25G_PL.gen/sources_1/bd/system/ip/system_processing_system7_0_0/system_processing_system7_0_0/system_processing_system7_0_0_in_context.xdc, line 223).
Applied set_property IO_BUFFER_TYPE = NONE for FIXED_IO_mio[44]. (constraint file  e:/7020_Project/25G/25G_PL/25G_PL.gen/sources_1/bd/system/ip/system_processing_system7_0_0/system_processing_system7_0_0/system_processing_system7_0_0_in_context.xdc, line 224).
Applied set_property CLOCK_BUFFER_TYPE = NONE for FIXED_IO_mio[44]. (constraint file  e:/7020_Project/25G/25G_PL/25G_PL.gen/sources_1/bd/system/ip/system_processing_system7_0_0/system_processing_system7_0_0/system_processing_system7_0_0_in_context.xdc, line 225).
Applied set_property IO_BUFFER_TYPE = NONE for FIXED_IO_mio[45]. (constraint file  e:/7020_Project/25G/25G_PL/25G_PL.gen/sources_1/bd/system/ip/system_processing_system7_0_0/system_processing_system7_0_0/system_processing_system7_0_0_in_context.xdc, line 226).
Applied set_property CLOCK_BUFFER_TYPE = NONE for FIXED_IO_mio[45]. (constraint file  e:/7020_Project/25G/25G_PL/25G_PL.gen/sources_1/bd/system/ip/system_processing_system7_0_0/system_processing_system7_0_0/system_processing_system7_0_0_in_context.xdc, line 227).
Applied set_property IO_BUFFER_TYPE = NONE for FIXED_IO_mio[46]. (constraint file  e:/7020_Project/25G/25G_PL/25G_PL.gen/sources_1/bd/system/ip/system_processing_system7_0_0/system_processing_system7_0_0/system_processing_system7_0_0_in_context.xdc, line 228).
Applied set_property CLOCK_BUFFER_TYPE = NONE for FIXED_IO_mio[46]. (constraint file  e:/7020_Project/25G/25G_PL/25G_PL.gen/sources_1/bd/system/ip/system_processing_system7_0_0/system_processing_system7_0_0/system_processing_system7_0_0_in_context.xdc, line 229).
Applied set_property IO_BUFFER_TYPE = NONE for FIXED_IO_mio[47]. (constraint file  e:/7020_Project/25G/25G_PL/25G_PL.gen/sources_1/bd/system/ip/system_processing_system7_0_0/system_processing_system7_0_0/system_processing_system7_0_0_in_context.xdc, line 230).
Applied set_property CLOCK_BUFFER_TYPE = NONE for FIXED_IO_mio[47]. (constraint file  e:/7020_Project/25G/25G_PL/25G_PL.gen/sources_1/bd/system/ip/system_processing_system7_0_0/system_processing_system7_0_0/system_processing_system7_0_0_in_context.xdc, line 231).
Applied set_property IO_BUFFER_TYPE = NONE for FIXED_IO_mio[48]. (constraint file  e:/7020_Project/25G/25G_PL/25G_PL.gen/sources_1/bd/system/ip/system_processing_system7_0_0/system_processing_system7_0_0/system_processing_system7_0_0_in_context.xdc, line 232).
Applied set_property CLOCK_BUFFER_TYPE = NONE for FIXED_IO_mio[48]. (constraint file  e:/7020_Project/25G/25G_PL/25G_PL.gen/sources_1/bd/system/ip/system_processing_system7_0_0/system_processing_system7_0_0/system_processing_system7_0_0_in_context.xdc, line 233).
Applied set_property IO_BUFFER_TYPE = NONE for FIXED_IO_mio[49]. (constraint file  e:/7020_Project/25G/25G_PL/25G_PL.gen/sources_1/bd/system/ip/system_processing_system7_0_0/system_processing_system7_0_0/system_processing_system7_0_0_in_context.xdc, line 234).
Applied set_property CLOCK_BUFFER_TYPE = NONE for FIXED_IO_mio[49]. (constraint file  e:/7020_Project/25G/25G_PL/25G_PL.gen/sources_1/bd/system/ip/system_processing_system7_0_0/system_processing_system7_0_0/system_processing_system7_0_0_in_context.xdc, line 235).
Applied set_property IO_BUFFER_TYPE = NONE for FIXED_IO_mio[4]. (constraint file  e:/7020_Project/25G/25G_PL/25G_PL.gen/sources_1/bd/system/ip/system_processing_system7_0_0/system_processing_system7_0_0/system_processing_system7_0_0_in_context.xdc, line 236).
Applied set_property CLOCK_BUFFER_TYPE = NONE for FIXED_IO_mio[4]. (constraint file  e:/7020_Project/25G/25G_PL/25G_PL.gen/sources_1/bd/system/ip/system_processing_system7_0_0/system_processing_system7_0_0/system_processing_system7_0_0_in_context.xdc, line 237).
Applied set_property IO_BUFFER_TYPE = NONE for FIXED_IO_mio[50]. (constraint file  e:/7020_Project/25G/25G_PL/25G_PL.gen/sources_1/bd/system/ip/system_processing_system7_0_0/system_processing_system7_0_0/system_processing_system7_0_0_in_context.xdc, line 238).
Applied set_property CLOCK_BUFFER_TYPE = NONE for FIXED_IO_mio[50]. (constraint file  e:/7020_Project/25G/25G_PL/25G_PL.gen/sources_1/bd/system/ip/system_processing_system7_0_0/system_processing_system7_0_0/system_processing_system7_0_0_in_context.xdc, line 239).
Applied set_property IO_BUFFER_TYPE = NONE for FIXED_IO_mio[51]. (constraint file  e:/7020_Project/25G/25G_PL/25G_PL.gen/sources_1/bd/system/ip/system_processing_system7_0_0/system_processing_system7_0_0/system_processing_system7_0_0_in_context.xdc, line 240).
Applied set_property CLOCK_BUFFER_TYPE = NONE for FIXED_IO_mio[51]. (constraint file  e:/7020_Project/25G/25G_PL/25G_PL.gen/sources_1/bd/system/ip/system_processing_system7_0_0/system_processing_system7_0_0/system_processing_system7_0_0_in_context.xdc, line 241).
Applied set_property IO_BUFFER_TYPE = NONE for FIXED_IO_mio[52]. (constraint file  e:/7020_Project/25G/25G_PL/25G_PL.gen/sources_1/bd/system/ip/system_processing_system7_0_0/system_processing_system7_0_0/system_processing_system7_0_0_in_context.xdc, line 242).
Applied set_property CLOCK_BUFFER_TYPE = NONE for FIXED_IO_mio[52]. (constraint file  e:/7020_Project/25G/25G_PL/25G_PL.gen/sources_1/bd/system/ip/system_processing_system7_0_0/system_processing_system7_0_0/system_processing_system7_0_0_in_context.xdc, line 243).
Applied set_property IO_BUFFER_TYPE = NONE for FIXED_IO_mio[53]. (constraint file  e:/7020_Project/25G/25G_PL/25G_PL.gen/sources_1/bd/system/ip/system_processing_system7_0_0/system_processing_system7_0_0/system_processing_system7_0_0_in_context.xdc, line 244).
Applied set_property CLOCK_BUFFER_TYPE = NONE for FIXED_IO_mio[53]. (constraint file  e:/7020_Project/25G/25G_PL/25G_PL.gen/sources_1/bd/system/ip/system_processing_system7_0_0/system_processing_system7_0_0/system_processing_system7_0_0_in_context.xdc, line 245).
Applied set_property IO_BUFFER_TYPE = NONE for FIXED_IO_mio[5]. (constraint file  e:/7020_Project/25G/25G_PL/25G_PL.gen/sources_1/bd/system/ip/system_processing_system7_0_0/system_processing_system7_0_0/system_processing_system7_0_0_in_context.xdc, line 246).
Applied set_property CLOCK_BUFFER_TYPE = NONE for FIXED_IO_mio[5]. (constraint file  e:/7020_Project/25G/25G_PL/25G_PL.gen/sources_1/bd/system/ip/system_processing_system7_0_0/system_processing_system7_0_0/system_processing_system7_0_0_in_context.xdc, line 247).
Applied set_property IO_BUFFER_TYPE = NONE for FIXED_IO_mio[6]. (constraint file  e:/7020_Project/25G/25G_PL/25G_PL.gen/sources_1/bd/system/ip/system_processing_system7_0_0/system_processing_system7_0_0/system_processing_system7_0_0_in_context.xdc, line 248).
Applied set_property CLOCK_BUFFER_TYPE = NONE for FIXED_IO_mio[6]. (constraint file  e:/7020_Project/25G/25G_PL/25G_PL.gen/sources_1/bd/system/ip/system_processing_system7_0_0/system_processing_system7_0_0/system_processing_system7_0_0_in_context.xdc, line 249).
Applied set_property IO_BUFFER_TYPE = NONE for FIXED_IO_mio[7]. (constraint file  e:/7020_Project/25G/25G_PL/25G_PL.gen/sources_1/bd/system/ip/system_processing_system7_0_0/system_processing_system7_0_0/system_processing_system7_0_0_in_context.xdc, line 250).
Applied set_property CLOCK_BUFFER_TYPE = NONE for FIXED_IO_mio[7]. (constraint file  e:/7020_Project/25G/25G_PL/25G_PL.gen/sources_1/bd/system/ip/system_processing_system7_0_0/system_processing_system7_0_0/system_processing_system7_0_0_in_context.xdc, line 251).
Applied set_property IO_BUFFER_TYPE = NONE for FIXED_IO_mio[8]. (constraint file  e:/7020_Project/25G/25G_PL/25G_PL.gen/sources_1/bd/system/ip/system_processing_system7_0_0/system_processing_system7_0_0/system_processing_system7_0_0_in_context.xdc, line 252).
Applied set_property CLOCK_BUFFER_TYPE = NONE for FIXED_IO_mio[8]. (constraint file  e:/7020_Project/25G/25G_PL/25G_PL.gen/sources_1/bd/system/ip/system_processing_system7_0_0/system_processing_system7_0_0/system_processing_system7_0_0_in_context.xdc, line 253).
Applied set_property IO_BUFFER_TYPE = NONE for FIXED_IO_mio[9]. (constraint file  e:/7020_Project/25G/25G_PL/25G_PL.gen/sources_1/bd/system/ip/system_processing_system7_0_0/system_processing_system7_0_0/system_processing_system7_0_0_in_context.xdc, line 254).
Applied set_property CLOCK_BUFFER_TYPE = NONE for FIXED_IO_mio[9]. (constraint file  e:/7020_Project/25G/25G_PL/25G_PL.gen/sources_1/bd/system/ip/system_processing_system7_0_0/system_processing_system7_0_0/system_processing_system7_0_0_in_context.xdc, line 255).
Applied set_property IO_BUFFER_TYPE = NONE for FIXED_IO_ps_clk. (constraint file  e:/7020_Project/25G/25G_PL/25G_PL.gen/sources_1/bd/system/ip/system_processing_system7_0_0/system_processing_system7_0_0/system_processing_system7_0_0_in_context.xdc, line 256).
Applied set_property CLOCK_BUFFER_TYPE = NONE for FIXED_IO_ps_clk. (constraint file  e:/7020_Project/25G/25G_PL/25G_PL.gen/sources_1/bd/system/ip/system_processing_system7_0_0/system_processing_system7_0_0/system_processing_system7_0_0_in_context.xdc, line 257).
Applied set_property IO_BUFFER_TYPE = NONE for FIXED_IO_ps_porb. (constraint file  e:/7020_Project/25G/25G_PL/25G_PL.gen/sources_1/bd/system/ip/system_processing_system7_0_0/system_processing_system7_0_0/system_processing_system7_0_0_in_context.xdc, line 258).
Applied set_property CLOCK_BUFFER_TYPE = NONE for FIXED_IO_ps_porb. (constraint file  e:/7020_Project/25G/25G_PL/25G_PL.gen/sources_1/bd/system/ip/system_processing_system7_0_0/system_processing_system7_0_0/system_processing_system7_0_0_in_context.xdc, line 259).
Applied set_property IO_BUFFER_TYPE = NONE for FIXED_IO_ps_srstb. (constraint file  e:/7020_Project/25G/25G_PL/25G_PL.gen/sources_1/bd/system/ip/system_processing_system7_0_0/system_processing_system7_0_0/system_processing_system7_0_0_in_context.xdc, line 260).
Applied set_property CLOCK_BUFFER_TYPE = NONE for FIXED_IO_ps_srstb. (constraint file  e:/7020_Project/25G/25G_PL/25G_PL.gen/sources_1/bd/system/ip/system_processing_system7_0_0/system_processing_system7_0_0/system_processing_system7_0_0_in_context.xdc, line 261).
Applied set_property IO_BUFFER_TYPE = NONE for i_clk_50m. (constraint file  e:/7020_Project/25G/25G_PL/25G_PL.gen/sources_1/ip/PLL_AD/PLL_AD/PLL_AD_in_context.xdc, line 4).
Applied set_property CLOCK_BUFFER_TYPE = NONE for i_clk_50m. (constraint file  e:/7020_Project/25G/25G_PL/25G_PL.gen/sources_1/ip/PLL_AD/PLL_AD/PLL_AD_in_context.xdc, line 5).
Applied set_property KEEP_HIERARCHY = SOFT for u_system/system_i. (constraint file  auto generated constraint).
Applied set_property KEEP_HIERARCHY = SOFT for u_system/system_i/Pll_DA. (constraint file  auto generated constraint).
Applied set_property KEEP_HIERARCHY = SOFT for u_system/system_i/axi_bram_ctrl_0. (constraint file  auto generated constraint).
Applied set_property KEEP_HIERARCHY = SOFT for u_system/system_i/axi_dma_adc. (constraint file  auto generated constraint).
Applied set_property KEEP_HIERARCHY = SOFT for u_system/system_i/axi_interconnect_0/xbar. (constraint file  auto generated constraint).
Applied set_property KEEP_HIERARCHY = SOFT for u_system/system_i/axi_interconnect_0/s00_couplers/auto_pc. (constraint file  auto generated constraint).
Applied set_property KEEP_HIERARCHY = SOFT for u_system/system_i/axi_interconnect_0. (constraint file  auto generated constraint).
Applied set_property KEEP_HIERARCHY = SOFT for u_system/system_i/axis_data_fifo_0. (constraint file  auto generated constraint).
Applied set_property KEEP_HIERARCHY = SOFT for u_system/system_i/blk_PS_TO_PL. (constraint file  auto generated constraint).
Applied set_property KEEP_HIERARCHY = SOFT for u_system/system_i/iq_demodulator_0. (constraint file  auto generated constraint).
Applied set_property KEEP_HIERARCHY = SOFT for u_system/system_i/proc_sys_reset_0. (constraint file  auto generated constraint).
Applied set_property KEEP_HIERARCHY = SOFT for u_system/system_i/processing_system7_0. (constraint file  auto generated constraint).
Applied set_property KEEP_HIERARCHY = SOFT for u_system/system_i/smartconnect_0. (constraint file  auto generated constraint).
Applied set_property KEEP_HIERARCHY = SOFT for u_system/system_i/ad_fifo_monitor_axi_0. (constraint file  auto generated constraint).
Applied set_property KEEP_HIERARCHY = SOFT for u_h_top/ad_clk. (constraint file  auto generated constraint).
Applied set_property KEEP_HIERARCHY = SOFT for u_h_top/sine_a. (constraint file  auto generated constraint).
Applied set_property KEEP_HIERARCHY = SOFT for u_h_top/sine_b. (constraint file  auto generated constraint).
Applied set_property KEEP_HIERARCHY = SOFT for u_h_top/triangle_a. (constraint file  auto generated constraint).
Applied set_property KEEP_HIERARCHY = SOFT for u_h_top/triangle_b. (constraint file  auto generated constraint).
Applied set_property KEEP_HIERARCHY = SOFT for u_h_top/u_dac_dds. (constraint file  auto generated constraint).
Applied set_property KEEP_HIERARCHY = SOFT for u_h_top/u_ad_fifo. (constraint file  auto generated constraint).
---------------------------------------------------------------------------------
Finished applying 'set_property' XDC Constraints : Time (s): cpu = 00:00:02 ; elapsed = 00:00:11 . Memory (MB): peak = 1258.906 ; gain = 152.074
---------------------------------------------------------------------------------
---------------------------------------------------------------------------------
Finished RTL Optimization Phase 2 : Time (s): cpu = 00:00:02 ; elapsed = 00:00:11 . Memory (MB): peak = 1258.906 ; gain = 152.074
---------------------------------------------------------------------------------
---------------------------------------------------------------------------------
Start RTL Component Statistics 
---------------------------------------------------------------------------------
Detailed RTL Component Info : 
+---Adders : 
	   2 Input   12 Bit       Adders := 1     
+---Registers : 
	               12 Bit    Registers := 1     
+---Muxes : 
	   2 Input   12 Bit        Muxes := 1     
---------------------------------------------------------------------------------
Finished RTL Component Statistics 
---------------------------------------------------------------------------------
---------------------------------------------------------------------------------
Start Part Resource Summary
---------------------------------------------------------------------------------
Part Resources:
DSPs: 220 (col length:60)
BRAMs: 280 (col length: RAMB18 60 RAMB36 30)
---------------------------------------------------------------------------------
Finished Part Resource Summary
---------------------------------------------------------------------------------
---------------------------------------------------------------------------------
Start Cross Boundary and Area Optimization
---------------------------------------------------------------------------------
---------------------------------------------------------------------------------
Finished Cross Boundary and Area Optimization : Time (s): cpu = 00:00:02 ; elapsed = 00:00:12 . Memory (MB): peak = 1258.906 ; gain = 152.074
---------------------------------------------------------------------------------
---------------------------------------------------------------------------------
Start Applying XDC Timing Constraints
---------------------------------------------------------------------------------
WARNING: [Synth 8-565] redefining clock 'i_clk_50m'
WARNING: [Synth 8-565] redefining clock 'i_clk_50m'
---------------------------------------------------------------------------------
Finished Applying XDC Timing Constraints : Time (s): cpu = 00:00:03 ; elapsed = 00:00:17 . Memory (MB): peak = 1258.906 ; gain = 152.074
---------------------------------------------------------------------------------
---------------------------------------------------------------------------------
Start Timing Optimization
---------------------------------------------------------------------------------
---------------------------------------------------------------------------------
Finished Timing Optimization : Time (s): cpu = 00:00:03 ; elapsed = 00:00:17 . Memory (MB): peak = 1265.512 ; gain = 158.680
---------------------------------------------------------------------------------
---------------------------------------------------------------------------------
Start Technology Mapping
---------------------------------------------------------------------------------
---------------------------------------------------------------------------------
Finished Technology Mapping : Time (s): cpu = 00:00:03 ; elapsed = 00:00:17 . Memory (MB): peak = 1266.285 ; gain = 159.453
---------------------------------------------------------------------------------
---------------------------------------------------------------------------------
Start IO Insertion
---------------------------------------------------------------------------------
---------------------------------------------------------------------------------
Start Flattening Before IO Insertion
---------------------------------------------------------------------------------
---------------------------------------------------------------------------------
Finished Flattening Before IO Insertion
---------------------------------------------------------------------------------
---------------------------------------------------------------------------------
Start Final Netlist Cleanup
---------------------------------------------------------------------------------
---------------------------------------------------------------------------------
Finished Final Netlist Cleanup
---------------------------------------------------------------------------------
---------------------------------------------------------------------------------
Finished IO Insertion : Time (s): cpu = 00:00:03 ; elapsed = 00:00:19 . Memory (MB): peak = 1273.039 ; gain = 166.207
---------------------------------------------------------------------------------
---------------------------------------------------------------------------------
Start Renaming Generated Instances
---------------------------------------------------------------------------------
---------------------------------------------------------------------------------
Finished Renaming Generated Instances : Time (s): cpu = 00:00:03 ; elapsed = 00:00:19 . Memory (MB): peak = 1273.039 ; gain = 166.207
---------------------------------------------------------------------------------
---------------------------------------------------------------------------------
Start Rebuilding User Hierarchy
---------------------------------------------------------------------------------
---------------------------------------------------------------------------------
Finished Rebuilding User Hierarchy : Time (s): cpu = 00:00:03 ; elapsed = 00:00:19 . Memory (MB): peak = 1273.039 ; gain = 166.207
---------------------------------------------------------------------------------
---------------------------------------------------------------------------------
Start Renaming Generated Ports
---------------------------------------------------------------------------------
---------------------------------------------------------------------------------
Finished Renaming Generated Ports : Time (s): cpu = 00:00:03 ; elapsed = 00:00:19 . Memory (MB): peak = 1273.039 ; gain = 166.207
---------------------------------------------------------------------------------
---------------------------------------------------------------------------------
Start Handling Custom Attributes
---------------------------------------------------------------------------------
---------------------------------------------------------------------------------
Finished Handling Custom Attributes : Time (s): cpu = 00:00:03 ; elapsed = 00:00:19 . Memory (MB): peak = 1273.039 ; gain = 166.207
---------------------------------------------------------------------------------
---------------------------------------------------------------------------------
Start Renaming Generated Nets
---------------------------------------------------------------------------------
---------------------------------------------------------------------------------
Finished Renaming Generated Nets : Time (s): cpu = 00:00:03 ; elapsed = 00:00:19 . Memory (MB): peak = 1273.039 ; gain = 166.207
---------------------------------------------------------------------------------
---------------------------------------------------------------------------------
Start Writing Synthesis Report
---------------------------------------------------------------------------------

Report BlackBoxes: 
+------+-------------------------------+----------+
|      |BlackBox name                  |Instances |
+------+-------------------------------+----------+
|1     |PLL_AD                         |         1|
|2     |ad_fifo_wrapper_0              |         1|
|3     |blk_rom_sine                   |         2|
|4     |blk_rom_triangle               |         2|
|5     |DDS_DAC                        |         1|
|6     |system_xbar_0                  |         1|
|7     |system_auto_pc_0               |         1|
|8     |system_Pll_DA_0                |         1|
|9     |system_ad_fifo_monitor_axi_0_0 |         1|
|10    |system_axi_bram_ctrl_0_0       |         1|
|11    |system_axi_dma_adc_0           |         1|
|12    |system_axis_data_fifo_0_0      |         1|
|13    |system_blk_PS_TO_PL_0          |         1|
|14    |system_iq_demodulator_0_0      |         1|
|15    |system_proc_sys_reset_0_0      |         1|
|16    |system_processing_system7_0_0  |         1|
|17    |system_smartconnect_0_0        |         1|
+------+-------------------------------+----------+

Report Cell Usage: 
+------+-----------------------------+------+
|      |Cell                         |Count |
+------+-----------------------------+------+
|1     |DDS_DAC                      |     1|
|2     |PLL_AD                       |     1|
|3     |ad_fifo_wrapper              |     1|
|4     |blk_rom_sine                 |     1|
|5     |blk_rom_sine_                |     1|
|6     |blk_rom_triangle             |     1|
|7     |blk_rom_triangle_            |     1|
|8     |system_Pll_DA                |     1|
|9     |system_ad_fifo_monitor_axi_0 |     1|
|10    |system_auto_pc               |     1|
|11    |system_axi_bram_ctrl_0       |     1|
|12    |system_axi_dma_adc           |     1|
|13    |system_axis_data_fifo_0      |     1|
|14    |system_blk_PS_TO_PL          |     1|
|15    |system_iq_demodulator_0      |     1|
|16    |system_proc_sys_reset_0      |     1|
|17    |system_processing_system7_0  |     1|
|18    |system_smartconnect_0        |     1|
|19    |system_xbar                  |     1|
|20    |CARRY4                       |     3|
|21    |LUT1                         |     2|
|22    |LUT2                         |    14|
|23    |LUT4                         |     2|
|24    |LUT6                         |     1|
|25    |ODDR                         |     4|
|26    |FDCE                         |    12|
|27    |IBUF                         |    16|
|28    |OBUF                         |    33|
+------+-----------------------------+------+
---------------------------------------------------------------------------------
Finished Writing Synthesis Report : Time (s): cpu = 00:00:03 ; elapsed = 00:00:19 . Memory (MB): peak = 1273.039 ; gain = 166.207
---------------------------------------------------------------------------------
Synthesis finished with 0 errors, 0 critical warnings and 2 warnings.
Synthesis Optimization Runtime : Time (s): cpu = 00:00:02 ; elapsed = 00:00:16 . Memory (MB): peak = 1273.039 ; gain = 57.055
Synthesis Optimization Complete : Time (s): cpu = 00:00:03 ; elapsed = 00:00:19 . Memory (MB): peak = 1273.039 ; gain = 166.207
INFO: [Project 1-571] Translating synthesized netlist
Netlist sorting complete. Time (s): cpu = 00:00:00 ; elapsed = 00:00:00.028 . Memory (MB): peak = 1273.039 ; gain = 0.000
INFO: [Netlist 29-17] Analyzing 7 Unisim elements for replacement
INFO: [Netlist 29-28] Unisim Transformation completed in 0 CPU seconds
INFO: [Project 1-570] Preparing netlist for logic optimization
INFO: [Opt 31-138] Pushed 0 inverter(s) to 0 load pin(s).
Netlist sorting complete. Time (s): cpu = 00:00:00 ; elapsed = 00:00:00 . Memory (MB): peak = 1293.996 ; gain = 0.000
INFO: [Project 1-111] Unisim Transformation Summary:
No Unisim elements were transformed.

INFO: [Common 17-83] Releasing license: Synthesis
84 Infos, 298 Warnings, 32 Critical Warnings and 0 Errors encountered.
synth_design completed successfully
synth_design: Time (s): cpu = 00:00:05 ; elapsed = 00:00:25 . Memory (MB): peak = 1293.996 ; gain = 187.164
INFO: [Common 17-600] The following parameters have non-default value.
general.maxThreads
INFO: [runtcl-6] Synthesis results are not added to the cache due to CRITICAL_WARNING
INFO: [Common 17-1381] The checkpoint 'E:/7020_Project/25G/25G_PL/25G_PL.runs/synth_1/top.dcp' has been generated.
INFO: [runtcl-4] Executing : report_utilization -file top_utilization_synth.rpt -pb top_utilization_synth.pb
INFO: [Common 17-206] Exiting Vivado at Fri Jul 24 20:24:53 2026...
[Fri Jul 24 20:24:57 2026] synth_1 finished
wait_on_run: Time (s): cpu = 00:00:00 ; elapsed = 00:00:40 . Memory (MB): peak = 1106.246 ; gain = 0.000
# progress "launching implementation run impl_1 through write_bitstream"
2026-07-24 20:24:57 PL build: launching implementation run impl_1 through write_bitstream
# launch_runs impl_1 -to_step write_bitstream -jobs $threads
[Fri Jul 24 20:25:00 2026] Launched impl_1...
Run output will be captured here: E:/7020_Project/25G/25G_PL/25G_PL.runs/impl_1/runme.log
# progress "waiting for implementation and bitstream generation"
2026-07-24 20:25:00 PL build: waiting for implementation and bitstream generation
# wait_on_run impl_1
[Fri Jul 24 20:25:00 2026] Waiting for impl_1 to finish...

*** Running vivado
    with args -log top.vdi -applog -m64 -product Vivado -messageDb vivado.pb -mode batch -source top.tcl -notrace



****** Vivado v2020.2 (64-bit)
  **** SW Build 3064766 on Wed Nov 18 09:12:45 MST 2020
  **** IP Build 3064653 on Wed Nov 18 14:17:31 MST 2020
    ** Copyright 1986-2020 Xilinx, Inc. All Rights Reserved.

source top.tcl -notrace
INFO: [IP_Flow 19-234] Refreshing IP repositories
INFO: [IP_Flow 19-1700] Loaded user IP repository 'e:/7020_Project/25G/25G_PL/ip_core'.
INFO: [IP_Flow 19-2313] Loaded Vivado IP repository 'D:/FPGA/Xilinx/Vivado/2020.2/data/ip'.
Command: link_design -top top -part xc7z020clg400-2
Design is defaulting to srcset: sources_1
Design is defaulting to constrset: constrs_1
INFO: [Device 21-403] Loading part xc7z020clg400-2
INFO: [Project 1-454] Reading design checkpoint 'e:/7020_Project/25G/25G_PL/25G_PL.gen/sources_1/ip/PLL_AD/PLL_AD.dcp' for cell 'u_h_top/ad_clk'
INFO: [Project 1-454] Reading design checkpoint 'e:/7020_Project/25G/25G_PL/25G_PL.gen/sources_1/ip/blk_rom_sine/blk_rom_sine.dcp' for cell 'u_h_top/sine_a'
INFO: [Project 1-454] Reading design checkpoint 'e:/7020_Project/25G/25G_PL/25G_PL.gen/sources_1/ip/blk_rom_triangle/blk_rom_triangle.dcp' for cell 'u_h_top/triangle_a'
INFO: [Project 1-454] Reading design checkpoint 'e:/7020_Project/25G/25G_PL/25G_PL.gen/sources_1/ip/ad_fifo_wrapper_0/ad_fifo_wrapper_0.dcp' for cell 'u_h_top/u_ad_fifo'
INFO: [Project 1-454] Reading design checkpoint 'e:/7020_Project/25G/25G_PL/25G_PL.gen/sources_1/ip/DDS_DAC/DDS_DAC.dcp' for cell 'u_h_top/u_dac_dds'
INFO: [Project 1-454] Reading design checkpoint 'e:/7020_Project/25G/25G_PL/25G_PL.gen/sources_1/bd/system/ip/system_Pll_DA_0/system_Pll_DA_0.dcp' for cell 'u_system/system_i/Pll_DA'
INFO: [Project 1-454] Reading design checkpoint 'e:/7020_Project/25G/25G_PL/25G_PL.gen/sources_1/bd/system/ip/system_ad_fifo_monitor_axi_0_0/system_ad_fifo_monitor_axi_0_0.dcp' for cell 'u_system/system_i/ad_fifo_monitor_axi_0'
INFO: [Project 1-454] Reading design checkpoint 'e:/7020_Project/25G/25G_PL/25G_PL.gen/sources_1/bd/system/ip/system_axi_bram_ctrl_0_0/system_axi_bram_ctrl_0_0.dcp' for cell 'u_system/system_i/axi_bram_ctrl_0'
INFO: [Project 1-454] Reading design checkpoint 'e:/7020_Project/25G/25G_PL/25G_PL.gen/sources_1/bd/system/ip/system_axi_dma_adc_0/system_axi_dma_adc_0.dcp' for cell 'u_system/system_i/axi_dma_adc'
INFO: [Project 1-454] Reading design checkpoint 'e:/7020_Project/25G/25G_PL/25G_PL.gen/sources_1/bd/system/ip/system_axis_data_fifo_0_0/system_axis_data_fifo_0_0.dcp' for cell 'u_system/system_i/axis_data_fifo_0'
INFO: [Project 1-454] Reading design checkpoint 'e:/7020_Project/25G/25G_PL/25G_PL.gen/sources_1/bd/system/ip/system_blk_PS_TO_PL_0/system_blk_PS_TO_PL_0.dcp' for cell 'u_system/system_i/blk_PS_TO_PL'
INFO: [Project 1-454] Reading design checkpoint 'e:/7020_Project/25G/25G_PL/25G_PL.gen/sources_1/bd/system/ip/system_iq_demodulator_0_0/system_iq_demodulator_0_0.dcp' for cell 'u_system/system_i/iq_demodulator_0'
INFO: [Project 1-454] Reading design checkpoint 'e:/7020_Project/25G/25G_PL/25G_PL.gen/sources_1/bd/system/ip/system_proc_sys_reset_0_0/system_proc_sys_reset_0_0.dcp' for cell 'u_system/system_i/proc_sys_reset_0'
INFO: [Project 1-454] Reading design checkpoint 'e:/7020_Project/25G/25G_PL/25G_PL.gen/sources_1/bd/system/ip/system_processing_system7_0_0/system_processing_system7_0_0.dcp' for cell 'u_system/system_i/processing_system7_0'
INFO: [Project 1-454] Reading design checkpoint 'e:/7020_Project/25G/25G_PL/25G_PL.gen/sources_1/bd/system/ip/system_smartconnect_0_0/system_smartconnect_0_0.dcp' for cell 'u_system/system_i/smartconnect_0'
INFO: [Project 1-454] Reading design checkpoint 'e:/7020_Project/25G/25G_PL/25G_PL.gen/sources_1/bd/system/ip/system_xbar_0/system_xbar_0.dcp' for cell 'u_system/system_i/axi_interconnect_0/xbar'
INFO: [Project 1-454] Reading design checkpoint 'e:/7020_Project/25G/25G_PL/25G_PL.gen/sources_1/bd/system/ip/system_auto_pc_0_1/system_auto_pc_0.dcp' for cell 'u_system/system_i/axi_interconnect_0/s00_couplers/auto_pc'
Netlist sorting complete. Time (s): cpu = 00:00:00 ; elapsed = 00:00:00.345 . Memory (MB): peak = 1104.621 ; gain = 0.000
INFO: [Netlist 29-17] Analyzing 464 Unisim elements for replacement
INFO: [Netlist 29-28] Unisim Transformation completed in 0 CPU seconds
INFO: [Project 1-479] Netlist was created with Vivado 2020.2
INFO: [Project 1-570] Preparing netlist for logic optimization
WARNING: [Opt 31-32] Removing redundant IBUF since it is not being driven by a top-level port. u_system/system_i/Pll_DA/inst/clkin1_ibufg 
Resolution: The tool has removed redundant IBUF. To resolve this warning, check for redundant IBUF in the input design.
WARNING: [Constraints 18-550] Could not create 'IBUF_LOW_PWR' constraint because net 'u_system/system_i/Pll_DA/clk_in1' is not directly connected to top level port. Synthesis is ignored for IBUF_LOW_PWR but preserved for implementation.
Parsing XDC File [e:/7020_Project/25G/25G_PL/25G_PL.gen/sources_1/bd/system/ip/system_Pll_DA_0/system_Pll_DA_0_board.xdc] for cell 'u_system/system_i/Pll_DA/inst'
Finished Parsing XDC File [e:/7020_Project/25G/25G_PL/25G_PL.gen/sources_1/bd/system/ip/system_Pll_DA_0/system_Pll_DA_0_board.xdc] for cell 'u_system/system_i/Pll_DA/inst'
Parsing XDC File [e:/7020_Project/25G/25G_PL/25G_PL.gen/sources_1/bd/system/ip/system_Pll_DA_0/system_Pll_DA_0.xdc] for cell 'u_system/system_i/Pll_DA/inst'
INFO: [Timing 38-35] Done setting XDC timing constraints. [e:/7020_Project/25G/25G_PL/25G_PL.gen/sources_1/bd/system/ip/system_Pll_DA_0/system_Pll_DA_0.xdc:57]
INFO: [Timing 38-2] Deriving generated clocks [e:/7020_Project/25G/25G_PL/25G_PL.gen/sources_1/bd/system/ip/system_Pll_DA_0/system_Pll_DA_0.xdc:57]
get_clocks: Time (s): cpu = 00:00:02 ; elapsed = 00:00:06 . Memory (MB): peak = 1607.652 ; gain = 503.031
Finished Parsing XDC File [e:/7020_Project/25G/25G_PL/25G_PL.gen/sources_1/bd/system/ip/system_Pll_DA_0/system_Pll_DA_0.xdc] for cell 'u_system/system_i/Pll_DA/inst'
Parsing XDC File [e:/7020_Project/25G/25G_PL/25G_PL.gen/sources_1/bd/system/ip/system_axi_dma_adc_0/system_axi_dma_adc_0.xdc] for cell 'u_system/system_i/axi_dma_adc/U0'
WARNING: [Vivado_Tcl 4-921] Waiver ID 'CDC-1' -to list should not be empty. [e:/7020_Project/25G/25G_PL/25G_PL.gen/sources_1/bd/system/ip/system_axi_dma_adc_0/system_axi_dma_adc_0.xdc:52]
WARNING: [Vivado_Tcl 4-921] Waiver ID 'CDC-1' -to list should not be empty. [e:/7020_Project/25G/25G_PL/25G_PL.gen/sources_1/bd/system/ip/system_axi_dma_adc_0/system_axi_dma_adc_0.xdc:56]
WARNING: [Vivado_Tcl 4-919] Waiver ID 'CDC-1' -from list should not be empty. [e:/7020_Project/25G/25G_PL/25G_PL.gen/sources_1/bd/system/ip/system_axi_dma_adc_0/system_axi_dma_adc_0.xdc:61]
Finished Parsing XDC File [e:/7020_Project/25G/25G_PL/25G_PL.gen/sources_1/bd/system/ip/system_axi_dma_adc_0/system_axi_dma_adc_0.xdc] for cell 'u_system/system_i/axi_dma_adc/U0'
Parsing XDC File [e:/7020_Project/25G/25G_PL/25G_PL.gen/sources_1/bd/system/ip/system_proc_sys_reset_0_0/system_proc_sys_reset_0_0_board.xdc] for cell 'u_system/system_i/proc_sys_reset_0/U0'
Finished Parsing XDC File [e:/7020_Project/25G/25G_PL/25G_PL.gen/sources_1/bd/system/ip/system_proc_sys_reset_0_0/system_proc_sys_reset_0_0_board.xdc] for cell 'u_system/system_i/proc_sys_reset_0/U0'
Parsing XDC File [e:/7020_Project/25G/25G_PL/25G_PL.gen/sources_1/bd/system/ip/system_proc_sys_reset_0_0/system_proc_sys_reset_0_0.xdc] for cell 'u_system/system_i/proc_sys_reset_0/U0'
Finished Parsing XDC File [e:/7020_Project/25G/25G_PL/25G_PL.gen/sources_1/bd/system/ip/system_proc_sys_reset_0_0/system_proc_sys_reset_0_0.xdc] for cell 'u_system/system_i/proc_sys_reset_0/U0'
Parsing XDC File [e:/7020_Project/25G/25G_PL/25G_PL.gen/sources_1/bd/system/ip/system_processing_system7_0_0/system_processing_system7_0_0.xdc] for cell 'u_system/system_i/processing_system7_0/inst'
Finished Parsing XDC File [e:/7020_Project/25G/25G_PL/25G_PL.gen/sources_1/bd/system/ip/system_processing_system7_0_0/system_processing_system7_0_0.xdc] for cell 'u_system/system_i/processing_system7_0/inst'
Parsing XDC File [e:/7020_Project/25G/25G_PL/25G_PL.gen/sources_1/bd/system/ip/system_smartconnect_0_0/bd_0/ip/ip_1/bd_919a_psr_aclk_0_board.xdc] for cell 'u_system/system_i/smartconnect_0/inst/clk_map/psr_aclk/U0'
Finished Parsing XDC File [e:/7020_Project/25G/25G_PL/25G_PL.gen/sources_1/bd/system/ip/system_smartconnect_0_0/bd_0/ip/ip_1/bd_919a_psr_aclk_0_board.xdc] for cell 'u_system/system_i/smartconnect_0/inst/clk_map/psr_aclk/U0'
Parsing XDC File [e:/7020_Project/25G/25G_PL/25G_PL.gen/sources_1/bd/system/ip/system_smartconnect_0_0/bd_0/ip/ip_1/bd_919a_psr_aclk_0.xdc] for cell 'u_system/system_i/smartconnect_0/inst/clk_map/psr_aclk/U0'
Finished Parsing XDC File [e:/7020_Project/25G/25G_PL/25G_PL.gen/sources_1/bd/system/ip/system_smartconnect_0_0/bd_0/ip/ip_1/bd_919a_psr_aclk_0.xdc] for cell 'u_system/system_i/smartconnect_0/inst/clk_map/psr_aclk/U0'
Parsing XDC File [e:/7020_Project/25G/25G_PL/25G_PL.gen/sources_1/ip/PLL_AD/PLL_AD_board.xdc] for cell 'u_h_top/ad_clk/inst'
Finished Parsing XDC File [e:/7020_Project/25G/25G_PL/25G_PL.gen/sources_1/ip/PLL_AD/PLL_AD_board.xdc] for cell 'u_h_top/ad_clk/inst'
Parsing XDC File [e:/7020_Project/25G/25G_PL/25G_PL.gen/sources_1/ip/PLL_AD/PLL_AD.xdc] for cell 'u_h_top/ad_clk/inst'
INFO: [Timing 38-2] Deriving generated clocks [e:/7020_Project/25G/25G_PL/25G_PL.gen/sources_1/ip/PLL_AD/PLL_AD.xdc:57]
Finished Parsing XDC File [e:/7020_Project/25G/25G_PL/25G_PL.gen/sources_1/ip/PLL_AD/PLL_AD.xdc] for cell 'u_h_top/ad_clk/inst'
Parsing XDC File [e:/7020_Project/25G/25G_PL/25G_PL.gen/sources_1/ip/ad_fifo_wrapper_0/src/fifo_generator_0/fifo_generator_0.xdc] for cell 'u_h_top/u_ad_fifo/inst/u_fifo/my_fifo_ip/U0'
Finished Parsing XDC File [e:/7020_Project/25G/25G_PL/25G_PL.gen/sources_1/ip/ad_fifo_wrapper_0/src/fifo_generator_0/fifo_generator_0.xdc] for cell 'u_h_top/u_ad_fifo/inst/u_fifo/my_fifo_ip/U0'
Parsing XDC File [E:/7020_Project/25G/25G_PL/25G_PL.srcs/constrs_1/new/23H.xdc]
WARNING: [Constraints 18-619] A clock with name 'clk_fpga_0' already exists, overwriting the previous clock with the same name. [E:/7020_Project/25G/25G_PL/25G_PL.srcs/constrs_1/new/23H.xdc:32]
WARNING: [Constraints 18-619] A clock with name 'u_system/system_i/Pll_DA/inst/clk_in1' already exists, overwriting the previous clock with the same name. [E:/7020_Project/25G/25G_PL/25G_PL.srcs/constrs_1/new/23H.xdc:979]
CRITICAL WARNING: [Vivado 12-613] Cannot find cell 'u_h_top/u_ad9767/ila_debug/inst' in current context, where current instance = '' and current design = 'design_1' [E:/7020_Project/25G/25G_PL/25G_PL.srcs/constrs_1/new/23H.xdc:1065]
WARNING: [Vivado 12-180] No cells matched 'get_cells -hierarchical -filter {NAME =~ "*allx_typeA_match_detection.ltlib_v1_0_0_allx_typeA_inst/DUT/I_WHOLE_SLICE.G_SLICE_IDX[*].U_ALL_SRL_SLICE/u_srl*/S*"}'. [E:/7020_Project/25G/25G_PL/25G_PL.srcs/constrs_1/new/23H.xdc:1066]
WARNING: [Vivado 12-508] No pins matched 'get_pins -filter REF_PIN_NAME=~CLK* -of_objects [get_cells -hierarchical -filter {NAME =~ "*allx_typeA_match_detection.ltlib_v1_0_0_allx_typeA_inst/DUT/I_WHOLE_SLICE.G_SLICE_IDX[*].U_ALL_SRL_SLICE/u_srl*/S*"}]'. [E:/7020_Project/25G/25G_PL/25G_PL.srcs/constrs_1/new/23H.xdc:1066]
WARNING: [Vivado 12-180] No cells matched 'get_cells -hierarchical -filter {NAME =~ "*allx_typeA_match_detection.ltlib_v1_0_0_allx_typeA_inst/DUT/I_WHOLE_SLICE.G_SLICE_IDX[*].U_ALL_SRL_SLICE/I_IS_TERMINATION_SLICE_W_OUTPUT_REG.DOUT_O_reg*"}'. [E:/7020_Project/25G/25G_PL/25G_PL.srcs/constrs_1/new/23H.xdc:1066]
WARNING: [Vivado 12-508] No pins matched 'get_pins -filter REF_PIN_NAME=~D* -of_objects [get_cells -hierarchical -filter {NAME =~ "*allx_typeA_match_detection.ltlib_v1_0_0_allx_typeA_inst/DUT/I_WHOLE_SLICE.G_SLICE_IDX[*].U_ALL_SRL_SLICE/I_IS_TERMINATION_SLICE_W_OUTPUT_REG.DOUT_O_reg*"}]'. [E:/7020_Project/25G/25G_PL/25G_PL.srcs/constrs_1/new/23H.xdc:1066]
CRITICAL WARNING: [Vivado 12-4739] set_false_path:No valid object(s) found for '-from [get_pins -filter REF_PIN_NAME=~CLK* -of_objects [get_cells -hierarchical -filter {NAME =~ "*allx_typeA_match_detection.ltlib_v1_0_0_allx_typeA_inst/DUT/I_WHOLE_SLICE.G_SLICE_IDX[*].U_ALL_SRL_SLICE/u_srl*/S*"}]]'. [E:/7020_Project/25G/25G_PL/25G_PL.srcs/constrs_1/new/23H.xdc:1066]
Resolution: Check if the specified object(s) exists in the current design. If it does, ensure that the correct design hierarchy was specified for the object. If you are working with clocks, make sure create_clock was used to create the clock object before it is referenced.
WARNING: [Vivado 12-180] No cells matched 'get_cells -hierarchical -filter { NAME =~  "*ila_core_inst/u_ila_cap_ctrl/u_cap_addrgen/u_cap_sample_counter/u_scnt_cmp/allx_typeA_match_detection.ltlib_v1_0_0_allx_typeA_inst/DUT/I_WHOLE_SLICE.G_SLICE_IDX[*].U_ALL_SRL_SLICE/u_srl*/S*"}'. [E:/7020_Project/25G/25G_PL/25G_PL.srcs/constrs_1/new/23H.xdc:1071]
WARNING: [Vivado 12-508] No pins matched 'get_pins -filter REF_PIN_NAME=~CLK* -of_objects [get_cells -hierarchical -filter { NAME =~  "*ila_core_inst/u_ila_cap_ctrl/u_cap_addrgen/u_cap_sample_counter/u_scnt_cmp/allx_typeA_match_detection.ltlib_v1_0_0_allx_typeA_inst/DUT/I_WHOLE_SLICE.G_SLICE_IDX[*].U_ALL_SRL_SLICE/u_srl*/S*"}]'. [E:/7020_Project/25G/25G_PL/25G_PL.srcs/constrs_1/new/23H.xdc:1071]
WARNING: [Vivado 12-180] No cells matched 'get_cells -hierarchical -filter { NAME =~  "*ila_core_inst/u_ila_cap_ctrl/u_cap_addrgen/u_cap_sample_counter/u_scnt_cmp_q*" && IS_SEQUENTIAL }'. [E:/7020_Project/25G/25G_PL/25G_PL.srcs/constrs_1/new/23H.xdc:1071]
CRITICAL WARNING: [Vivado 12-4739] set_false_path:No valid object(s) found for '-from [get_pins -filter REF_PIN_NAME=~CLK* -of_objects [get_cells -hierarchical -filter { NAME =~  "*ila_core_inst/u_ila_cap_ctrl/u_cap_addrgen/u_cap_sample_counter/u_scnt_cmp/allx_typeA_match_detection.ltlib_v1_0_0_allx_typeA_inst/DUT/I_WHOLE_SLICE.G_SLICE_IDX[*].U_ALL_SRL_SLICE/u_srl*/S*"}]]'. [E:/7020_Project/25G/25G_PL/25G_PL.srcs/constrs_1/new/23H.xdc:1071]
Resolution: Check if the specified object(s) exists in the current design. If it does, ensure that the correct design hierarchy was specified for the object. If you are working with clocks, make sure create_clock was used to create the clock object before it is referenced.
WARNING: [Vivado 12-180] No cells matched 'get_cells -hierarchical -filter { NAME =~  "*ila_core_inst/u_ila_cap_ctrl/u_cap_addrgen/u_cap_window_counter/u_wcnt_lcmp/allx_typeA_match_detection.ltlib_v1_0_0_allx_typeA_inst/DUT/I_WHOLE_SLICE.G_SLICE_IDX[*].U_ALL_SRL_SLICE/u_srl*/S*"}'. [E:/7020_Project/25G/25G_PL/25G_PL.srcs/constrs_1/new/23H.xdc:1076]
WARNING: [Vivado 12-508] No pins matched 'get_pins -filter REF_PIN_NAME=~CLK* -of_objects [get_cells -hierarchical -filter { NAME =~  "*ila_core_inst/u_ila_cap_ctrl/u_cap_addrgen/u_cap_window_counter/u_wcnt_lcmp/allx_typeA_match_detection.ltlib_v1_0_0_allx_typeA_inst/DUT/I_WHOLE_SLICE.G_SLICE_IDX[*].U_ALL_SRL_SLICE/u_srl*/S*"}]'. [E:/7020_Project/25G/25G_PL/25G_PL.srcs/constrs_1/new/23H.xdc:1076]
WARNING: [Vivado 12-180] No cells matched 'get_cells -hierarchical -filter { NAME =~  "*ila_core_inst/u_ila_cap_ctrl/u_cap_addrgen/u_cap_window_counter/u_wcnt_lcmp_q*" && IS_SEQUENTIAL }'. [E:/7020_Project/25G/25G_PL/25G_PL.srcs/constrs_1/new/23H.xdc:1076]
CRITICAL WARNING: [Vivado 12-4739] set_false_path:No valid object(s) found for '-from [get_pins -filter REF_PIN_NAME=~CLK* -of_objects [get_cells -hierarchical -filter { NAME =~  "*ila_core_inst/u_ila_cap_ctrl/u_cap_addrgen/u_cap_window_counter/u_wcnt_lcmp/allx_typeA_match_detection.ltlib_v1_0_0_allx_typeA_inst/DUT/I_WHOLE_SLICE.G_SLICE_IDX[*].U_ALL_SRL_SLICE/u_srl*/S*"}]]'. [E:/7020_Project/25G/25G_PL/25G_PL.srcs/constrs_1/new/23H.xdc:1076]
Resolution: Check if the specified object(s) exists in the current design. If it does, ensure that the correct design hierarchy was specified for the object. If you are working with clocks, make sure create_clock was used to create the clock object before it is referenced.
WARNING: [Vivado 12-180] No cells matched 'get_cells -hierarchical -filter { NAME =~  "*ila_core_inst/u_ila_cap_ctrl/u_cap_addrgen/u_cap_window_counter/u_wcnt_hcmp/allx_typeA_match_detection.ltlib_v1_0_0_allx_typeA_inst/DUT/I_WHOLE_SLICE.G_SLICE_IDX[*].U_ALL_SRL_SLICE/u_srl*/S*"}'. [E:/7020_Project/25G/25G_PL/25G_PL.srcs/constrs_1/new/23H.xdc:1077]
WARNING: [Vivado 12-508] No pins matched 'get_pins -filter REF_PIN_NAME=~CLK* -of_objects [get_cells -hierarchical -filter { NAME =~  "*ila_core_inst/u_ila_cap_ctrl/u_cap_addrgen/u_cap_window_counter/u_wcnt_hcmp/allx_typeA_match_detection.ltlib_v1_0_0_allx_typeA_inst/DUT/I_WHOLE_SLICE.G_SLICE_IDX[*].U_ALL_SRL_SLICE/u_srl*/S*"}]'. [E:/7020_Project/25G/25G_PL/25G_PL.srcs/constrs_1/new/23H.xdc:1077]
WARNING: [Vivado 12-180] No cells matched 'get_cells -hierarchical -filter { NAME =~  "*ila_core_inst/u_ila_cap_ctrl/u_cap_addrgen/u_cap_window_counter/u_wcnt_hcmp_q*" && IS_SEQUENTIAL }'. [E:/7020_Project/25G/25G_PL/25G_PL.srcs/constrs_1/new/23H.xdc:1077]
CRITICAL WARNING: [Vivado 12-4739] set_false_path:No valid object(s) found for '-from [get_pins -filter REF_PIN_NAME=~CLK* -of_objects [get_cells -hierarchical -filter { NAME =~  "*ila_core_inst/u_ila_cap_ctrl/u_cap_addrgen/u_cap_window_counter/u_wcnt_hcmp/allx_typeA_match_detection.ltlib_v1_0_0_allx_typeA_inst/DUT/I_WHOLE_SLICE.G_SLICE_IDX[*].U_ALL_SRL_SLICE/u_srl*/S*"}]]'. [E:/7020_Project/25G/25G_PL/25G_PL.srcs/constrs_1/new/23H.xdc:1077]
Resolution: Check if the specified object(s) exists in the current design. If it does, ensure that the correct design hierarchy was specified for the object. If you are working with clocks, make sure create_clock was used to create the clock object before it is referenced.
WARNING: [Vivado 12-180] No cells matched 'get_cells -hierarchical -filter { NAME =~ "*ADV_TRIG.u_adv_trig/fsm_mem_data*" && IS_SEQUENTIAL }'. [E:/7020_Project/25G/25G_PL/25G_PL.srcs/constrs_1/new/23H.xdc:1082]
WARNING: [Vivado 12-180] No cells matched 'get_cells -hierarchical -filter { NAME =~ "*ila_core_inst/ADV_TRIG.u_adv_trig/current_state_reg*" && IS_SEQUENTIAL}'. [E:/7020_Project/25G/25G_PL/25G_PL.srcs/constrs_1/new/23H.xdc:1083]
CRITICAL WARNING: [Vivado 12-4739] set_false_path:No valid object(s) found for '-from [get_cells -hierarchical -filter { NAME =~ "*ADV_TRIG.u_adv_trig/fsm_mem_data*" && IS_SEQUENTIAL }]'. [E:/7020_Project/25G/25G_PL/25G_PL.srcs/constrs_1/new/23H.xdc:1083]
Resolution: Check if the specified object(s) exists in the current design. If it does, ensure that the correct design hierarchy was specified for the object. If you are working with clocks, make sure create_clock was used to create the clock object before it is referenced.
WARNING: [Vivado 12-180] No cells matched 'get_cells -hierarchical -filter { NAME =~ "*ila_core_inst/ADV_TRIG.u_adv_trig/cntcmpsel_reg*" && IS_SEQUENTIAL}'. [E:/7020_Project/25G/25G_PL/25G_PL.srcs/constrs_1/new/23H.xdc:1084]
CRITICAL WARNING: [Vivado 12-4739] set_false_path:No valid object(s) found for '-from [get_cells -hierarchical -filter { NAME =~ "*ADV_TRIG.u_adv_trig/fsm_mem_data*" && IS_SEQUENTIAL }]'. [E:/7020_Project/25G/25G_PL/25G_PL.srcs/constrs_1/new/23H.xdc:1084]
Resolution: Check if the specified object(s) exists in the current design. If it does, ensure that the correct design hierarchy was specified for the object. If you are working with clocks, make sure create_clock was used to create the clock object before it is referenced.
WARNING: [Vivado 12-180] No cells matched 'get_cells -hierarchical -filter { NAME =~ "*ila_core_inst/ADV_TRIG.u_adv_trig/FLAG*" && IS_SEQUENTIAL}'. [E:/7020_Project/25G/25G_PL/25G_PL.srcs/constrs_1/new/23H.xdc:1085]
CRITICAL WARNING: [Vivado 12-4739] set_false_path:No valid object(s) found for '-from [get_cells -hierarchical -filter { NAME =~ "*ADV_TRIG.u_adv_trig/fsm_mem_data*" && IS_SEQUENTIAL }]'. [E:/7020_Project/25G/25G_PL/25G_PL.srcs/constrs_1/new/23H.xdc:1085]
Resolution: Check if the specified object(s) exists in the current design. If it does, ensure that the correct design hierarchy was specified for the object. If you are working with clocks, make sure create_clock was used to create the clock object before it is referenced.
WARNING: [Vivado 12-180] No cells matched 'get_cells -hierarchical -filter { NAME =~ "*ila_core_inst/COUNTER.u_count/G_COUNTER[*].U_COUNTER/counter_reg*" && IS_SEQUENTIAL}'. [E:/7020_Project/25G/25G_PL/25G_PL.srcs/constrs_1/new/23H.xdc:1086]
CRITICAL WARNING: [Vivado 12-4739] set_false_path:No valid object(s) found for '-from [get_cells -hierarchical -filter { NAME =~ "*ADV_TRIG.u_adv_trig/fsm_mem_data*" && IS_SEQUENTIAL }]'. [E:/7020_Project/25G/25G_PL/25G_PL.srcs/constrs_1/new/23H.xdc:1086]
Resolution: Check if the specified object(s) exists in the current design. If it does, ensure that the correct design hierarchy was specified for the object. If you are working with clocks, make sure create_clock was used to create the clock object before it is referenced.
WARNING: [Vivado 12-180] No cells matched 'get_cells -hierarchical -filter { NAME =~ "*ADV_TRIG.u_adv_trig/trigger_reg*" && IS_SEQUENTIAL }'. [E:/7020_Project/25G/25G_PL/25G_PL.srcs/constrs_1/new/23H.xdc:1087]
CRITICAL WARNING: [Vivado 12-4739] set_false_path:No valid object(s) found for '-from [get_cells -hierarchical -filter { NAME =~ "*ADV_TRIG.u_adv_trig/fsm_mem_data*" && IS_SEQUENTIAL }]'. [E:/7020_Project/25G/25G_PL/25G_PL.srcs/constrs_1/new/23H.xdc:1087]
Resolution: Check if the specified object(s) exists in the current design. If it does, ensure that the correct design hierarchy was specified for the object. If you are working with clocks, make sure create_clock was used to create the clock object before it is referenced.
WARNING: [Vivado 12-180] No cells matched 'get_cells -hierarchical -filter { NAME =~ "*ADV_TRIG.u_adv_trig/CAPTURE_O_reg*" && IS_SEQUENTIAL }'. [E:/7020_Project/25G/25G_PL/25G_PL.srcs/constrs_1/new/23H.xdc:1088]
CRITICAL WARNING: [Vivado 12-4739] set_false_path:No valid object(s) found for '-from [get_cells -hierarchical -filter { NAME =~ "*ADV_TRIG.u_adv_trig/fsm_mem_data*" && IS_SEQUENTIAL }]'. [E:/7020_Project/25G/25G_PL/25G_PL.srcs/constrs_1/new/23H.xdc:1088]
Resolution: Check if the specified object(s) exists in the current design. If it does, ensure that the correct design hierarchy was specified for the object. If you are working with clocks, make sure create_clock was used to create the clock object before it is referenced.
WARNING: [Vivado 12-180] No cells matched 'get_cells -hierarchical -filter {NAME =~ "*u_ila_cap_ctrl/U_CDONE/I_YESLUT6.U_SRL32_*"}'. [E:/7020_Project/25G/25G_PL/25G_PL.srcs/constrs_1/new/23H.xdc:1090]
WARNING: [Vivado 12-508] No pins matched 'get_pins -filter REF_PIN_NAME=~CLK -of_objects [get_cells -hierarchical -filter {NAME =~ "*u_ila_cap_ctrl/U_CDONE/I_YESLUT6.U_SRL32_*"}]'. [E:/7020_Project/25G/25G_PL/25G_PL.srcs/constrs_1/new/23H.xdc:1090]
WARNING: [Vivado 12-180] No cells matched 'get_cells -hierarchical -filter {NAME =~ "*u_ila_cap_ctrl/U_CDONE/I_YESLUT6.I_YES_OREG.O_reg_reg*"}'. [E:/7020_Project/25G/25G_PL/25G_PL.srcs/constrs_1/new/23H.xdc:1090]
WARNING: [Vivado 12-508] No pins matched 'get_pins -filter REF_PIN_NAME=~D -of_objects [get_cells -hierarchical -filter {NAME =~ "*u_ila_cap_ctrl/U_CDONE/I_YESLUT6.I_YES_OREG.O_reg_reg*"}]'. [E:/7020_Project/25G/25G_PL/25G_PL.srcs/constrs_1/new/23H.xdc:1090]
WARNING: [Vivado_Tcl 4-921] Waiver ID 'CDC-1' -to list should not be empty. [E:/7020_Project/25G/25G_PL/25G_PL.srcs/constrs_1/new/23H.xdc:1090]
WARNING: [Vivado 12-180] No cells matched 'get_cells -hierarchical -filter {NAME =~ "*u_ila_cap_ctrl/U_NS1/I_YESLUT6.U_SRL32_*"}'. [E:/7020_Project/25G/25G_PL/25G_PL.srcs/constrs_1/new/23H.xdc:1091]
WARNING: [Vivado 12-508] No pins matched 'get_pins -filter REF_PIN_NAME=~CLK -of_objects [get_cells -hierarchical -filter {NAME =~ "*u_ila_cap_ctrl/U_NS1/I_YESLUT6.U_SRL32_*"}]'. [E:/7020_Project/25G/25G_PL/25G_PL.srcs/constrs_1/new/23H.xdc:1091]
WARNING: [Vivado 12-180] No cells matched 'get_cells -hierarchical -filter {NAME =~ "*u_ila_cap_ctrl/U_NS1/I_YESLUT6.I_YES_OREG.O_reg_reg*"}'. [E:/7020_Project/25G/25G_PL/25G_PL.srcs/constrs_1/new/23H.xdc:1091]
WARNING: [Vivado 12-508] No pins matched 'get_pins -filter REF_PIN_NAME=~D -of_objects [get_cells -hierarchical -filter {NAME =~ "*u_ila_cap_ctrl/U_NS1/I_YESLUT6.I_YES_OREG.O_reg_reg*"}]'. [E:/7020_Project/25G/25G_PL/25G_PL.srcs/constrs_1/new/23H.xdc:1091]
WARNING: [Vivado_Tcl 4-921] Waiver ID 'CDC-1' -to list should not be empty. [E:/7020_Project/25G/25G_PL/25G_PL.srcs/constrs_1/new/23H.xdc:1091]
WARNING: [Vivado 12-180] No cells matched 'get_cells -hierarchical -filter {NAME =~ "*u_ila_cap_ctrl/U_NS0/I_YESLUT6.U_SRL32_*"}'. [E:/7020_Project/25G/25G_PL/25G_PL.srcs/constrs_1/new/23H.xdc:1092]
WARNING: [Vivado 12-508] No pins matched 'get_pins -filter REF_PIN_NAME=~CLK -of_objects [get_cells -hierarchical -filter {NAME =~ "*u_ila_cap_ctrl/U_NS0/I_YESLUT6.U_SRL32_*"}]'. [E:/7020_Project/25G/25G_PL/25G_PL.srcs/constrs_1/new/23H.xdc:1092]
WARNING: [Vivado 12-180] No cells matched 'get_cells -hierarchical -filter {NAME =~ "*u_ila_cap_ctrl/U_NS0/I_YESLUT6.I_YES_OREG.O_reg_reg*"}'. [E:/7020_Project/25G/25G_PL/25G_PL.srcs/constrs_1/new/23H.xdc:1092]
WARNING: [Vivado 12-508] No pins matched 'get_pins -filter REF_PIN_NAME=~D -of_objects [get_cells -hierarchical -filter {NAME =~ "*u_ila_cap_ctrl/U_NS0/I_YESLUT6.I_YES_OREG.O_reg_reg*"}]'. [E:/7020_Project/25G/25G_PL/25G_PL.srcs/constrs_1/new/23H.xdc:1092]
WARNING: [Vivado_Tcl 4-921] Waiver ID 'CDC-1' -to list should not be empty. [E:/7020_Project/25G/25G_PL/25G_PL.srcs/constrs_1/new/23H.xdc:1092]
WARNING: [Vivado 12-180] No cells matched 'get_cells -hierarchical -filter {NAME =~ "*u_ila_cap_ctrl/u_cap_addrgen/u_cap_window_counter/U_WCE/I_YESLUT6.U_SRLC16E*"}'. [E:/7020_Project/25G/25G_PL/25G_PL.srcs/constrs_1/new/23H.xdc:1093]
WARNING: [Vivado 12-508] No pins matched 'get_pins -filter REF_PIN_NAME=~CLK -of_objects [get_cells -hierarchical -filter {NAME =~ "*u_ila_cap_ctrl/u_cap_addrgen/u_cap_window_counter/U_WCE/I_YESLUT6.U_SRLC16E*"}]'. [E:/7020_Project/25G/25G_PL/25G_PL.srcs/constrs_1/new/23H.xdc:1093]
WARNING: [Vivado 12-180] No cells matched 'get_cells -hierarchical -filter {NAME =~ "*u_ila_cap_ctrl/u_cap_addrgen/u_cap_window_counter/iwcnt_reg[*]*"}'. [E:/7020_Project/25G/25G_PL/25G_PL.srcs/constrs_1/new/23H.xdc:1093]
WARNING: [Vivado 12-508] No pins matched 'get_pins -filter REF_PIN_NAME=~CE -of_objects [get_cells -hierarchical -filter {NAME =~ "*u_ila_cap_ctrl/u_cap_addrgen/u_cap_window_counter/iwcnt_reg[*]*"}]'. [E:/7020_Project/25G/25G_PL/25G_PL.srcs/constrs_1/new/23H.xdc:1093]
WARNING: [Vivado_Tcl 4-921] Waiver ID 'CDC-1' -to list should not be empty. [E:/7020_Project/25G/25G_PL/25G_PL.srcs/constrs_1/new/23H.xdc:1093]
WARNING: [Vivado 12-180] No cells matched 'get_cells -hierarchical -filter {NAME =~ "*u_ila_cap_ctrl/u_cap_addrgen/u_cap_sample_counter/U_SCE/I_YESLUT6.U_SRLC16E*"}'. [E:/7020_Project/25G/25G_PL/25G_PL.srcs/constrs_1/new/23H.xdc:1094]
WARNING: [Vivado 12-508] No pins matched 'get_pins -filter REF_PIN_NAME=~CLK -of_objects [get_cells -hierarchical -filter {NAME =~ "*u_ila_cap_ctrl/u_cap_addrgen/u_cap_sample_counter/U_SCE/I_YESLUT6.U_SRLC16E*"}]'. [E:/7020_Project/25G/25G_PL/25G_PL.srcs/constrs_1/new/23H.xdc:1094]
WARNING: [Vivado 12-180] No cells matched 'get_cells -hierarchical -filter {NAME =~ "*u_ila_cap_ctrl/u_cap_addrgen/u_cap_sample_counter/iscnt_reg[*]*"}'. [E:/7020_Project/25G/25G_PL/25G_PL.srcs/constrs_1/new/23H.xdc:1094]
WARNING: [Vivado 12-508] No pins matched 'get_pins -filter REF_PIN_NAME=~CE -of_objects [get_cells -hierarchical -filter {NAME =~ "*u_ila_cap_ctrl/u_cap_addrgen/u_cap_sample_counter/iscnt_reg[*]*"}]'. [E:/7020_Project/25G/25G_PL/25G_PL.srcs/constrs_1/new/23H.xdc:1094]
WARNING: [Vivado_Tcl 4-921] Waiver ID 'CDC-1' -to list should not be empty. [E:/7020_Project/25G/25G_PL/25G_PL.srcs/constrs_1/new/23H.xdc:1094]
WARNING: [Vivado 12-180] No cells matched 'get_cells -hierarchical -filter {NAME =~ "*u_ila_cap_ctrl/u_cap_addrgen/u_cap_sample_counter/U_SCMPCE/I_YESLUT6.U_SRL32*"}'. [E:/7020_Project/25G/25G_PL/25G_PL.srcs/constrs_1/new/23H.xdc:1095]
WARNING: [Vivado 12-508] No pins matched 'get_pins -filter REF_PIN_NAME=~CLK -of_objects [get_cells -hierarchical -filter {NAME =~ "*u_ila_cap_ctrl/u_cap_addrgen/u_cap_sample_counter/U_SCMPCE/I_YESLUT6.U_SRL32*"}]'. [E:/7020_Project/25G/25G_PL/25G_PL.srcs/constrs_1/new/23H.xdc:1095]
WARNING: [Vivado 12-180] No cells matched 'get_cells -hierarchical -filter {NAME =~ "*u_ila_cap_ctrl/u_cap_addrgen/u_cap_sample_counter/u_scnt_cmp_q*"}'. [E:/7020_Project/25G/25G_PL/25G_PL.srcs/constrs_1/new/23H.xdc:1095]
WARNING: [Vivado 12-508] No pins matched 'get_pins -filter REF_PIN_NAME=~CE -of_objects [get_cells -hierarchical -filter {NAME =~ "*u_ila_cap_ctrl/u_cap_addrgen/u_cap_sample_counter/u_scnt_cmp_q*"}]'. [E:/7020_Project/25G/25G_PL/25G_PL.srcs/constrs_1/new/23H.xdc:1095]
WARNING: [Vivado_Tcl 4-921] Waiver ID 'CDC-1' -to list should not be empty. [E:/7020_Project/25G/25G_PL/25G_PL.srcs/constrs_1/new/23H.xdc:1095]
WARNING: [Vivado 12-180] No cells matched 'get_cells -hierarchical -filter {NAME =~ "*u_ila_cap_ctrl/u_cap_addrgen/u_cap_window_counter/U_WHCMPCE/I_YESLUT6.U_SRL32*"}'. [E:/7020_Project/25G/25G_PL/25G_PL.srcs/constrs_1/new/23H.xdc:1096]
WARNING: [Vivado 12-508] No pins matched 'get_pins -filter REF_PIN_NAME=~CLK -of_objects [get_cells -hierarchical -filter {NAME =~ "*u_ila_cap_ctrl/u_cap_addrgen/u_cap_window_counter/U_WHCMPCE/I_YESLUT6.U_SRL32*"}]'. [E:/7020_Project/25G/25G_PL/25G_PL.srcs/constrs_1/new/23H.xdc:1096]
WARNING: [Vivado 12-180] No cells matched 'get_cells -hierarchical -filter {NAME =~ "*u_ila_cap_ctrl/u_cap_addrgen/u_cap_window_counter/u_wcnt_hcmp_q*"}'. [E:/7020_Project/25G/25G_PL/25G_PL.srcs/constrs_1/new/23H.xdc:1096]
WARNING: [Vivado 12-508] No pins matched 'get_pins -filter REF_PIN_NAME=~CE -of_objects [get_cells -hierarchical -filter {NAME =~ "*u_ila_cap_ctrl/u_cap_addrgen/u_cap_window_counter/u_wcnt_hcmp_q*"}]'. [E:/7020_Project/25G/25G_PL/25G_PL.srcs/constrs_1/new/23H.xdc:1096]
WARNING: [Vivado_Tcl 4-921] Waiver ID 'CDC-1' -to list should not be empty. [E:/7020_Project/25G/25G_PL/25G_PL.srcs/constrs_1/new/23H.xdc:1096]
WARNING: [Vivado 12-180] No cells matched 'get_cells -hierarchical -filter {NAME =~ "*u_ila_cap_ctrl/u_cap_addrgen/u_cap_window_counter/U_WLCMPCE/I_YESLUT6.U_SRL32*"}'. [E:/7020_Project/25G/25G_PL/25G_PL.srcs/constrs_1/new/23H.xdc:1097]
WARNING: [Vivado 12-508] No pins matched 'get_pins -filter REF_PIN_NAME=~CLK -of_objects [get_cells -hierarchical -filter {NAME =~ "*u_ila_cap_ctrl/u_cap_addrgen/u_cap_window_counter/U_WLCMPCE/I_YESLUT6.U_SRL32*"}]'. [E:/7020_Project/25G/25G_PL/25G_PL.srcs/constrs_1/new/23H.xdc:1097]
WARNING: [Vivado 12-180] No cells matched 'get_cells -hierarchical -filter {NAME =~ "*u_ila_cap_ctrl/u_cap_addrgen/u_cap_window_counter/u_wcnt_lcmp_q*"}'. [E:/7020_Project/25G/25G_PL/25G_PL.srcs/constrs_1/new/23H.xdc:1097]
WARNING: [Vivado 12-508] No pins matched 'get_pins -filter REF_PIN_NAME=~CE -of_objects [get_cells -hierarchical -filter {NAME =~ "*u_ila_cap_ctrl/u_cap_addrgen/u_cap_window_counter/u_wcnt_lcmp_q*"}]'. [E:/7020_Project/25G/25G_PL/25G_PL.srcs/constrs_1/new/23H.xdc:1097]
WARNING: [Vivado_Tcl 4-921] Waiver ID 'CDC-1' -to list should not be empty. [E:/7020_Project/25G/25G_PL/25G_PL.srcs/constrs_1/new/23H.xdc:1097]
WARNING: [Vivado 12-180] No cells matched 'get_cells -hierarchical -filter {NAME =~ "*allx_typeA_match_detection.ltlib_v1_0_0_allx_typeA_inst/DUT/I_WHOLE_SLICE.G_SLICE_IDX[*].U_ALL_SRL_SLICE/u_srl*/S*"}'. [E:/7020_Project/25G/25G_PL/25G_PL.srcs/constrs_1/new/23H.xdc:1098]
WARNING: [Vivado 12-508] No pins matched 'get_pins -filter REF_PIN_NAME=~CLK -of_objects [get_cells -hierarchical -filter {NAME =~ "*allx_typeA_match_detection.ltlib_v1_0_0_allx_typeA_inst/DUT/I_WHOLE_SLICE.G_SLICE_IDX[*].U_ALL_SRL_SLICE/u_srl*/S*"}]'. [E:/7020_Project/25G/25G_PL/25G_PL.srcs/constrs_1/new/23H.xdc:1098]
WARNING: [Vivado 12-180] No cells matched 'get_cells -hierarchical -filter {NAME =~ "*allx_typeA_match_detection.ltlib_v1_0_0_allx_typeA_inst/DUT/I_WHOLE_SLICE.G_SLICE_IDX[*].U_ALL_SRL_SLICE/I_IS_TERMINATION_SLICE_W_OUTPUT_REG.DOUT_O_reg*"}'. [E:/7020_Project/25G/25G_PL/25G_PL.srcs/constrs_1/new/23H.xdc:1098]
WARNING: [Vivado 12-508] No pins matched 'get_pins -filter REF_PIN_NAME=~D -of_objects [get_cells -hierarchical -filter {NAME =~ "*allx_typeA_match_detection.ltlib_v1_0_0_allx_typeA_inst/DUT/I_WHOLE_SLICE.G_SLICE_IDX[*].U_ALL_SRL_SLICE/I_IS_TERMINATION_SLICE_W_OUTPUT_REG.DOUT_O_reg*"}]'. [E:/7020_Project/25G/25G_PL/25G_PL.srcs/constrs_1/new/23H.xdc:1098]
WARNING: [Vivado_Tcl 4-921] Waiver ID 'CDC-10' -to list should not be empty. [E:/7020_Project/25G/25G_PL/25G_PL.srcs/constrs_1/new/23H.xdc:1098]
WARNING: [Vivado 12-180] No cells matched 'get_cells -hierarchical -filter {NAME =~ "*u_ila_cap_ctrl/u_cap_addrgen/u_cap_sample_counter/U_SCE/I_YESLUT6.U_SRLC16E*"}'. [E:/7020_Project/25G/25G_PL/25G_PL.srcs/constrs_1/new/23H.xdc:1100]
WARNING: [Vivado 12-508] No pins matched 'get_pins -filter REF_PIN_NAME=~CLK -of_objects [get_cells -hierarchical -filter {NAME =~ "*u_ila_cap_ctrl/u_cap_addrgen/u_cap_sample_counter/U_SCE/I_YESLUT6.U_SRLC16E*"}]'. [E:/7020_Project/25G/25G_PL/25G_PL.srcs/constrs_1/new/23H.xdc:1100]
WARNING: [Vivado 12-180] No cells matched 'get_cells -hierarchical -filter {NAME =~ "*u_ila_cap_ctrl/u_cap_addrgen/icap_wr_en_reg*"}'. [E:/7020_Project/25G/25G_PL/25G_PL.srcs/constrs_1/new/23H.xdc:1100]
WARNING: [Vivado 12-508] No pins matched 'get_pins -filter REF_PIN_NAME=~D -of_objects [get_cells -hierarchical -filter {NAME =~ "*u_ila_cap_ctrl/u_cap_addrgen/icap_wr_en_reg*"}]'. [E:/7020_Project/25G/25G_PL/25G_PL.srcs/constrs_1/new/23H.xdc:1100]
WARNING: [Vivado_Tcl 4-921] Waiver ID 'CDC-10' -to list should not be empty. [E:/7020_Project/25G/25G_PL/25G_PL.srcs/constrs_1/new/23H.xdc:1100]
WARNING: [Vivado 12-180] No cells matched 'get_cells -hierarchical -filter { NAME =~  "*ila_core_inst/u_ila_reset_ctrl/asyncrounous_transfer*/din_reg_reg*" && IS_SEQUENTIAL }'. [E:/7020_Project/25G/25G_PL/25G_PL.srcs/constrs_1/new/23H.xdc:1111]
WARNING: [Vivado 12-180] No cells matched 'get_cells -hierarchical -filter { NAME =~  "*ila_core_inst/u_ila_reset_ctrl/asyncrounous_transfer*/dout_reg0_reg*" && IS_SEQUENTIAL }'. [E:/7020_Project/25G/25G_PL/25G_PL.srcs/constrs_1/new/23H.xdc:1111]
CRITICAL WARNING: [Vivado 12-4739] set_false_path:No valid object(s) found for '-from [get_cells -hierarchical -filter { NAME =~  "*ila_core_inst/u_ila_reset_ctrl/asyncrounous_transfer*/din_reg_reg*" && IS_SEQUENTIAL }]'. [E:/7020_Project/25G/25G_PL/25G_PL.srcs/constrs_1/new/23H.xdc:1111]
Resolution: Check if the specified object(s) exists in the current design. If it does, ensure that the correct design hierarchy was specified for the object. If you are working with clocks, make sure create_clock was used to create the clock object before it is referenced.
WARNING: [Vivado 12-180] No cells matched 'get_cells -hierarchical -filter { NAME =~  "*ila_core_inst/u_ila_reset_ctrl/asyncrounous_transfer.arm_in_transfer_inst/dout_reg*" && IS_SEQUENTIAL }'. [E:/7020_Project/25G/25G_PL/25G_PL.srcs/constrs_1/new/23H.xdc:1112]
WARNING: [Vivado 12-180] No cells matched 'get_cells -hierarchical -filter { NAME =~  "*ila_core_inst/u_ila_reset_ctrl/asyncrounous_transfer.arm_in_transfer_inst/temp_reg0_reg*" && IS_SEQUENTIAL }'. [E:/7020_Project/25G/25G_PL/25G_PL.srcs/constrs_1/new/23H.xdc:1112]
CRITICAL WARNING: [Vivado 12-4739] set_false_path:No valid object(s) found for '-from [get_cells -hierarchical -filter { NAME =~  "*ila_core_inst/u_ila_reset_ctrl/asyncrounous_transfer.arm_in_transfer_inst/dout_reg*" && IS_SEQUENTIAL }]'. [E:/7020_Project/25G/25G_PL/25G_PL.srcs/constrs_1/new/23H.xdc:1112]
Resolution: Check if the specified object(s) exists in the current design. If it does, ensure that the correct design hierarchy was specified for the object. If you are working with clocks, make sure create_clock was used to create the clock object before it is referenced.
WARNING: [Vivado 12-180] No cells matched 'get_cells -hierarchical -filter { NAME =~  "*ila_core_inst/u_ila_reset_ctrl/asyncrounous_transfer.halt_in_transfer_inst/dout_reg*" && IS_SEQUENTIAL }'. [E:/7020_Project/25G/25G_PL/25G_PL.srcs/constrs_1/new/23H.xdc:1113]
WARNING: [Vivado 12-180] No cells matched 'get_cells -hierarchical -filter { NAME =~  "*ila_core_inst/u_ila_reset_ctrl/asyncrounous_transfer.halt_in_transfer_inst/temp_reg0_reg*" && IS_SEQUENTIAL }'. [E:/7020_Project/25G/25G_PL/25G_PL.srcs/constrs_1/new/23H.xdc:1113]
CRITICAL WARNING: [Vivado 12-4739] set_false_path:No valid object(s) found for '-from [get_cells -hierarchical -filter { NAME =~  "*ila_core_inst/u_ila_reset_ctrl/asyncrounous_transfer.halt_in_transfer_inst/dout_reg*" && IS_SEQUENTIAL }]'. [E:/7020_Project/25G/25G_PL/25G_PL.srcs/constrs_1/new/23H.xdc:1113]
Resolution: Check if the specified object(s) exists in the current design. If it does, ensure that the correct design hierarchy was specified for the object. If you are working with clocks, make sure create_clock was used to create the clock object before it is referenced.
WARNING: [Vivado 12-180] No cells matched 'get_cells -hierarchical -filter { NAME =~  "*ila_core_inst/u_ila_reset_ctrl/asyncrounous_transfer.halt_out_transfer_inst/dout_reg*" && IS_SEQUENTIAL }'. [E:/7020_Project/25G/25G_PL/25G_PL.srcs/constrs_1/new/23H.xdc:1114]
WARNING: [Vivado 12-180] No cells matched 'get_cells -hierarchical -filter { NAME =~  "*ila_core_inst/u_ila_reset_ctrl/asyncrounous_transfer.halt_out_transfer_inst/temp_reg0_reg*" && IS_SEQUENTIAL }'. [E:/7020_Project/25G/25G_PL/25G_PL.srcs/constrs_1/new/23H.xdc:1114]
CRITICAL WARNING: [Vivado 12-4739] set_false_path:No valid object(s) found for '-from [get_cells -hierarchical -filter { NAME =~  "*ila_core_inst/u_ila_reset_ctrl/asyncrounous_transfer.halt_out_transfer_inst/dout_reg*" && IS_SEQUENTIAL }]'. [E:/7020_Project/25G/25G_PL/25G_PL.srcs/constrs_1/new/23H.xdc:1114]
Resolution: Check if the specified object(s) exists in the current design. If it does, ensure that the correct design hierarchy was specified for the object. If you are working with clocks, make sure create_clock was used to create the clock object before it is referenced.
WARNING: [Vivado 12-180] No cells matched 'get_cells -hierarchical -filter { NAME =~  "*ila_core_inst/u_ila_reset_ctrl/asyncrounous_transfer.arm_out_transfer_inst/dout_reg*" && IS_SEQUENTIAL }'. [E:/7020_Project/25G/25G_PL/25G_PL.srcs/constrs_1/new/23H.xdc:1115]
WARNING: [Vivado 12-180] No cells matched 'get_cells -hierarchical -filter { NAME =~  "*ila_core_inst/u_ila_reset_ctrl/asyncrounous_transfer.arm_out_transfer_inst/temp_reg0_reg*" && IS_SEQUENTIAL }'. [E:/7020_Project/25G/25G_PL/25G_PL.srcs/constrs_1/new/23H.xdc:1115]
CRITICAL WARNING: [Vivado 12-4739] set_false_path:No valid object(s) found for '-from [get_cells -hierarchical -filter { NAME =~  "*ila_core_inst/u_ila_reset_ctrl/asyncrounous_transfer.arm_out_transfer_inst/dout_reg*" && IS_SEQUENTIAL }]'. [E:/7020_Project/25G/25G_PL/25G_PL.srcs/constrs_1/new/23H.xdc:1115]
Resolution: Check if the specified object(s) exists in the current design. If it does, ensure that the correct design hierarchy was specified for the object. If you are working with clocks, make sure create_clock was used to create the clock object before it is referenced.
WARNING: [Vivado 12-180] No cells matched 'get_cells -hierarchical -filter { NAME =~  "*ila_core_inst/u_ila_regs/reg_1a/I_EN_CTL_EQ1.U_CTL/xsdb_reg_reg*" && IS_SEQUENTIAL }'. [E:/7020_Project/25G/25G_PL/25G_PL.srcs/constrs_1/new/23H.xdc:1121]
WARNING: [Vivado 12-180] No cells matched 'get_cells -hierarchical -filter { NAME =~ "*ila_core_inst/u_ila_cap_ctrl/u_cap_addrgen/u_cap_sample_counter/iscnt_reg*" && IS_SEQUENTIAL }'. [E:/7020_Project/25G/25G_PL/25G_PL.srcs/constrs_1/new/23H.xdc:1121]
CRITICAL WARNING: [Vivado 12-4739] set_false_path:No valid object(s) found for '-from [get_cells -hierarchical -filter { NAME =~  "*ila_core_inst/u_ila_regs/reg_1a/I_EN_CTL_EQ1.U_CTL/xsdb_reg_reg*" && IS_SEQUENTIAL }]'. [E:/7020_Project/25G/25G_PL/25G_PL.srcs/constrs_1/new/23H.xdc:1121]
Resolution: Check if the specified object(s) exists in the current design. If it does, ensure that the correct design hierarchy was specified for the object. If you are working with clocks, make sure create_clock was used to create the clock object before it is referenced.
WARNING: [Vivado 12-180] No cells matched 'get_cells -hierarchical -filter { NAME =~  "*ila_core_inst/u_ila_regs/reg_1a/I_EN_CTL_EQ1.U_CTL/xsdb_reg_reg*" && IS_SEQUENTIAL }'. [E:/7020_Project/25G/25G_PL/25G_PL.srcs/constrs_1/new/23H.xdc:1122]
WARNING: [Vivado 12-180] No cells matched 'get_cells -hierarchical -filter { NAME =~ "*ila_core_inst/u_ila_cap_ctrl/u_cap_addrgen/u_cap_window_counter/iwcnt_reg*" && IS_SEQUENTIAL }'. [E:/7020_Project/25G/25G_PL/25G_PL.srcs/constrs_1/new/23H.xdc:1122]
CRITICAL WARNING: [Vivado 12-4739] set_false_path:No valid object(s) found for '-from [get_cells -hierarchical -filter { NAME =~  "*ila_core_inst/u_ila_regs/reg_1a/I_EN_CTL_EQ1.U_CTL/xsdb_reg_reg*" && IS_SEQUENTIAL }]'. [E:/7020_Project/25G/25G_PL/25G_PL.srcs/constrs_1/new/23H.xdc:1122]
Resolution: Check if the specified object(s) exists in the current design. If it does, ensure that the correct design hierarchy was specified for the object. If you are working with clocks, make sure create_clock was used to create the clock object before it is referenced.
WARNING: [Vivado 12-180] No cells matched 'get_cells -hierarchical -filter { NAME =~  "*ila_core_inst/u_ila_regs/reg_1a/I_EN_CTL_EQ1.U_CTL/xsdb_reg_reg*" && IS_SEQUENTIAL }'. [E:/7020_Project/25G/25G_PL/25G_PL.srcs/constrs_1/new/23H.xdc:1123]
WARNING: [Vivado 12-180] No cells matched 'get_cells -hierarchical -filter { NAME =~ "*ila_core_inst/u_ila_cap_ctrl/u_cap_addrgen/u_cap_window_counter/u_wcnt_hcmp_q*" && IS_SEQUENTIAL }'. [E:/7020_Project/25G/25G_PL/25G_PL.srcs/constrs_1/new/23H.xdc:1123]
CRITICAL WARNING: [Vivado 12-4739] set_false_path:No valid object(s) found for '-from [get_cells -hierarchical -filter { NAME =~  "*ila_core_inst/u_ila_regs/reg_1a/I_EN_CTL_EQ1.U_CTL/xsdb_reg_reg*" && IS_SEQUENTIAL }]'. [E:/7020_Project/25G/25G_PL/25G_PL.srcs/constrs_1/new/23H.xdc:1123]
Resolution: Check if the specified object(s) exists in the current design. If it does, ensure that the correct design hierarchy was specified for the object. If you are working with clocks, make sure create_clock was used to create the clock object before it is referenced.
WARNING: [Vivado 12-180] No cells matched 'get_cells -hierarchical -filter { NAME =~  "*ila_core_inst/u_ila_regs/reg_1a/I_EN_CTL_EQ1.U_CTL/xsdb_reg_reg*" && IS_SEQUENTIAL }'. [E:/7020_Project/25G/25G_PL/25G_PL.srcs/constrs_1/new/23H.xdc:1124]
WARNING: [Vivado 12-180] No cells matched 'get_cells -hierarchical -filter { NAME =~ "*ila_core_inst/u_ila_cap_ctrl/u_cap_addrgen/u_cap_window_counter/u_wcnt_lcmp_q*" && IS_SEQUENTIAL }'. [E:/7020_Project/25G/25G_PL/25G_PL.srcs/constrs_1/new/23H.xdc:1124]
CRITICAL WARNING: [Vivado 12-4739] set_false_path:No valid object(s) found for '-from [get_cells -hierarchical -filter { NAME =~  "*ila_core_inst/u_ila_regs/reg_1a/I_EN_CTL_EQ1.U_CTL/xsdb_reg_reg*" && IS_SEQUENTIAL }]'. [E:/7020_Project/25G/25G_PL/25G_PL.srcs/constrs_1/new/23H.xdc:1124]
Resolution: Check if the specified object(s) exists in the current design. If it does, ensure that the correct design hierarchy was specified for the object. If you are working with clocks, make sure create_clock was used to create the clock object before it is referenced.
WARNING: [Vivado 12-180] No cells matched 'get_cells -hierarchical -filter { NAME =~  "*ila_core_inst/u_ila_regs/reg_1a/I_EN_CTL_EQ1.U_CTL/xsdb_reg_reg*" && IS_SEQUENTIAL }'. [E:/7020_Project/25G/25G_PL/25G_PL.srcs/constrs_1/new/23H.xdc:1125]
WARNING: [Vivado 12-180] No cells matched 'get_cells -hierarchical -filter { NAME =~ "*ila_core_inst/u_ila_cap_ctrl/u_cap_addrgen/u_cap_sample_counter/u_scnt_cmp_q*" && IS_SEQUENTIAL }'. [E:/7020_Project/25G/25G_PL/25G_PL.srcs/constrs_1/new/23H.xdc:1125]
CRITICAL WARNING: [Vivado 12-4739] set_false_path:No valid object(s) found for '-from [get_cells -hierarchical -filter { NAME =~  "*ila_core_inst/u_ila_regs/reg_1a/I_EN_CTL_EQ1.U_CTL/xsdb_reg_reg*" && IS_SEQUENTIAL }]'. [E:/7020_Project/25G/25G_PL/25G_PL.srcs/constrs_1/new/23H.xdc:1125]
Resolution: Check if the specified object(s) exists in the current design. If it does, ensure that the correct design hierarchy was specified for the object. If you are working with clocks, make sure create_clock was used to create the clock object before it is referenced.
WARNING: [Vivado 12-180] No cells matched 'get_cells -hierarchical -filter { NAME =~  "*ila_core_inst/u_ila_regs/reg_7/I_EN_CTL_EQ1.U_CTL/xsdb_reg_reg*" && IS_SEQUENTIAL }'. [E:/7020_Project/25G/25G_PL/25G_PL.srcs/constrs_1/new/23H.xdc:1126]
WARNING: [Vivado 12-180] No cells matched 'get_cells -hierarchical -filter { NAME =~ "*ila_core_inst/u_ila_cap_ctrl/u_cap_addrgen/u_cap_window_counter/u_wcnt_hcmp_q*" && IS_SEQUENTIAL }'. [E:/7020_Project/25G/25G_PL/25G_PL.srcs/constrs_1/new/23H.xdc:1126]
CRITICAL WARNING: [Vivado 12-4739] set_false_path:No valid object(s) found for '-from [get_cells -hierarchical -filter { NAME =~  "*ila_core_inst/u_ila_regs/reg_7/I_EN_CTL_EQ1.U_CTL/xsdb_reg_reg*" && IS_SEQUENTIAL }]'. [E:/7020_Project/25G/25G_PL/25G_PL.srcs/constrs_1/new/23H.xdc:1126]
Resolution: Check if the specified object(s) exists in the current design. If it does, ensure that the correct design hierarchy was specified for the object. If you are working with clocks, make sure create_clock was used to create the clock object before it is referenced.
WARNING: [Vivado 12-180] No cells matched 'get_cells -hierarchical -filter { NAME =~  "*ila_core_inst/u_ila_regs/reg_7/I_EN_CTL_EQ1.U_CTL/xsdb_reg_reg*" && IS_SEQUENTIAL }'. [E:/7020_Project/25G/25G_PL/25G_PL.srcs/constrs_1/new/23H.xdc:1127]
WARNING: [Vivado 12-180] No cells matched 'get_cells -hierarchical -filter { NAME =~ "*ila_core_inst/u_ila_cap_ctrl/u_cap_addrgen/u_cap_window_counter/u_wcnt_lcmp_q*" && IS_SEQUENTIAL }'. [E:/7020_Project/25G/25G_PL/25G_PL.srcs/constrs_1/new/23H.xdc:1127]
CRITICAL WARNING: [Vivado 12-4739] set_false_path:No valid object(s) found for '-from [get_cells -hierarchical -filter { NAME =~  "*ila_core_inst/u_ila_regs/reg_7/I_EN_CTL_EQ1.U_CTL/xsdb_reg_reg*" && IS_SEQUENTIAL }]'. [E:/7020_Project/25G/25G_PL/25G_PL.srcs/constrs_1/new/23H.xdc:1127]
Resolution: Check if the specified object(s) exists in the current design. If it does, ensure that the correct design hierarchy was specified for the object. If you are working with clocks, make sure create_clock was used to create the clock object before it is referenced.
WARNING: [Vivado 12-180] No cells matched 'get_cells -hierarchical -filter { NAME =~  "*ila_core_inst/u_ila_regs/reg_7/I_EN_CTL_EQ1.U_CTL/xsdb_reg_reg*" && IS_SEQUENTIAL }'. [E:/7020_Project/25G/25G_PL/25G_PL.srcs/constrs_1/new/23H.xdc:1128]
WARNING: [Vivado 12-180] No cells matched 'get_cells -hierarchical -filter { NAME =~ "*ila_core_inst/u_ila_cap_ctrl/u_cap_addrgen/u_cap_sample_counter/u_scnt_cmp_q*" && IS_SEQUENTIAL }'. [E:/7020_Project/25G/25G_PL/25G_PL.srcs/constrs_1/new/23H.xdc:1128]
CRITICAL WARNING: [Vivado 12-4739] set_false_path:No valid object(s) found for '-from [get_cells -hierarchical -filter { NAME =~  "*ila_core_inst/u_ila_regs/reg_7/I_EN_CTL_EQ1.U_CTL/xsdb_reg_reg*" && IS_SEQUENTIAL }]'. [E:/7020_Project/25G/25G_PL/25G_PL.srcs/constrs_1/new/23H.xdc:1128]
Resolution: Check if the specified object(s) exists in the current design. If it does, ensure that the correct design hierarchy was specified for the object. If you are working with clocks, make sure create_clock was used to create the clock object before it is referenced.
WARNING: [Vivado 12-180] No cells matched 'get_cells -hierarchical -filter { NAME =~  "*ila_core_inst/u_ila_regs/reg_1a/I_EN_CTL_EQ1.U_CTL/xsdb_reg_reg*" && IS_SEQUENTIAL }'. [E:/7020_Project/25G/25G_PL/25G_PL.srcs/constrs_1/new/23H.xdc:1129]
WARNING: [Vivado 12-180] No cells matched 'get_cells -hierarchical -filter { NAME =~ "*ila_core_inst/u_ila_cap_ctrl/U_CDONE/I_YESLUT6.I_YES_OREG.O_reg*" && IS_SEQUENTIAL}'. [E:/7020_Project/25G/25G_PL/25G_PL.srcs/constrs_1/new/23H.xdc:1129]
CRITICAL WARNING: [Vivado 12-4739] set_false_path:No valid object(s) found for '-from [get_cells -hierarchical -filter { NAME =~  "*ila_core_inst/u_ila_regs/reg_1a/I_EN_CTL_EQ1.U_CTL/xsdb_reg_reg*" && IS_SEQUENTIAL }]'. [E:/7020_Project/25G/25G_PL/25G_PL.srcs/constrs_1/new/23H.xdc:1129]
Resolution: Check if the specified object(s) exists in the current design. If it does, ensure that the correct design hierarchy was specified for the object. If you are working with clocks, make sure create_clock was used to create the clock object before it is referenced.
WARNING: [Vivado 12-180] No cells matched 'get_cells -hierarchical -filter { NAME =~  "*ila_core_inst/u_ila_regs/reg_1a/I_EN_CTL_EQ1.U_CTL/xsdb_reg_reg*" && IS_SEQUENTIAL }'. [E:/7020_Project/25G/25G_PL/25G_PL.srcs/constrs_1/new/23H.xdc:1130]
WARNING: [Vivado 12-180] No cells matched 'get_cells -hierarchical -filter { NAME =~ "*ila_core_inst/u_ila_cap_ctrl/U_NS0/I_YESLUT6.I_YES_OREG.O_reg*" && IS_SEQUENTIAL}'. [E:/7020_Project/25G/25G_PL/25G_PL.srcs/constrs_1/new/23H.xdc:1130]
CRITICAL WARNING: [Vivado 12-4739] set_false_path:No valid object(s) found for '-from [get_cells -hierarchical -filter { NAME =~  "*ila_core_inst/u_ila_regs/reg_1a/I_EN_CTL_EQ1.U_CTL/xsdb_reg_reg*" && IS_SEQUENTIAL }]'. [E:/7020_Project/25G/25G_PL/25G_PL.srcs/constrs_1/new/23H.xdc:1130]
Resolution: Check if the specified object(s) exists in the current design. If it does, ensure that the correct design hierarchy was specified for the object. If you are working with clocks, make sure create_clock was used to create the clock object before it is referenced.
WARNING: [Vivado 12-180] No cells matched 'get_cells -hierarchical -filter { NAME =~  "*ila_core_inst/u_ila_regs/reg_1a/I_EN_CTL_EQ1.U_CTL/xsdb_reg_reg*" && IS_SEQUENTIAL }'. [E:/7020_Project/25G/25G_PL/25G_PL.srcs/constrs_1/new/23H.xdc:1131]
WARNING: [Vivado 12-180] No cells matched 'get_cells -hierarchical -filter { NAME =~ "*ila_core_inst/u_ila_cap_ctrl/U_NS1/I_YESLUT6.I_YES_OREG.O_reg*" && IS_SEQUENTIAL}'. [E:/7020_Project/25G/25G_PL/25G_PL.srcs/constrs_1/new/23H.xdc:1131]
CRITICAL WARNING: [Vivado 12-4739] set_false_path:No valid object(s) found for '-from [get_cells -hierarchical -filter { NAME =~  "*ila_core_inst/u_ila_regs/reg_1a/I_EN_CTL_EQ1.U_CTL/xsdb_reg_reg*" && IS_SEQUENTIAL }]'. [E:/7020_Project/25G/25G_PL/25G_PL.srcs/constrs_1/new/23H.xdc:1131]
Resolution: Check if the specified object(s) exists in the current design. If it does, ensure that the correct design hierarchy was specified for the object. If you are working with clocks, make sure create_clock was used to create the clock object before it is referenced.
WARNING: [Vivado 12-180] No cells matched 'get_cells -hierarchical -filter { NAME =~  "*ila_core_inst/u_ila_regs/reg_1a/I_EN_CTL_EQ1.U_CTL/xsdb_reg_reg*" && IS_SEQUENTIAL }'. [E:/7020_Project/25G/25G_PL/25G_PL.srcs/constrs_1/new/23H.xdc:1132]
WARNING: [Vivado 12-180] No cells matched 'get_cells -hierarchical -filter { NAME =~ "*ila_core_inst/u_ila_cap_ctrl/u_cap_addrgen/icap_wr_en_reg*" && IS_SEQUENTIAL}'. [E:/7020_Project/25G/25G_PL/25G_PL.srcs/constrs_1/new/23H.xdc:1132]
CRITICAL WARNING: [Vivado 12-4739] set_false_path:No valid object(s) found for '-from [get_cells -hierarchical -filter { NAME =~  "*ila_core_inst/u_ila_regs/reg_1a/I_EN_CTL_EQ1.U_CTL/xsdb_reg_reg*" && IS_SEQUENTIAL }]'. [E:/7020_Project/25G/25G_PL/25G_PL.srcs/constrs_1/new/23H.xdc:1132]
Resolution: Check if the specified object(s) exists in the current design. If it does, ensure that the correct design hierarchy was specified for the object. If you are working with clocks, make sure create_clock was used to create the clock object before it is referenced.
WARNING: [Vivado 12-180] No cells matched 'get_cells -hierarchical -filter { NAME =~  "*ila_core_inst/u_ila_regs/reg_1a/I_EN_CTL_EQ1.U_CTL/xsdb_reg_reg*" && IS_SEQUENTIAL }'. [E:/7020_Project/25G/25G_PL/25G_PL.srcs/constrs_1/new/23H.xdc:1133]
WARNING: [Vivado 12-180] No cells matched 'get_cells -hierarchical -filter { NAME =~ "*ila_core_inst/u_ila_cap_ctrl/itrigger_out_reg*" && IS_SEQUENTIAL}'. [E:/7020_Project/25G/25G_PL/25G_PL.srcs/constrs_1/new/23H.xdc:1133]
CRITICAL WARNING: [Vivado 12-4739] set_false_path:No valid object(s) found for '-from [get_cells -hierarchical -filter { NAME =~  "*ila_core_inst/u_ila_regs/reg_1a/I_EN_CTL_EQ1.U_CTL/xsdb_reg_reg*" && IS_SEQUENTIAL }]'. [E:/7020_Project/25G/25G_PL/25G_PL.srcs/constrs_1/new/23H.xdc:1133]
Resolution: Check if the specified object(s) exists in the current design. If it does, ensure that the correct design hierarchy was specified for the object. If you are working with clocks, make sure create_clock was used to create the clock object before it is referenced.
WARNING: [Vivado 12-180] No cells matched 'get_cells -hierarchical -filter { NAME =~  "*ila_core_inst/u_ila_regs/reg_15/I_EN_CTL_EQ1.U_CTL/xsdb_reg_reg*" && IS_SEQUENTIAL }'. [E:/7020_Project/25G/25G_PL/25G_PL.srcs/constrs_1/new/23H.xdc:1134]
WARNING: [Vivado 12-180] No cells matched 'get_cells -hierarchical -filter { NAME =~ "*ila_core_inst/use_probe_debug_circuit_2_reg*" && IS_SEQUENTIAL}'. [E:/7020_Project/25G/25G_PL/25G_PL.srcs/constrs_1/new/23H.xdc:1134]
CRITICAL WARNING: [Vivado 12-4739] set_false_path:No valid object(s) found for '-from [get_cells -hierarchical -filter { NAME =~  "*ila_core_inst/u_ila_regs/reg_15/I_EN_CTL_EQ1.U_CTL/xsdb_reg_reg*" && IS_SEQUENTIAL }]'. [E:/7020_Project/25G/25G_PL/25G_PL.srcs/constrs_1/new/23H.xdc:1134]
Resolution: Check if the specified object(s) exists in the current design. If it does, ensure that the correct design hierarchy was specified for the object. If you are working with clocks, make sure create_clock was used to create the clock object before it is referenced.
WARNING: [Vivado 12-180] No cells matched 'get_cells -hierarchical -filter { NAME =~  "*ila_core_inst/u_ila_regs/reg_15/I_EN_CTL_EQ1.U_CTL/xsdb_reg_reg*" && IS_SEQUENTIAL }'. [E:/7020_Project/25G/25G_PL/25G_PL.srcs/constrs_1/new/23H.xdc:1135]
WARNING: [Vivado 12-180] No cells matched 'get_cells -hierarchical -filter { NAME =~ "*ila_core_inst/en_adv_trigger_2_reg*" && IS_SEQUENTIAL}'. [E:/7020_Project/25G/25G_PL/25G_PL.srcs/constrs_1/new/23H.xdc:1135]
CRITICAL WARNING: [Vivado 12-4739] set_false_path:No valid object(s) found for '-from [get_cells -hierarchical -filter { NAME =~  "*ila_core_inst/u_ila_regs/reg_15/I_EN_CTL_EQ1.U_CTL/xsdb_reg_reg*" && IS_SEQUENTIAL }]'. [E:/7020_Project/25G/25G_PL/25G_PL.srcs/constrs_1/new/23H.xdc:1135]
Resolution: Check if the specified object(s) exists in the current design. If it does, ensure that the correct design hierarchy was specified for the object. If you are working with clocks, make sure create_clock was used to create the clock object before it is referenced.
WARNING: [Vivado 12-180] No cells matched 'get_cells -hierarchical -filter { NAME =~  "*ila_core_inst/u_ila_regs/reg_1a/I_EN_CTL_EQ1.U_CTL/xsdb_reg_reg*" && IS_SEQUENTIAL }'. [E:/7020_Project/25G/25G_PL/25G_PL.srcs/constrs_1/new/23H.xdc:1136]
WARNING: [Vivado 12-180] No cells matched 'get_cells -hierarchical -filter { NAME =~ "*ila_core_inst/en_adv_trigger_2_reg*" && IS_SEQUENTIAL}'. [E:/7020_Project/25G/25G_PL/25G_PL.srcs/constrs_1/new/23H.xdc:1136]
CRITICAL WARNING: [Vivado 12-4739] set_false_path:No valid object(s) found for '-from [get_cells -hierarchical -filter { NAME =~  "*ila_core_inst/u_ila_regs/reg_1a/I_EN_CTL_EQ1.U_CTL/xsdb_reg_reg*" && IS_SEQUENTIAL }]'. [E:/7020_Project/25G/25G_PL/25G_PL.srcs/constrs_1/new/23H.xdc:1136]
Resolution: Check if the specified object(s) exists in the current design. If it does, ensure that the correct design hierarchy was specified for the object. If you are working with clocks, make sure create_clock was used to create the clock object before it is referenced.
WARNING: [Vivado 12-180] No cells matched 'get_cells -hierarchical -filter { NAME =~  "*ila_core_inst/u_ila_regs/reg_1a/I_EN_CTL_EQ1.U_CTL/xsdb_reg_reg*" && IS_SEQUENTIAL }'. [E:/7020_Project/25G/25G_PL/25G_PL.srcs/constrs_1/new/23H.xdc:1137]
WARNING: [Vivado 12-180] No cells matched 'get_cells -hierarchical -filter { NAME =~ "*ila_core_inst/capture_qual_ctrl_2_reg*" && IS_SEQUENTIAL}'. [E:/7020_Project/25G/25G_PL/25G_PL.srcs/constrs_1/new/23H.xdc:1137]
CRITICAL WARNING: [Vivado 12-4739] set_false_path:No valid object(s) found for '-from [get_cells -hierarchical -filter { NAME =~  "*ila_core_inst/u_ila_regs/reg_1a/I_EN_CTL_EQ1.U_CTL/xsdb_reg_reg*" && IS_SEQUENTIAL }]'. [E:/7020_Project/25G/25G_PL/25G_PL.srcs/constrs_1/new/23H.xdc:1137]
Resolution: Check if the specified object(s) exists in the current design. If it does, ensure that the correct design hierarchy was specified for the object. If you are working with clocks, make sure create_clock was used to create the clock object before it is referenced.
WARNING: [Vivado 12-180] No cells matched 'get_cells -hierarchical -filter { NAME =~  "*ila_core_inst/u_ila_regs/reg_stream_ffd/I_EN_CTL_EQ1.U_CTL/xsdb_reg_reg*" && IS_SEQUENTIAL }'. [E:/7020_Project/25G/25G_PL/25G_PL.srcs/constrs_1/new/23H.xdc:1138]
WARNING: [Vivado 12-180] No cells matched 'get_cells -hierarchical -filter { NAME =~ "*ila_core_inst/debug_data_in_sync1_reg*" && IS_SEQUENTIAL}'. [E:/7020_Project/25G/25G_PL/25G_PL.srcs/constrs_1/new/23H.xdc:1138]
CRITICAL WARNING: [Vivado 12-4739] set_false_path:No valid object(s) found for '-from [get_cells -hierarchical -filter { NAME =~  "*ila_core_inst/u_ila_regs/reg_stream_ffd/I_EN_CTL_EQ1.U_CTL/xsdb_reg_reg*" && IS_SEQUENTIAL }]'. [E:/7020_Project/25G/25G_PL/25G_PL.srcs/constrs_1/new/23H.xdc:1138]
Resolution: Check if the specified object(s) exists in the current design. If it does, ensure that the correct design hierarchy was specified for the object. If you are working with clocks, make sure create_clock was used to create the clock object before it is referenced.
WARNING: [Vivado 12-180] No cells matched 'get_cells -hierarchical -filter { NAME =~  "*ila_core_inst/u_ila_cap_ctrl/u_cap_addrgen/*.cfg_data_vec_reg*" && IS_SEQUENTIAL }'. [E:/7020_Project/25G/25G_PL/25G_PL.srcs/constrs_1/new/23H.xdc:1139]
WARNING: [Vivado 12-180] No cells matched 'get_cells -hierarchical -filter { NAME =~ "*ila_core_inst/u_ila_cap_ctrl/u_cap_addrgen/cfg_data_vec_sync1_reg*" && IS_SEQUENTIAL}'. [E:/7020_Project/25G/25G_PL/25G_PL.srcs/constrs_1/new/23H.xdc:1139]
CRITICAL WARNING: [Vivado 12-4739] set_false_path:No valid object(s) found for '-from [get_cells -hierarchical -filter { NAME =~  "*ila_core_inst/u_ila_cap_ctrl/u_cap_addrgen/*.cfg_data_vec_reg*" && IS_SEQUENTIAL }]'. [E:/7020_Project/25G/25G_PL/25G_PL.srcs/constrs_1/new/23H.xdc:1139]
Resolution: Check if the specified object(s) exists in the current design. If it does, ensure that the correct design hierarchy was specified for the object. If you are working with clocks, make sure create_clock was used to create the clock object before it is referenced.
WARNING: [Vivado 12-180] No cells matched 'get_cells -hierarchical -filter { NAME =~  "*ila_core_inst/u_ila_regs/s_dclk_flag_reg*" && IS_SEQUENTIAL }'. [E:/7020_Project/25G/25G_PL/25G_PL.srcs/constrs_1/new/23H.xdc:1140]
WARNING: [Vivado 12-180] No cells matched 'get_cells -hierarchical -filter { NAME =~ "*ila_core_inst/u_ila_regs/s_dclk_flag_sync1_reg*" && IS_SEQUENTIAL}'. [E:/7020_Project/25G/25G_PL/25G_PL.srcs/constrs_1/new/23H.xdc:1140]
CRITICAL WARNING: [Vivado 12-4739] set_false_path:No valid object(s) found for '-from [get_cells -hierarchical -filter { NAME =~  "*ila_core_inst/u_ila_regs/s_dclk_flag_reg*" && IS_SEQUENTIAL }]'. [E:/7020_Project/25G/25G_PL/25G_PL.srcs/constrs_1/new/23H.xdc:1140]
Resolution: Check if the specified object(s) exists in the current design. If it does, ensure that the correct design hierarchy was specified for the object. If you are working with clocks, make sure create_clock was used to create the clock object before it is referenced.
WARNING: [Vivado 12-180] No cells matched 'get_cells -hierarchical -filter { NAME =~  "*ila_core_inst/u_ila_regs/ila_clk_flag_reg*" && IS_SEQUENTIAL }'. [E:/7020_Project/25G/25G_PL/25G_PL.srcs/constrs_1/new/23H.xdc:1141]
WARNING: [Vivado 12-180] No cells matched 'get_cells -hierarchical -filter { NAME =~ "*ila_core_inst/u_ila_regs/ila_clk_flag_sync1_reg*" && IS_SEQUENTIAL}'. [E:/7020_Project/25G/25G_PL/25G_PL.srcs/constrs_1/new/23H.xdc:1141]
CRITICAL WARNING: [Vivado 12-4739] set_false_path:No valid object(s) found for '-from [get_cells -hierarchical -filter { NAME =~  "*ila_core_inst/u_ila_regs/ila_clk_flag_reg*" && IS_SEQUENTIAL }]'. [E:/7020_Project/25G/25G_PL/25G_PL.srcs/constrs_1/new/23H.xdc:1141]
Resolution: Check if the specified object(s) exists in the current design. If it does, ensure that the correct design hierarchy was specified for the object. If you are working with clocks, make sure create_clock was used to create the clock object before it is referenced.
WARNING: [Vivado 12-180] No cells matched 'get_cells -hierarchical -filter { NAME =~ "*ila_core_inst/u_ila_regs/reg_stream_ffd/I_EN_CTL_EQ1.U_CTL/xsdb_reg_reg*" && IS_SEQUENTIAL}'. [E:/7020_Project/25G/25G_PL/25G_PL.srcs/constrs_1/new/23H.xdc:1148]
WARNING: [Vivado 12-180] No cells matched 'get_cells -hierarchical -filter { NAME =~ "*ila_core_inst/u_trig/U_TM/N_DDR_MODE.G_NMU[*].U_M/allx_typeA_match_detection.ltlib_v1_0_0_allx_typeA_inst/probeDelay1_reg*" && IS_SEQUENTIAL}'. [E:/7020_Project/25G/25G_PL/25G_PL.srcs/constrs_1/new/23H.xdc:1148]
CRITICAL WARNING: [Vivado 12-4739] set_false_path:No valid object(s) found for '-from [get_cells -hierarchical -filter { NAME =~ "*ila_core_inst/u_ila_regs/reg_stream_ffd/I_EN_CTL_EQ1.U_CTL/xsdb_reg_reg*" && IS_SEQUENTIAL}]'. [E:/7020_Project/25G/25G_PL/25G_PL.srcs/constrs_1/new/23H.xdc:1148]
Resolution: Check if the specified object(s) exists in the current design. If it does, ensure that the correct design hierarchy was specified for the object. If you are working with clocks, make sure create_clock was used to create the clock object before it is referenced.
WARNING: [Vivado 12-180] No cells matched 'get_cells -hierarchical -filter { NAME =~  "*ila_core_inst/u_ila_regs/reg_15/I_EN_CTL_EQ1.U_CTL/xsdb_reg_reg*" && IS_SEQUENTIAL }'. [E:/7020_Project/25G/25G_PL/25G_PL.srcs/constrs_1/new/23H.xdc:1149]
WARNING: [Vivado 12-180] No cells matched 'get_cells -hierarchical -filter { NAME =~ "*ila_core_inst/u_trig/U_TM/N_DDR_MODE.G_NMU[*].U_M/allx_typeA_match_detection.ltlib_v1_0_0_allx_typeA_inst/probeDelay1_reg*" && IS_SEQUENTIAL}'. [E:/7020_Project/25G/25G_PL/25G_PL.srcs/constrs_1/new/23H.xdc:1149]
CRITICAL WARNING: [Vivado 12-4739] set_false_path:No valid object(s) found for '-from [get_cells -hierarchical -filter { NAME =~  "*ila_core_inst/u_ila_regs/reg_15/I_EN_CTL_EQ1.U_CTL/xsdb_reg_reg*" && IS_SEQUENTIAL }]'. [E:/7020_Project/25G/25G_PL/25G_PL.srcs/constrs_1/new/23H.xdc:1149]
Resolution: Check if the specified object(s) exists in the current design. If it does, ensure that the correct design hierarchy was specified for the object. If you are working with clocks, make sure create_clock was used to create the clock object before it is referenced.
WARNING: [Vivado 12-180] No cells matched 'get_cells -hierarchical -filter {NAME =~ "*allx_typeA_match_detection.ltlib_v1_0_0_allx_typeA_inst/DUT/u_srl_drive*"}'. [E:/7020_Project/25G/25G_PL/25G_PL.srcs/constrs_1/new/23H.xdc:1154]
WARNING: [Vivado 12-508] No pins matched 'get_pins -filter REF_PIN_NAME=~CLK -of_objects [get_cells -hierarchical -filter {NAME =~ "*allx_typeA_match_detection.ltlib_v1_0_0_allx_typeA_inst/DUT/u_srl_drive*"}]'. [E:/7020_Project/25G/25G_PL/25G_PL.srcs/constrs_1/new/23H.xdc:1154]
WARNING: [Vivado 12-180] No cells matched 'get_cells -hierarchical -filter {NAME =~ "*allx_typeA_match_detection.ltlib_v1_0_0_allx_typeA_inst/DUT/I_WHOLE_SLICE.G_SLICE_IDX[*].U_ALL_SRL_SLICE/I_IS_TERMINATION_SLICE_W_OUTPUT_REG.DOUT_O_reg*" && IS_SEQUENTIAL}'. [E:/7020_Project/25G/25G_PL/25G_PL.srcs/constrs_1/new/23H.xdc:1154]
WARNING: [Vivado 12-508] No pins matched 'get_pins -filter REF_PIN_NAME=~D -of_objects [get_cells -hierarchical -filter {NAME =~ "*allx_typeA_match_detection.ltlib_v1_0_0_allx_typeA_inst/DUT/I_WHOLE_SLICE.G_SLICE_IDX[*].U_ALL_SRL_SLICE/I_IS_TERMINATION_SLICE_W_OUTPUT_REG.DOUT_O_reg*" && IS_SEQUENTIAL}]'. [E:/7020_Project/25G/25G_PL/25G_PL.srcs/constrs_1/new/23H.xdc:1154]
CRITICAL WARNING: [Vivado 12-4739] set_false_path:No valid object(s) found for '-from [get_pins -filter REF_PIN_NAME=~CLK -of_objects [get_cells -hierarchical -filter {NAME =~ "*allx_typeA_match_detection.ltlib_v1_0_0_allx_typeA_inst/DUT/u_srl_drive*"}]]'. [E:/7020_Project/25G/25G_PL/25G_PL.srcs/constrs_1/new/23H.xdc:1154]
Resolution: Check if the specified object(s) exists in the current design. If it does, ensure that the correct design hierarchy was specified for the object. If you are working with clocks, make sure create_clock was used to create the clock object before it is referenced.
WARNING: [Vivado 12-180] No cells matched 'get_cells -hierarchical -filter { NAME =~  "*ila_core_inst/u_ila_cap_ctrl/u_cap_addrgen/*cfg_data_vec_reg*" && IS_SEQUENTIAL }'. [E:/7020_Project/25G/25G_PL/25G_PL.srcs/constrs_1/new/23H.xdc:1161]
WARNING: [Vivado 12-180] No cells matched 'get_cells -hierarchical -filter { NAME =~  "*ila_core_inst/u_ila_cap_ctrl/u_cap_addrgen/*icap_addr_reg*" && IS_SEQUENTIAL }'. [E:/7020_Project/25G/25G_PL/25G_PL.srcs/constrs_1/new/23H.xdc:1161]
CRITICAL WARNING: [Vivado 12-4739] set_false_path:No valid object(s) found for '-from [get_cells -hierarchical -filter { NAME =~  "*ila_core_inst/u_ila_cap_ctrl/u_cap_addrgen/*cfg_data_vec_reg*" && IS_SEQUENTIAL }]'. [E:/7020_Project/25G/25G_PL/25G_PL.srcs/constrs_1/new/23H.xdc:1161]
Resolution: Check if the specified object(s) exists in the current design. If it does, ensure that the correct design hierarchy was specified for the object. If you are working with clocks, make sure create_clock was used to create the clock object before it is referenced.
WARNING: [Vivado 12-180] No cells matched 'get_cells -hierarchical -filter { NAME =~  "*ila_core_inst/u_ila_cap_ctrl/u_cap_addrgen/captured_samples*" && IS_SEQUENTIAL }'. [E:/7020_Project/25G/25G_PL/25G_PL.srcs/constrs_1/new/23H.xdc:1162]
WARNING: [Vivado 12-180] No cells matched 'get_cells -hierarchical -filter { NAME =~  "*ila_core_inst/u_ila_regs/reg*/I_EN_STAT_EQ1.U_STAT/xsdb_reg*" && IS_SEQUENTIAL }'. [E:/7020_Project/25G/25G_PL/25G_PL.srcs/constrs_1/new/23H.xdc:1162]
CRITICAL WARNING: [Vivado 12-4739] set_false_path:No valid object(s) found for '-from [get_cells -hierarchical -filter { NAME =~  "*ila_core_inst/u_ila_cap_ctrl/u_cap_addrgen/captured_samples*" && IS_SEQUENTIAL }]'. [E:/7020_Project/25G/25G_PL/25G_PL.srcs/constrs_1/new/23H.xdc:1162]
Resolution: Check if the specified object(s) exists in the current design. If it does, ensure that the correct design hierarchy was specified for the object. If you are working with clocks, make sure create_clock was used to create the clock object before it is referenced.
WARNING: [Vivado 12-180] No cells matched 'get_cells -hierarchical -filter { NAME =~  "*ila_core_inst/u_ila_cap_ctrl/CAP_DONE_O*" && IS_SEQUENTIAL }'. [E:/7020_Project/25G/25G_PL/25G_PL.srcs/constrs_1/new/23H.xdc:1163]
WARNING: [Vivado 12-180] No cells matched 'get_cells -hierarchical -filter { NAME =~  "*ila_core_inst/u_ila_regs/reg*/I_EN_STAT_EQ1.U_STAT/xsdb_reg*" && IS_SEQUENTIAL }'. [E:/7020_Project/25G/25G_PL/25G_PL.srcs/constrs_1/new/23H.xdc:1163]
CRITICAL WARNING: [Vivado 12-4739] set_false_path:No valid object(s) found for '-from [get_cells -hierarchical -filter { NAME =~  "*ila_core_inst/u_ila_cap_ctrl/CAP_DONE_O*" && IS_SEQUENTIAL }]'. [E:/7020_Project/25G/25G_PL/25G_PL.srcs/constrs_1/new/23H.xdc:1163]
Resolution: Check if the specified object(s) exists in the current design. If it does, ensure that the correct design hierarchy was specified for the object. If you are working with clocks, make sure create_clock was used to create the clock object before it is referenced.
WARNING: [Vivado 12-180] No cells matched 'get_cells -hierarchical -filter { NAME =~  "*ila_core_inst/u_ila_cap_ctrl/CAP_TRIGGER_O*" && IS_SEQUENTIAL }'. [E:/7020_Project/25G/25G_PL/25G_PL.srcs/constrs_1/new/23H.xdc:1164]
INFO: [Common 17-14] Message 'Vivado 12-180' appears 100 times and further instances of the messages will be disabled. Use the Tcl command set_msg_config to change the current settings. [E:/7020_Project/25G/25G_PL/25G_PL.srcs/constrs_1/new/23H.xdc:1164]
CRITICAL WARNING: [Vivado 12-4739] set_false_path:No valid object(s) found for '-from [get_cells -hierarchical -filter { NAME =~  "*ila_core_inst/u_ila_cap_ctrl/CAP_TRIGGER_O*" && IS_SEQUENTIAL }]'. [E:/7020_Project/25G/25G_PL/25G_PL.srcs/constrs_1/new/23H.xdc:1164]
Resolution: Check if the specified object(s) exists in the current design. If it does, ensure that the correct design hierarchy was specified for the object. If you are working with clocks, make sure create_clock was used to create the clock object before it is referenced.
CRITICAL WARNING: [Vivado 12-4739] set_false_path:No valid object(s) found for '-from [get_cells -hierarchical -filter { NAME =~  "*ila_core_inst/u_ila_cap_ctrl/U_NS*/I_YESLUT6.I_YES_OREG.O_reg_reg*" && IS_SEQUENTIAL }]'. [E:/7020_Project/25G/25G_PL/25G_PL.srcs/constrs_1/new/23H.xdc:1169]
Resolution: Check if the specified object(s) exists in the current design. If it does, ensure that the correct design hierarchy was specified for the object. If you are working with clocks, make sure create_clock was used to create the clock object before it is referenced.
WARNING: [Vivado 12-508] No pins matched 'get_pins -filter REF_PIN_NAME=~CLK -of_objects [get_cells -hierarchical -filter { NAME =~  "*ila_core_inst/u_ila_cap_ctrl/u_cap_addrgen/u_cap_sample_counter/U_SCMPCE/I_YESLUT6.U_SRL32*"}]'. [E:/7020_Project/25G/25G_PL/25G_PL.srcs/constrs_1/new/23H.xdc:1174]
CRITICAL WARNING: [Vivado 12-4739] set_false_path:No valid object(s) found for '-from [get_pins -filter REF_PIN_NAME=~CLK -of_objects [get_cells -hierarchical -filter { NAME =~  "*ila_core_inst/u_ila_cap_ctrl/u_cap_addrgen/u_cap_sample_counter/U_SCMPCE/I_YESLUT6.U_SRL32*"}]]'. [E:/7020_Project/25G/25G_PL/25G_PL.srcs/constrs_1/new/23H.xdc:1174]
Resolution: Check if the specified object(s) exists in the current design. If it does, ensure that the correct design hierarchy was specified for the object. If you are working with clocks, make sure create_clock was used to create the clock object before it is referenced.
WARNING: [Vivado 12-508] No pins matched 'get_pins -filter REF_PIN_NAME=~CLK -of_objects [get_cells -hierarchical -filter { NAME =~  "*ila_core_inst/u_ila_cap_ctrl/u_cap_addrgen/u_cap_sample_counter/u_scnt_cmp/allx_typeA_match_detection.ltlib_v1_0_0_allx_typeA_inst/DUT/u_srl_drive*"}]'. [E:/7020_Project/25G/25G_PL/25G_PL.srcs/constrs_1/new/23H.xdc:1175]
CRITICAL WARNING: [Vivado 12-4739] set_false_path:No valid object(s) found for '-from [get_pins -filter REF_PIN_NAME=~CLK -of_objects [get_cells -hierarchical -filter { NAME =~  "*ila_core_inst/u_ila_cap_ctrl/u_cap_addrgen/u_cap_sample_counter/u_scnt_cmp/allx_typeA_match_detection.ltlib_v1_0_0_allx_typeA_inst/DUT/u_srl_drive*"}]]'. [E:/7020_Project/25G/25G_PL/25G_PL.srcs/constrs_1/new/23H.xdc:1175]
Resolution: Check if the specified object(s) exists in the current design. If it does, ensure that the correct design hierarchy was specified for the object. If you are working with clocks, make sure create_clock was used to create the clock object before it is referenced.
WARNING: [Vivado 12-508] No pins matched 'get_pins -filter REF_PIN_NAME=~CLK -of_objects [get_cells -hierarchical -filter { NAME =~  "*ila_core_inst/u_ila_cap_ctrl/u_cap_addrgen/U_CMPRESET/I_YESLUT6.U_SRL32_*" }]'. [E:/7020_Project/25G/25G_PL/25G_PL.srcs/constrs_1/new/23H.xdc:1177]
CRITICAL WARNING: [Vivado 12-4739] set_false_path:No valid object(s) found for '-from [get_pins -filter REF_PIN_NAME=~CLK -of_objects [get_cells -hierarchical -filter { NAME =~  "*ila_core_inst/u_ila_cap_ctrl/u_cap_addrgen/U_CMPRESET/I_YESLUT6.U_SRL32_*" }]]'. [E:/7020_Project/25G/25G_PL/25G_PL.srcs/constrs_1/new/23H.xdc:1177]
Resolution: Check if the specified object(s) exists in the current design. If it does, ensure that the correct design hierarchy was specified for the object. If you are working with clocks, make sure create_clock was used to create the clock object before it is referenced.
WARNING: [Vivado 12-508] No pins matched 'get_pins -filter REF_PIN_NAME=~CLK -of_objects [get_cells -hierarchical -filter { NAME =~  "*ila_core_inst/u_ila_cap_ctrl/u_cap_addrgen/u_cap_window_counter/u_wcnt_lcmp/allx_typeA_match_detection.ltlib_v1_0_0_allx_typeA_inst/DUT/u_srl_drive*"}]'. [E:/7020_Project/25G/25G_PL/25G_PL.srcs/constrs_1/new/23H.xdc:1184]
CRITICAL WARNING: [Vivado 12-4739] set_false_path:No valid object(s) found for '-from [get_pins -filter REF_PIN_NAME=~CLK -of_objects [get_cells -hierarchical -filter { NAME =~  "*ila_core_inst/u_ila_cap_ctrl/u_cap_addrgen/u_cap_window_counter/u_wcnt_lcmp/allx_typeA_match_detection.ltlib_v1_0_0_allx_typeA_inst/DUT/u_srl_drive*"}]]'. [E:/7020_Project/25G/25G_PL/25G_PL.srcs/constrs_1/new/23H.xdc:1184]
Resolution: Check if the specified object(s) exists in the current design. If it does, ensure that the correct design hierarchy was specified for the object. If you are working with clocks, make sure create_clock was used to create the clock object before it is referenced.
WARNING: [Vivado 12-508] No pins matched 'get_pins -filter REF_PIN_NAME=~CLK -of_objects [get_cells -hierarchical -filter { NAME =~  "*ila_core_inst/u_ila_cap_ctrl/u_cap_addrgen/u_cap_window_counter/u_wcnt_hcmp/allx_typeA_match_detection.ltlib_v1_0_0_allx_typeA_inst/DUT/u_srl_drive*"}]'. [E:/7020_Project/25G/25G_PL/25G_PL.srcs/constrs_1/new/23H.xdc:1185]
CRITICAL WARNING: [Vivado 12-4739] set_false_path:No valid object(s) found for '-from [get_pins -filter REF_PIN_NAME=~CLK -of_objects [get_cells -hierarchical -filter { NAME =~  "*ila_core_inst/u_ila_cap_ctrl/u_cap_addrgen/u_cap_window_counter/u_wcnt_hcmp/allx_typeA_match_detection.ltlib_v1_0_0_allx_typeA_inst/DUT/u_srl_drive*"}]]'. [E:/7020_Project/25G/25G_PL/25G_PL.srcs/constrs_1/new/23H.xdc:1185]
Resolution: Check if the specified object(s) exists in the current design. If it does, ensure that the correct design hierarchy was specified for the object. If you are working with clocks, make sure create_clock was used to create the clock object before it is referenced.
WARNING: [Vivado 12-508] No pins matched 'get_pins -filter REF_PIN_NAME=~CLK -of_objects [get_cells -hierarchical -filter { NAME =~  "*ila_core_inst/u_ila_cap_ctrl/u_cap_addrgen/u_cap_window_counter/U_WHCMPCE/I_YESLUT6.U_SRL32*"}]'. [E:/7020_Project/25G/25G_PL/25G_PL.srcs/constrs_1/new/23H.xdc:1186]
CRITICAL WARNING: [Vivado 12-4739] set_false_path:No valid object(s) found for '-from [get_pins -filter REF_PIN_NAME=~CLK -of_objects [get_cells -hierarchical -filter { NAME =~  "*ila_core_inst/u_ila_cap_ctrl/u_cap_addrgen/u_cap_window_counter/U_WHCMPCE/I_YESLUT6.U_SRL32*"}]]'. [E:/7020_Project/25G/25G_PL/25G_PL.srcs/constrs_1/new/23H.xdc:1186]
Resolution: Check if the specified object(s) exists in the current design. If it does, ensure that the correct design hierarchy was specified for the object. If you are working with clocks, make sure create_clock was used to create the clock object before it is referenced.
WARNING: [Vivado 12-508] No pins matched 'get_pins -filter REF_PIN_NAME=~CLK -of_objects [get_cells -hierarchical -filter { NAME =~  "*ila_core_inst/u_ila_cap_ctrl/u_cap_addrgen/u_cap_window_counter/U_WLCMPCE/I_YESLUT6.U_SRL32*"}]'. [E:/7020_Project/25G/25G_PL/25G_PL.srcs/constrs_1/new/23H.xdc:1187]
CRITICAL WARNING: [Vivado 12-4739] set_false_path:No valid object(s) found for '-from [get_pins -filter REF_PIN_NAME=~CLK -of_objects [get_cells -hierarchical -filter { NAME =~  "*ila_core_inst/u_ila_cap_ctrl/u_cap_addrgen/u_cap_window_counter/U_WLCMPCE/I_YESLUT6.U_SRL32*"}]]'. [E:/7020_Project/25G/25G_PL/25G_PL.srcs/constrs_1/new/23H.xdc:1187]
Resolution: Check if the specified object(s) exists in the current design. If it does, ensure that the correct design hierarchy was specified for the object. If you are working with clocks, make sure create_clock was used to create the clock object before it is referenced.
WARNING: [Vivado 12-508] No pins matched 'get_pins -filter REF_PIN_NAME=~CLK -of_objects [get_cells -hierarchical -filter { NAME =~  "*ila_core_inst/u_ila_cap_ctrl/u_cap_addrgen/U_CMPRESET/I_YESLUT6.U_SRL32_*" }]'. [E:/7020_Project/25G/25G_PL/25G_PL.srcs/constrs_1/new/23H.xdc:1188]
CRITICAL WARNING: [Vivado 12-4739] set_false_path:No valid object(s) found for '-from [get_pins -filter REF_PIN_NAME=~CLK -of_objects [get_cells -hierarchical -filter { NAME =~  "*ila_core_inst/u_ila_cap_ctrl/u_cap_addrgen/U_CMPRESET/I_YESLUT6.U_SRL32_*" }]]'. [E:/7020_Project/25G/25G_PL/25G_PL.srcs/constrs_1/new/23H.xdc:1188]
Resolution: Check if the specified object(s) exists in the current design. If it does, ensure that the correct design hierarchy was specified for the object. If you are working with clocks, make sure create_clock was used to create the clock object before it is referenced.
WARNING: [Vivado 12-508] No pins matched 'get_pins -filter REF_PIN_NAME=~CLK -of_objects [get_cells -hierarchical -filter { NAME =~  "*ila_core_inst/u_ila_cap_ctrl/u_cap_addrgen/U_CMPRESET/I_YESLUT6.U_SRL32_*" }]'. [E:/7020_Project/25G/25G_PL/25G_PL.srcs/constrs_1/new/23H.xdc:1189]
CRITICAL WARNING: [Vivado 12-4739] set_false_path:No valid object(s) found for '-from [get_pins -filter REF_PIN_NAME=~CLK -of_objects [get_cells -hierarchical -filter { NAME =~  "*ila_core_inst/u_ila_cap_ctrl/u_cap_addrgen/U_CMPRESET/I_YESLUT6.U_SRL32_*" }]]'. [E:/7020_Project/25G/25G_PL/25G_PL.srcs/constrs_1/new/23H.xdc:1189]
Resolution: Check if the specified object(s) exists in the current design. If it does, ensure that the correct design hierarchy was specified for the object. If you are working with clocks, make sure create_clock was used to create the clock object before it is referenced.
WARNING: [Vivado 12-508] No pins matched 'get_pins -filter REF_PIN_NAME=~CLK -of_objects [get_cells -hierarchical -filter { NAME =~  "*ila_core_inst/u_ila_cap_ctrl/u_cap_addrgen/u_cap_sample_counter/U_SCE/I_YESLUT6.U_SRLC16E*" }]'. [E:/7020_Project/25G/25G_PL/25G_PL.srcs/constrs_1/new/23H.xdc:1190]
CRITICAL WARNING: [Vivado 12-4739] set_false_path:No valid object(s) found for '-from [get_pins -filter REF_PIN_NAME=~CLK -of_objects [get_cells -hierarchical -filter { NAME =~  "*ila_core_inst/u_ila_cap_ctrl/u_cap_addrgen/u_cap_sample_counter/U_SCE/I_YESLUT6.U_SRLC16E*" }]]'. [E:/7020_Project/25G/25G_PL/25G_PL.srcs/constrs_1/new/23H.xdc:1190]
Resolution: Check if the specified object(s) exists in the current design. If it does, ensure that the correct design hierarchy was specified for the object. If you are working with clocks, make sure create_clock was used to create the clock object before it is referenced.
WARNING: [Vivado 12-508] No pins matched 'get_pins -filter REF_PIN_NAME=~CLK -of_objects [get_cells -hierarchical -filter { NAME =~  "*ila_core_inst/u_ila_cap_ctrl/u_cap_addrgen/u_cap_sample_counter/U_SCE/I_YESLUT6.U_SRLC16E*" }]'. [E:/7020_Project/25G/25G_PL/25G_PL.srcs/constrs_1/new/23H.xdc:1191]
CRITICAL WARNING: [Vivado 12-4739] set_false_path:No valid object(s) found for '-from [get_pins -filter REF_PIN_NAME=~CLK -of_objects [get_cells -hierarchical -filter { NAME =~  "*ila_core_inst/u_ila_cap_ctrl/u_cap_addrgen/u_cap_sample_counter/U_SCE/I_YESLUT6.U_SRLC16E*" }]]'. [E:/7020_Project/25G/25G_PL/25G_PL.srcs/constrs_1/new/23H.xdc:1191]
Resolution: Check if the specified object(s) exists in the current design. If it does, ensure that the correct design hierarchy was specified for the object. If you are working with clocks, make sure create_clock was used to create the clock object before it is referenced.
WARNING: [Vivado 12-508] No pins matched 'get_pins -filter REF_PIN_NAME=~CLK -of_objects [get_cells -hierarchical -filter { NAME =~  "*ila_core_inst/u_ila_cap_ctrl/u_cap_addrgen/u_cap_sample_counter/U_SCRST/I_YESLUT6.U_SRL32_*" }]'. [E:/7020_Project/25G/25G_PL/25G_PL.srcs/constrs_1/new/23H.xdc:1192]
CRITICAL WARNING: [Vivado 12-4739] set_false_path:No valid object(s) found for '-from [get_pins -filter REF_PIN_NAME=~CLK -of_objects [get_cells -hierarchical -filter { NAME =~  "*ila_core_inst/u_ila_cap_ctrl/u_cap_addrgen/u_cap_sample_counter/U_SCRST/I_YESLUT6.U_SRL32_*" }]]'. [E:/7020_Project/25G/25G_PL/25G_PL.srcs/constrs_1/new/23H.xdc:1192]
Resolution: Check if the specified object(s) exists in the current design. If it does, ensure that the correct design hierarchy was specified for the object. If you are working with clocks, make sure create_clock was used to create the clock object before it is referenced.
WARNING: [Vivado 12-508] No pins matched 'get_pins -filter REF_PIN_NAME=~CLK -of_objects [get_cells -hierarchical -filter { NAME =~  "*ila_core_inst/u_ila_cap_ctrl/u_cap_addrgen/u_cap_window_counter/U_WCE/I_YESLUT6.U_SRLC16E*" }]'. [E:/7020_Project/25G/25G_PL/25G_PL.srcs/constrs_1/new/23H.xdc:1193]
CRITICAL WARNING: [Vivado 12-4739] set_false_path:No valid object(s) found for '-from [get_pins -filter REF_PIN_NAME=~CLK -of_objects [get_cells -hierarchical -filter { NAME =~  "*ila_core_inst/u_ila_cap_ctrl/u_cap_addrgen/u_cap_window_counter/U_WCE/I_YESLUT6.U_SRLC16E*" }]]'. [E:/7020_Project/25G/25G_PL/25G_PL.srcs/constrs_1/new/23H.xdc:1193]
Resolution: Check if the specified object(s) exists in the current design. If it does, ensure that the correct design hierarchy was specified for the object. If you are working with clocks, make sure create_clock was used to create the clock object before it is referenced.
WARNING: [Vivado 12-508] No pins matched 'get_pins -filter REF_PIN_NAME=~CLK -of_objects [get_cells -hierarchical -filter { NAME =~  "*ila_core_inst/u_ila_cap_ctrl/U_CDONE/I_YESLUT6.U_SRL32_*" }]'. [E:/7020_Project/25G/25G_PL/25G_PL.srcs/constrs_1/new/23H.xdc:1194]
CRITICAL WARNING: [Vivado 12-4739] set_false_path:No valid object(s) found for '-from [get_pins -filter REF_PIN_NAME=~CLK -of_objects [get_cells -hierarchical -filter { NAME =~  "*ila_core_inst/u_ila_cap_ctrl/U_CDONE/I_YESLUT6.U_SRL32_*" }]]'. [E:/7020_Project/25G/25G_PL/25G_PL.srcs/constrs_1/new/23H.xdc:1194]
Resolution: Check if the specified object(s) exists in the current design. If it does, ensure that the correct design hierarchy was specified for the object. If you are working with clocks, make sure create_clock was used to create the clock object before it is referenced.
WARNING: [Vivado 12-508] No pins matched 'get_pins -filter REF_PIN_NAME=~CLK -of_objects [get_cells -hierarchical -filter { NAME =~  "*ila_core_inst/u_ila_cap_ctrl/U_NS0/I_YESLUT6.U_SRL32_*" }]'. [E:/7020_Project/25G/25G_PL/25G_PL.srcs/constrs_1/new/23H.xdc:1195]
CRITICAL WARNING: [Vivado 12-4739] set_false_path:No valid object(s) found for '-from [get_pins -filter REF_PIN_NAME=~CLK -of_objects [get_cells -hierarchical -filter { NAME =~  "*ila_core_inst/u_ila_cap_ctrl/U_NS0/I_YESLUT6.U_SRL32_*" }]]'. [E:/7020_Project/25G/25G_PL/25G_PL.srcs/constrs_1/new/23H.xdc:1195]
Resolution: Check if the specified object(s) exists in the current design. If it does, ensure that the correct design hierarchy was specified for the object. If you are working with clocks, make sure create_clock was used to create the clock object before it is referenced.
WARNING: [Vivado 12-508] No pins matched 'get_pins -filter REF_PIN_NAME=~CLK -of_objects [get_cells -hierarchical -filter { NAME =~  "*ila_core_inst/u_ila_cap_ctrl/U_NS1/I_YESLUT6.U_SRL32_*" }]'. [E:/7020_Project/25G/25G_PL/25G_PL.srcs/constrs_1/new/23H.xdc:1196]
CRITICAL WARNING: [Vivado 12-4739] set_false_path:No valid object(s) found for '-from [get_pins -filter REF_PIN_NAME=~CLK -of_objects [get_cells -hierarchical -filter { NAME =~  "*ila_core_inst/u_ila_cap_ctrl/U_NS1/I_YESLUT6.U_SRL32_*" }]]'. [E:/7020_Project/25G/25G_PL/25G_PL.srcs/constrs_1/new/23H.xdc:1196]
Resolution: Check if the specified object(s) exists in the current design. If it does, ensure that the correct design hierarchy was specified for the object. If you are working with clocks, make sure create_clock was used to create the clock object before it is referenced.
WARNING: [Vivado 12-508] No pins matched 'get_pins -filter REF_PIN_NAME=~C -of_objects [get_cells -hierarchical -filter { NAME =~ "*ila_core_inst/u_ila_reset_ctrl/asyncrounous_transfer.arm_out_transfer_inst/dout_reg1_reg*" }]'. [E:/7020_Project/25G/25G_PL/25G_PL.srcs/constrs_1/new/23H.xdc:1201]
CRITICAL WARNING: [Vivado 12-4739] set_false_path:No valid object(s) found for '-from [get_pins -filter REF_PIN_NAME=~C -of_objects [get_cells -hierarchical -filter { NAME =~ "*ila_core_inst/u_ila_reset_ctrl/asyncrounous_transfer.arm_out_transfer_inst/dout_reg1_reg*" }]]'. [E:/7020_Project/25G/25G_PL/25G_PL.srcs/constrs_1/new/23H.xdc:1201]
Resolution: Check if the specified object(s) exists in the current design. If it does, ensure that the correct design hierarchy was specified for the object. If you are working with clocks, make sure create_clock was used to create the clock object before it is referenced.
WARNING: [Vivado 12-508] No pins matched 'get_pins -filter REF_PIN_NAME=~C -of_objects [get_cells -hierarchical -filter { NAME =~ "*ila_core_inst/u_ila_reset_ctrl/asyncrounous_transfer.arm_out_transfer_inst/dout_reg1_reg*" }]'. [E:/7020_Project/25G/25G_PL/25G_PL.srcs/constrs_1/new/23H.xdc:1202]
CRITICAL WARNING: [Vivado 12-4739] set_false_path:No valid object(s) found for '-from [get_pins -filter REF_PIN_NAME=~C -of_objects [get_cells -hierarchical -filter { NAME =~ "*ila_core_inst/u_ila_reset_ctrl/asyncrounous_transfer.arm_out_transfer_inst/dout_reg1_reg*" }]]'. [E:/7020_Project/25G/25G_PL/25G_PL.srcs/constrs_1/new/23H.xdc:1202]
Resolution: Check if the specified object(s) exists in the current design. If it does, ensure that the correct design hierarchy was specified for the object. If you are working with clocks, make sure create_clock was used to create the clock object before it is referenced.
WARNING: [Vivado 12-508] No pins matched 'get_pins -filter REF_PIN_NAME=~C -of_objects [get_cells -hierarchical -filter { NAME =~ "*ila_core_inst/u_ila_reset_ctrl/asyncrounous_transfer.arm_out_transfer_inst/dout_reg1_reg*" }]'. [E:/7020_Project/25G/25G_PL/25G_PL.srcs/constrs_1/new/23H.xdc:1203]
CRITICAL WARNING: [Vivado 12-4739] set_false_path:No valid object(s) found for '-from [get_pins -filter REF_PIN_NAME=~C -of_objects [get_cells -hierarchical -filter { NAME =~ "*ila_core_inst/u_ila_reset_ctrl/asyncrounous_transfer.arm_out_transfer_inst/dout_reg1_reg*" }]]'. [E:/7020_Project/25G/25G_PL/25G_PL.srcs/constrs_1/new/23H.xdc:1203]
Resolution: Check if the specified object(s) exists in the current design. If it does, ensure that the correct design hierarchy was specified for the object. If you are working with clocks, make sure create_clock was used to create the clock object before it is referenced.
WARNING: [Vivado 12-508] No pins matched 'get_pins -filter REF_PIN_NAME=~C -of_objects [get_cells -hierarchical -filter { NAME =~ "*ila_core_inst/u_ila_reset_ctrl/asyncrounous_transfer.arm_out_transfer_inst/dout_reg1_reg*" }]'. [E:/7020_Project/25G/25G_PL/25G_PL.srcs/constrs_1/new/23H.xdc:1204]
CRITICAL WARNING: [Vivado 12-4739] set_false_path:No valid object(s) found for '-from [get_pins -filter REF_PIN_NAME=~C -of_objects [get_cells -hierarchical -filter { NAME =~ "*ila_core_inst/u_ila_reset_ctrl/asyncrounous_transfer.arm_out_transfer_inst/dout_reg1_reg*" }]]'. [E:/7020_Project/25G/25G_PL/25G_PL.srcs/constrs_1/new/23H.xdc:1204]
Resolution: Check if the specified object(s) exists in the current design. If it does, ensure that the correct design hierarchy was specified for the object. If you are working with clocks, make sure create_clock was used to create the clock object before it is referenced.
WARNING: [Vivado 12-508] No pins matched 'get_pins -filter REF_PIN_NAME=~C -of_objects [get_cells -hierarchical -filter { NAME =~ "*ila_core_inst/u_ila_reset_ctrl/asyncrounous_transfer.arm_out_transfer_inst/dout_reg1_reg*" }]'. [E:/7020_Project/25G/25G_PL/25G_PL.srcs/constrs_1/new/23H.xdc:1205]
CRITICAL WARNING: [Vivado 12-4739] set_false_path:No valid object(s) found for '-from [get_pins -filter REF_PIN_NAME=~C -of_objects [get_cells -hierarchical -filter { NAME =~ "*ila_core_inst/u_ila_reset_ctrl/asyncrounous_transfer.arm_out_transfer_inst/dout_reg1_reg*" }]]'. [E:/7020_Project/25G/25G_PL/25G_PL.srcs/constrs_1/new/23H.xdc:1205]
Resolution: Check if the specified object(s) exists in the current design. If it does, ensure that the correct design hierarchy was specified for the object. If you are working with clocks, make sure create_clock was used to create the clock object before it is referenced.
WARNING: [Vivado 12-508] No pins matched 'get_pins -filter REF_PIN_NAME=~CLK -of_objects [get_cells -hierarchical -filter { NAME =~ "*ila_core_inst/u_ila_cap_ctrl/u_cap_addrgen/u_cap_sample_counter/U_SCRST/I_YESLUT6.U_SRL32*" }]'. [E:/7020_Project/25G/25G_PL/25G_PL.srcs/constrs_1/new/23H.xdc:1206]
CRITICAL WARNING: [Vivado 12-4739] set_false_path:No valid object(s) found for '-from [get_pins -filter REF_PIN_NAME=~CLK -of_objects [get_cells -hierarchical -filter { NAME =~ "*ila_core_inst/u_ila_cap_ctrl/u_cap_addrgen/u_cap_sample_counter/U_SCRST/I_YESLUT6.U_SRL32*" }]]'. [E:/7020_Project/25G/25G_PL/25G_PL.srcs/constrs_1/new/23H.xdc:1206]
Resolution: Check if the specified object(s) exists in the current design. If it does, ensure that the correct design hierarchy was specified for the object. If you are working with clocks, make sure create_clock was used to create the clock object before it is referenced.
WARNING: [Vivado 12-508] No pins matched 'get_pins -filter REF_PIN_NAME=~C -of_objects [get_cells -hierarchical -filter { NAME =~ "*ila_core_inst/COUNTER.u_count/G_COUNTER[*].U_COUNTER/counter_load_i*" }]'. [E:/7020_Project/25G/25G_PL/25G_PL.srcs/constrs_1/new/23H.xdc:1207]
WARNING: [Vivado 12-508] No pins matched 'get_pins -filter REF_PIN_NAME=~D -of_objects [get_cells -hierarchical -filter { NAME =~  "*ila_core_inst/COUNTER.u_count/G_COUNTER[*].U_COUNTER/counter_reg[*]" }]'. [E:/7020_Project/25G/25G_PL/25G_PL.srcs/constrs_1/new/23H.xdc:1207]
CRITICAL WARNING: [Vivado 12-4739] set_false_path:No valid object(s) found for '-from [get_pins -filter REF_PIN_NAME=~C -of_objects [get_cells -hierarchical -filter { NAME =~ "*ila_core_inst/COUNTER.u_count/G_COUNTER[*].U_COUNTER/counter_load_i*" }]]'. [E:/7020_Project/25G/25G_PL/25G_PL.srcs/constrs_1/new/23H.xdc:1207]
Resolution: Check if the specified object(s) exists in the current design. If it does, ensure that the correct design hierarchy was specified for the object. If you are working with clocks, make sure create_clock was used to create the clock object before it is referenced.
WARNING: [Vivado 12-508] No pins matched 'get_pins -filter REF_PIN_NAME=~C -of_objects [get_cells -hierarchical -filter { NAME =~ "*ila_core_inst/ADV_TRIG.u_adv_trig/SEQUENCER_STATE_O*" }]'. [E:/7020_Project/25G/25G_PL/25G_PL.srcs/constrs_1/new/23H.xdc:1208]
WARNING: [Vivado 12-508] No pins matched 'get_pins -filter REF_PIN_NAME=~D -of_objects [get_cells -hierarchical -filter { NAME =~  "*ila_core_inst/u_ila_regs/reg_88f/I_EN_STAT_EQ1.U_STAT/xsdb_reg*" }]'. [E:/7020_Project/25G/25G_PL/25G_PL.srcs/constrs_1/new/23H.xdc:1208]
CRITICAL WARNING: [Vivado 12-4739] set_false_path:No valid object(s) found for '-from [get_pins -filter REF_PIN_NAME=~C -of_objects [get_cells -hierarchical -filter { NAME =~ "*ila_core_inst/ADV_TRIG.u_adv_trig/SEQUENCER_STATE_O*" }]]'. [E:/7020_Project/25G/25G_PL/25G_PL.srcs/constrs_1/new/23H.xdc:1208]
Resolution: Check if the specified object(s) exists in the current design. If it does, ensure that the correct design hierarchy was specified for the object. If you are working with clocks, make sure create_clock was used to create the clock object before it is referenced.
WARNING: [Vivado 12-508] No pins matched 'get_pins -filter REF_PIN_NAME=~C -of_objects [get_cells -hierarchical -filter { NAME =~ "*ila_core_inst/ADV_TRIG.u_adv_trig/FLAG*" }]'. [E:/7020_Project/25G/25G_PL/25G_PL.srcs/constrs_1/new/23H.xdc:1209]
WARNING: [Vivado 12-508] No pins matched 'get_pins -filter REF_PIN_NAME=~D -of_objects [get_cells -hierarchical -filter { NAME =~  "*ila_core_inst/u_ila_regs/reg_892/I_EN_STAT_EQ1.U_STAT/xsdb_reg*" }]'. [E:/7020_Project/25G/25G_PL/25G_PL.srcs/constrs_1/new/23H.xdc:1209]
CRITICAL WARNING: [Vivado 12-4739] set_false_path:No valid object(s) found for '-from [get_pins -filter REF_PIN_NAME=~C -of_objects [get_cells -hierarchical -filter { NAME =~ "*ila_core_inst/ADV_TRIG.u_adv_trig/FLAG*" }]]'. [E:/7020_Project/25G/25G_PL/25G_PL.srcs/constrs_1/new/23H.xdc:1209]
Resolution: Check if the specified object(s) exists in the current design. If it does, ensure that the correct design hierarchy was specified for the object. If you are working with clocks, make sure create_clock was used to create the clock object before it is referenced.
CRITICAL WARNING: [Vivado 12-4739] set_false_path:No valid object(s) found for '-from [get_cells -hierarchical -filter { NAME =~ "*ila_core_inst/u_ila_regs/reg_1a/I_EN_CTL_EQ1.U_CTL/xsdb_reg_reg*" && IS_SEQUENTIAL }]'. [E:/7020_Project/25G/25G_PL/25G_PL.srcs/constrs_1/new/23H.xdc:1211]
Resolution: Check if the specified object(s) exists in the current design. If it does, ensure that the correct design hierarchy was specified for the object. If you are working with clocks, make sure create_clock was used to create the clock object before it is referenced.
CRITICAL WARNING: [Vivado 12-4739] set_false_path:No valid object(s) found for '-from [get_cells -hierarchical -filter { NAME =~  "*ila_core_inst/en_adv_trigger_reg*" && IS_SEQUENTIAL }]'. [E:/7020_Project/25G/25G_PL/25G_PL.srcs/constrs_1/new/23H.xdc:1218]
Resolution: Check if the specified object(s) exists in the current design. If it does, ensure that the correct design hierarchy was specified for the object. If you are working with clocks, make sure create_clock was used to create the clock object before it is referenced.
CRITICAL WARNING: [Vivado 12-4739] set_false_path:No valid object(s) found for '-from [get_cells -hierarchical -filter { NAME =~  "*ila_core_inst/en_adv_trigger_reg*" && IS_SEQUENTIAL }]'. [E:/7020_Project/25G/25G_PL/25G_PL.srcs/constrs_1/new/23H.xdc:1219]
Resolution: Check if the specified object(s) exists in the current design. If it does, ensure that the correct design hierarchy was specified for the object. If you are working with clocks, make sure create_clock was used to create the clock object before it is referenced.
WARNING: [Constraints 18-619] A clock with name 'i_clk_50m' already exists, overwriting the previous clock with the same name. [E:/7020_Project/25G/25G_PL/25G_PL.srcs/constrs_1/new/23H.xdc:1303]
CRITICAL WARNING: [Vivado 12-613] Cannot find cell 'u_h_top/u_ad9226/ad_clk/inst' in current context, where current instance = '' and current design = 'design_1' [E:/7020_Project/25G/25G_PL/25G_PL.srcs/constrs_1/new/23H.xdc:1307]
WARNING: [Constraints 18-619] A clock with name 'i_clk_50m' already exists, overwriting the previous clock with the same name. [E:/7020_Project/25G/25G_PL/25G_PL.srcs/constrs_1/new/23H.xdc:1380]
WARNING: [Vivado 12-508] No pins matched 'get_pins -hierarchical -filter {NAME =~ *ila_debug*/*/D}'. [E:/7020_Project/25G/25G_PL/25G_PL.srcs/constrs_1/new/23H.xdc:1430]
CRITICAL WARNING: [Vivado 12-4739] set_false_path:No valid object(s) found for '-to [get_pins -hierarchical -filter {NAME =~ *ila_debug*/*/D}]'. [E:/7020_Project/25G/25G_PL/25G_PL.srcs/constrs_1/new/23H.xdc:1430]
Resolution: Check if the specified object(s) exists in the current design. If it does, ensure that the correct design hierarchy was specified for the object. If you are working with clocks, make sure create_clock was used to create the clock object before it is referenced.
WARNING: [Vivado 12-508] No pins matched 'get_pins -hierarchical -filter {NAME =~ *u_ila*/*/D}'. [E:/7020_Project/25G/25G_PL/25G_PL.srcs/constrs_1/new/23H.xdc:1433]
CRITICAL WARNING: [Vivado 12-4739] set_false_path:No valid object(s) found for '-to [get_pins -hierarchical -filter {NAME =~ *u_ila*/*/D}]'. [E:/7020_Project/25G/25G_PL/25G_PL.srcs/constrs_1/new/23H.xdc:1433]
Resolution: Check if the specified object(s) exists in the current design. If it does, ensure that the correct design hierarchy was specified for the object. If you are working with clocks, make sure create_clock was used to create the clock object before it is referenced.
CRITICAL WARNING: [Vivado 12-613] Cannot find cell 'u_h_top/u_ad9226/ad_clk/inst' in current context, where current instance = '' and current design = 'design_1' [E:/7020_Project/25G/25G_PL/25G_PL.srcs/constrs_1/new/23H.xdc:1650]
CRITICAL WARNING: [Vivado 12-613] Cannot find cell 'u_h_top/u_adc_fifo/my_fifo_ip/U0/inst_fifo_gen/gconvfifo.rf/grf.rf/gntv_or_sync_fifo.gcx.clkx/rd_pntr_cdc_inst' in current context, where current instance = '' and current design = 'design_1' [E:/7020_Project/25G/25G_PL/25G_PL.srcs/constrs_1/new/23H.xdc:1748]
CRITICAL WARNING: [Vivado 12-4739] set_max_delay:No valid object(s) found for '-from [get_cells src_gray_ff_reg*]'. [E:/7020_Project/25G/25G_PL/25G_PL.srcs/constrs_1/new/23H.xdc:1749]
Resolution: Check if the specified object(s) exists in the current design. If it does, ensure that the correct design hierarchy was specified for the object. If you are working with clocks, make sure create_clock was used to create the clock object before it is referenced.
CRITICAL WARNING: [Vivado 12-4739] set_bus_skew:No valid object(s) found for '-from [get_cells src_gray_ff_reg*]'. [E:/7020_Project/25G/25G_PL/25G_PL.srcs/constrs_1/new/23H.xdc:1750]
Resolution: Check if the specified object(s) exists in the current design. If it does, ensure that the correct design hierarchy was specified for the object. If you are working with clocks, make sure create_clock was used to create the clock object before it is referenced.
WARNING: [Vivado_Tcl 4-921] Waiver ID 'CDC-6' -to list should not be empty. [E:/7020_Project/25G/25G_PL/25G_PL.srcs/constrs_1/new/23H.xdc:1752]
CRITICAL WARNING: [Vivado 12-613] Cannot find cell 'u_h_top/u_adc_fifo/my_fifo_ip/U0/inst_fifo_gen/gconvfifo.rf/grf.rf/gntv_or_sync_fifo.gcx.clkx/wr_pntr_cdc_inst' in current context, where current instance = '' and current design = 'design_1' [E:/7020_Project/25G/25G_PL/25G_PL.srcs/constrs_1/new/23H.xdc:1761]
CRITICAL WARNING: [Vivado 12-4739] set_max_delay:No valid object(s) found for '-from [get_cells src_gray_ff_reg*]'. [E:/7020_Project/25G/25G_PL/25G_PL.srcs/constrs_1/new/23H.xdc:1762]
Resolution: Check if the specified object(s) exists in the current design. If it does, ensure that the correct design hierarchy was specified for the object. If you are working with clocks, make sure create_clock was used to create the clock object before it is referenced.
CRITICAL WARNING: [Vivado 12-4739] set_bus_skew:No valid object(s) found for '-from [get_cells src_gray_ff_reg*]'. [E:/7020_Project/25G/25G_PL/25G_PL.srcs/constrs_1/new/23H.xdc:1763]
Resolution: Check if the specified object(s) exists in the current design. If it does, ensure that the correct design hierarchy was specified for the object. If you are working with clocks, make sure create_clock was used to create the clock object before it is referenced.
WARNING: [Vivado_Tcl 4-921] Waiver ID 'CDC-6' -to list should not be empty. [E:/7020_Project/25G/25G_PL/25G_PL.srcs/constrs_1/new/23H.xdc:1765]
CRITICAL WARNING: [Vivado 12-613] Cannot find cell 'u_h_top/u_adc_fifo/my_fifo_ip/U0/inst_fifo_gen/gconvfifo.rf/grf.rf/rstblk/ngwrdrst.grst.g7serrst.gsckt_wrst.gic_rst.xpm_cdc_single_inst_rrst_wr' in current context, where current instance = '' and current design = 'design_1' [E:/7020_Project/25G/25G_PL/25G_PL.srcs/constrs_1/new/23H.xdc:1814]
CRITICAL WARNING: [Vivado 12-4739] set_false_path:No valid object(s) found for '-to [get_cells {syncstages_ff_reg[0]}]'. [E:/7020_Project/25G/25G_PL/25G_PL.srcs/constrs_1/new/23H.xdc:1815]
Resolution: Check if the specified object(s) exists in the current design. If it does, ensure that the correct design hierarchy was specified for the object. If you are working with clocks, make sure create_clock was used to create the clock object before it is referenced.
CRITICAL WARNING: [Vivado 12-613] Cannot find cell 'u_h_top/u_adc_fifo/my_fifo_ip/U0/inst_fifo_gen/gconvfifo.rf/grf.rf/rstblk/ngwrdrst.grst.g7serrst.gsckt_wrst.gic_rst.xpm_cdc_single_inst_wrst_rd' in current context, where current instance = '' and current design = 'design_1' [E:/7020_Project/25G/25G_PL/25G_PL.srcs/constrs_1/new/23H.xdc:1821]
CRITICAL WARNING: [Vivado 12-4739] set_false_path:No valid object(s) found for '-to [get_cells {syncstages_ff_reg[0]}]'. [E:/7020_Project/25G/25G_PL/25G_PL.srcs/constrs_1/new/23H.xdc:1822]
Resolution: Check if the specified object(s) exists in the current design. If it does, ensure that the correct design hierarchy was specified for the object. If you are working with clocks, make sure create_clock was used to create the clock object before it is referenced.
CRITICAL WARNING: [Vivado 12-613] Cannot find cell 'u_h_top/u_adc_fifo/my_fifo_ip/U0/inst_fifo_gen/gconvfifo.rf/grf.rf/rstblk/ngwrdrst.grst.g7serrst.gsckt_wrst.gic_rst.xpm_cdc_sync_rst_inst_wrst' in current context, where current instance = '' and current design = 'design_1' [E:/7020_Project/25G/25G_PL/25G_PL.srcs/constrs_1/new/23H.xdc:1832]
CRITICAL WARNING: [Vivado 12-4739] set_false_path:No valid object(s) found for '-to [get_cells {syncstages_ff_reg[0]}]'. [E:/7020_Project/25G/25G_PL/25G_PL.srcs/constrs_1/new/23H.xdc:1833]
Resolution: Check if the specified object(s) exists in the current design. If it does, ensure that the correct design hierarchy was specified for the object. If you are working with clocks, make sure create_clock was used to create the clock object before it is referenced.
CRITICAL WARNING: [Vivado 12-613] Cannot find cell 'u_h_top/u_adc_fifo/my_fifo_ip/U0/inst_fifo_gen/gconvfifo.rf/grf.rf/rstblk/ngwrdrst.grst.g7serrst.gsckt_wrst.xpm_cdc_sync_rst_inst_wrst' in current context, where current instance = '' and current design = 'design_1' [E:/7020_Project/25G/25G_PL/25G_PL.srcs/constrs_1/new/23H.xdc:1838]
CRITICAL WARNING: [Vivado 12-4739] set_false_path:No valid object(s) found for '-to [get_cells {syncstages_ff_reg[0]}]'. [E:/7020_Project/25G/25G_PL/25G_PL.srcs/constrs_1/new/23H.xdc:1839]
Resolution: Check if the specified object(s) exists in the current design. If it does, ensure that the correct design hierarchy was specified for the object. If you are working with clocks, make sure create_clock was used to create the clock object before it is referenced.
CRITICAL WARNING: [Vivado 12-613] Cannot find cell 'dbg_hub/inst' in current context, where current instance = '' and current design = 'design_1' [E:/7020_Project/25G/25G_PL/25G_PL.srcs/constrs_1/new/23H.xdc:1932]
WARNING: [Vivado 12-508] No pins matched 'get_pins -filter REF_PIN_NAME=~TCK -of_objects [get_cells -hierarchical -filter {NAME =~ "*BSCANID.u_xsdbm_id/SWITCH_N_EXT_BSCAN.bscan_inst/SERIES7_BSCAN.bscan_inst*"}]'. [E:/7020_Project/25G/25G_PL/25G_PL.srcs/constrs_1/new/23H.xdc:1933]
CRITICAL WARNING: [Vivado 12-4739] create_clock:No valid object(s) found for '-objects [get_pins -filter REF_PIN_NAME=~TCK -of_objects [get_cells -hierarchical -filter {NAME =~ "*BSCANID.u_xsdbm_id/SWITCH_N_EXT_BSCAN.bscan_inst/SERIES7_BSCAN.bscan_inst*"}]]'. [E:/7020_Project/25G/25G_PL/25G_PL.srcs/constrs_1/new/23H.xdc:1933]
Resolution: Check if the specified object(s) exists in the current design. If it does, ensure that the correct design hierarchy was specified for the object. If you are working with clocks, make sure create_clock was used to create the clock object before it is referenced.
WARNING: [Vivado 12-508] No pins matched 'dbg_hub/inst/BSCANID.u_xsdbm_id/CORE_XSDB.UUT_MASTER/U_ICON_INTERFACE/U_CMD6_RD/U_RD_FIFO/SUBCORE_FIFO.xsdbm_v3_0_0_rdfifo_inst/inst_fifo_gen/gconvfifo.rf/grf.rf/gntv_or_sync_fifo.gcx.clkx/gnxpm_cdc.rd_pntr_bin_reg[0]/C'. [E:/7020_Project/25G/25G_PL/25G_PL.srcs/constrs_1/new/23H.xdc:1952]
WARNING: [Vivado 12-508] No pins matched 'dbg_hub/inst/BSCANID.u_xsdbm_id/CORE_XSDB.UUT_MASTER/U_ICON_INTERFACE/U_CMD6_RD/U_RD_FIFO/SUBCORE_FIFO.xsdbm_v3_0_0_rdfifo_inst/inst_fifo_gen/gconvfifo.rf/grf.rf/gntv_or_sync_fifo.gcx.clkx/gnxpm_cdc.rd_pntr_bin_reg[1]/C'. [E:/7020_Project/25G/25G_PL/25G_PL.srcs/constrs_1/new/23H.xdc:1952]
WARNING: [Vivado 12-508] No pins matched 'dbg_hub/inst/BSCANID.u_xsdbm_id/CORE_XSDB.UUT_MASTER/U_ICON_INTERFACE/U_CMD6_RD/U_RD_FIFO/SUBCORE_FIFO.xsdbm_v3_0_0_rdfifo_inst/inst_fifo_gen/gconvfifo.rf/grf.rf/gntv_or_sync_fifo.gcx.clkx/gnxpm_cdc.rd_pntr_bin_reg[2]/C'. [E:/7020_Project/25G/25G_PL/25G_PL.srcs/constrs_1/new/23H.xdc:1952]
WARNING: [Vivado 12-508] No pins matched 'dbg_hub/inst/BSCANID.u_xsdbm_id/CORE_XSDB.UUT_MASTER/U_ICON_INTERFACE/U_CMD6_RD/U_RD_FIFO/SUBCORE_FIFO.xsdbm_v3_0_0_rdfifo_inst/inst_fifo_gen/gconvfifo.rf/grf.rf/gntv_or_sync_fifo.gcx.clkx/gnxpm_cdc.rd_pntr_bin_reg[3]/C'. [E:/7020_Project/25G/25G_PL/25G_PL.srcs/constrs_1/new/23H.xdc:1952]
WARNING: [Vivado 12-508] No pins matched 'dbg_hub/inst/BSCANID.u_xsdbm_id/CORE_XSDB.UUT_MASTER/U_ICON_INTERFACE/U_CMD6_RD/U_RD_FIFO/SUBCORE_FIFO.xsdbm_v3_0_0_rdfifo_inst/inst_fifo_gen/gconvfifo.rf/grf.rf/gntv_or_sync_fifo.gcx.clkx/gnxpm_cdc.wr_pntr_gc_reg[0]/C'. [E:/7020_Project/25G/25G_PL/25G_PL.srcs/constrs_1/new/23H.xdc:1952]
WARNING: [Vivado 12-508] No pins matched 'dbg_hub/inst/BSCANID.u_xsdbm_id/CORE_XSDB.UUT_MASTER/U_ICON_INTERFACE/U_CMD6_RD/U_RD_FIFO/SUBCORE_FIFO.xsdbm_v3_0_0_rdfifo_inst/inst_fifo_gen/gconvfifo.rf/grf.rf/gntv_or_sync_fifo.gcx.clkx/gnxpm_cdc.wr_pntr_gc_reg[1]/C'. [E:/7020_Project/25G/25G_PL/25G_PL.srcs/constrs_1/new/23H.xdc:1952]
WARNING: [Vivado 12-508] No pins matched 'dbg_hub/inst/BSCANID.u_xsdbm_id/CORE_XSDB.UUT_MASTER/U_ICON_INTERFACE/U_CMD6_RD/U_RD_FIFO/SUBCORE_FIFO.xsdbm_v3_0_0_rdfifo_inst/inst_fifo_gen/gconvfifo.rf/grf.rf/gntv_or_sync_fifo.gcx.clkx/gnxpm_cdc.wr_pntr_gc_reg[2]/C'. [E:/7020_Project/25G/25G_PL/25G_PL.srcs/constrs_1/new/23H.xdc:1952]
WARNING: [Vivado 12-508] No pins matched 'dbg_hub/inst/BSCANID.u_xsdbm_id/CORE_XSDB.UUT_MASTER/U_ICON_INTERFACE/U_CMD6_RD/U_RD_FIFO/SUBCORE_FIFO.xsdbm_v3_0_0_rdfifo_inst/inst_fifo_gen/gconvfifo.rf/grf.rf/gntv_or_sync_fifo.gcx.clkx/gnxpm_cdc.wr_pntr_gc_reg[3]/C'. [E:/7020_Project/25G/25G_PL/25G_PL.srcs/constrs_1/new/23H.xdc:1952]
WARNING: [Vivado 12-508] No pins matched 'dbg_hub/inst/BSCANID.u_xsdbm_id/CORE_XSDB.UUT_MASTER/U_ICON_INTERFACE/U_CMD6_RD/U_RD_FIFO/SUBCORE_FIFO.xsdbm_v3_0_0_rdfifo_inst/inst_fifo_gen/gconvfifo.rf/grf.rf/gntv_or_sync_fifo.gcx.clkx/gnxpm_cdc.gsync_stage[1].wr_stg_inst/Q_reg_reg[0]/C'. [E:/7020_Project/25G/25G_PL/25G_PL.srcs/constrs_1/new/23H.xdc:1952]
WARNING: [Vivado 12-508] No pins matched 'dbg_hub/inst/BSCANID.u_xsdbm_id/CORE_XSDB.UUT_MASTER/U_ICON_INTERFACE/U_CMD6_RD/U_RD_FIFO/SUBCORE_FIFO.xsdbm_v3_0_0_rdfifo_inst/inst_fifo_gen/gconvfifo.rf/grf.rf/gntv_or_sync_fifo.gcx.clkx/gnxpm_cdc.gsync_stage[1].wr_stg_inst/Q_reg_reg[1]/C'. [E:/7020_Project/25G/25G_PL/25G_PL.srcs/constrs_1/new/23H.xdc:1952]
WARNING: [Vivado 12-508] No pins matched 'dbg_hub/inst/BSCANID.u_xsdbm_id/CORE_XSDB.UUT_MASTER/U_ICON_INTERFACE/U_CMD6_RD/U_RD_FIFO/SUBCORE_FIFO.xsdbm_v3_0_0_rdfifo_inst/inst_fifo_gen/gconvfifo.rf/grf.rf/gntv_or_sync_fifo.gcx.clkx/gnxpm_cdc.gsync_stage[1].wr_stg_inst/Q_reg_reg[2]/C'. [E:/7020_Project/25G/25G_PL/25G_PL.srcs/constrs_1/new/23H.xdc:1952]
WARNING: [Vivado 12-508] No pins matched 'dbg_hub/inst/BSCANID.u_xsdbm_id/CORE_XSDB.UUT_MASTER/U_ICON_INTERFACE/U_CMD6_RD/U_RD_FIFO/SUBCORE_FIFO.xsdbm_v3_0_0_rdfifo_inst/inst_fifo_gen/gconvfifo.rf/grf.rf/gntv_or_sync_fifo.gcx.clkx/gnxpm_cdc.gsync_stage[1].wr_stg_inst/Q_reg_reg[3]/C'. [E:/7020_Project/25G/25G_PL/25G_PL.srcs/constrs_1/new/23H.xdc:1952]
WARNING: [Vivado 12-508] No pins matched 'dbg_hub/inst/BSCANID.u_xsdbm_id/CORE_XSDB.UUT_MASTER/U_ICON_INTERFACE/U_CMD6_RD/U_RD_FIFO/SUBCORE_FIFO.xsdbm_v3_0_0_rdfifo_inst/inst_fifo_gen/gconvfifo.rf/grf.rf/gntv_or_sync_fifo.gcx.clkx/gnxpm_cdc.gsync_stage[2].wr_stg_inst/Q_reg_reg[0]/C'. [E:/7020_Project/25G/25G_PL/25G_PL.srcs/constrs_1/new/23H.xdc:1952]
WARNING: [Vivado 12-508] No pins matched 'dbg_hub/inst/BSCANID.u_xsdbm_id/CORE_XSDB.UUT_MASTER/U_ICON_INTERFACE/U_CMD6_RD/U_RD_FIFO/SUBCORE_FIFO.xsdbm_v3_0_0_rdfifo_inst/inst_fifo_gen/gconvfifo.rf/grf.rf/gntv_or_sync_fifo.gcx.clkx/gnxpm_cdc.gsync_stage[2].wr_stg_inst/Q_reg_reg[1]/C'. [E:/7020_Project/25G/25G_PL/25G_PL.srcs/constrs_1/new/23H.xdc:1952]
WARNING: [Vivado 12-508] No pins matched 'dbg_hub/inst/BSCANID.u_xsdbm_id/CORE_XSDB.UUT_MASTER/U_ICON_INTERFACE/U_CMD6_RD/U_RD_FIFO/SUBCORE_FIFO.xsdbm_v3_0_0_rdfifo_inst/inst_fifo_gen/gconvfifo.rf/grf.rf/gntv_or_sync_fifo.gcx.clkx/gnxpm_cdc.gsync_stage[2].wr_stg_inst/Q_reg_reg[2]/C'. [E:/7020_Project/25G/25G_PL/25G_PL.srcs/constrs_1/new/23H.xdc:1952]
WARNING: [Vivado 12-508] No pins matched 'dbg_hub/inst/BSCANID.u_xsdbm_id/CORE_XSDB.UUT_MASTER/U_ICON_INTERFACE/U_CMD6_RD/U_RD_FIFO/SUBCORE_FIFO.xsdbm_v3_0_0_rdfifo_inst/inst_fifo_gen/gconvfifo.rf/grf.rf/gntv_or_sync_fifo.gcx.clkx/gnxpm_cdc.gsync_stage[2].wr_stg_inst/Q_reg_reg[3]/C'. [E:/7020_Project/25G/25G_PL/25G_PL.srcs/constrs_1/new/23H.xdc:1952]
WARNING: [Vivado 12-508] No pins matched 'dbg_hub/inst/BSCANID.u_xsdbm_id/CORE_XSDB.UUT_MASTER/U_ICON_INTERFACE/U_CMD6_RD/U_RD_FIFO/SUBCORE_FIFO.xsdbm_v3_0_0_rdfifo_inst/inst_fifo_gen/gconvfifo.rf/grf.rf/gntv_or_sync_fifo.gl0.wr/gwas.wsts/ram_full_fb_i_reg/C'. [E:/7020_Project/25G/25G_PL/25G_PL.srcs/constrs_1/new/23H.xdc:1952]
WARNING: [Vivado 12-508] No pins matched 'dbg_hub/inst/BSCANID.u_xsdbm_id/CORE_XSDB.UUT_MASTER/U_ICON_INTERFACE/U_CMD6_RD/U_RD_FIFO/SUBCORE_FIFO.xsdbm_v3_0_0_rdfifo_inst/inst_fifo_gen/gconvfifo.rf/grf.rf/gntv_or_sync_fifo.gl0.wr/gwas.wsts/ram_full_i_reg/C'. [E:/7020_Project/25G/25G_PL/25G_PL.srcs/constrs_1/new/23H.xdc:1952]
WARNING: [Vivado 12-508] No pins matched 'dbg_hub/inst/BSCANID.u_xsdbm_id/CORE_XSDB.UUT_MASTER/U_ICON_INTERFACE/U_CMD6_RD/U_RD_FIFO/SUBCORE_FIFO.xsdbm_v3_0_0_rdfifo_inst/inst_fifo_gen/gconvfifo.rf/grf.rf/gntv_or_sync_fifo.gl0.wr/gwhf.whf/gof.gof1.overflow_i_reg/C'. [E:/7020_Project/25G/25G_PL/25G_PL.srcs/constrs_1/new/23H.xdc:1952]
WARNING: [Vivado 12-508] No pins matched 'dbg_hub/inst/BSCANID.u_xsdbm_id/CORE_XSDB.UUT_MASTER/U_ICON_INTERFACE/U_CMD6_RD/U_RD_FIFO/SUBCORE_FIFO.xsdbm_v3_0_0_rdfifo_inst/inst_fifo_gen/gconvfifo.rf/grf.rf/gntv_or_sync_fifo.gl0.wr/wpntr/gic0.gc0.count_d1_reg[0]/C'. [E:/7020_Project/25G/25G_PL/25G_PL.srcs/constrs_1/new/23H.xdc:1952]
WARNING: [Vivado 12-508] No pins matched 'dbg_hub/inst/BSCANID.u_xsdbm_id/CORE_XSDB.UUT_MASTER/U_ICON_INTERFACE/U_CMD6_RD/U_RD_FIFO/SUBCORE_FIFO.xsdbm_v3_0_0_rdfifo_inst/inst_fifo_gen/gconvfifo.rf/grf.rf/gntv_or_sync_fifo.gl0.wr/wpntr/gic0.gc0.count_d1_reg[1]/C'. [E:/7020_Project/25G/25G_PL/25G_PL.srcs/constrs_1/new/23H.xdc:1952]
WARNING: [Vivado 12-508] No pins matched 'dbg_hub/inst/BSCANID.u_xsdbm_id/CORE_XSDB.UUT_MASTER/U_ICON_INTERFACE/U_CMD6_RD/U_RD_FIFO/SUBCORE_FIFO.xsdbm_v3_0_0_rdfifo_inst/inst_fifo_gen/gconvfifo.rf/grf.rf/gntv_or_sync_fifo.gl0.wr/wpntr/gic0.gc0.count_d1_reg[2]/C'. [E:/7020_Project/25G/25G_PL/25G_PL.srcs/constrs_1/new/23H.xdc:1952]
WARNING: [Vivado 12-508] No pins matched 'dbg_hub/inst/BSCANID.u_xsdbm_id/CORE_XSDB.UUT_MASTER/U_ICON_INTERFACE/U_CMD6_RD/U_RD_FIFO/SUBCORE_FIFO.xsdbm_v3_0_0_rdfifo_inst/inst_fifo_gen/gconvfifo.rf/grf.rf/gntv_or_sync_fifo.gl0.wr/wpntr/gic0.gc0.count_d1_reg[3]/C'. [E:/7020_Project/25G/25G_PL/25G_PL.srcs/constrs_1/new/23H.xdc:1952]
WARNING: [Vivado 12-508] No pins matched 'dbg_hub/inst/BSCANID.u_xsdbm_id/CORE_XSDB.UUT_MASTER/U_ICON_INTERFACE/U_CMD6_RD/U_RD_FIFO/SUBCORE_FIFO.xsdbm_v3_0_0_rdfifo_inst/inst_fifo_gen/gconvfifo.rf/grf.rf/gntv_or_sync_fifo.gl0.wr/wpntr/gic0.gc0.count_d2_reg[0]/C'. [E:/7020_Project/25G/25G_PL/25G_PL.srcs/constrs_1/new/23H.xdc:1952]
WARNING: [Vivado 12-508] No pins matched 'dbg_hub/inst/BSCANID.u_xsdbm_id/CORE_XSDB.UUT_MASTER/U_ICON_INTERFACE/U_CMD6_RD/U_RD_FIFO/SUBCORE_FIFO.xsdbm_v3_0_0_rdfifo_inst/inst_fifo_gen/gconvfifo.rf/grf.rf/gntv_or_sync_fifo.gl0.wr/wpntr/gic0.gc0.count_d2_reg[1]/C'. [E:/7020_Project/25G/25G_PL/25G_PL.srcs/constrs_1/new/23H.xdc:1952]
WARNING: [Vivado 12-508] No pins matched 'dbg_hub/inst/BSCANID.u_xsdbm_id/CORE_XSDB.UUT_MASTER/U_ICON_INTERFACE/U_CMD6_RD/U_RD_FIFO/SUBCORE_FIFO.xsdbm_v3_0_0_rdfifo_inst/inst_fifo_gen/gconvfifo.rf/grf.rf/gntv_or_sync_fifo.gl0.wr/wpntr/gic0.gc0.count_d2_reg[2]/C'. [E:/7020_Project/25G/25G_PL/25G_PL.srcs/constrs_1/new/23H.xdc:1952]
WARNING: [Vivado 12-508] No pins matched 'dbg_hub/inst/BSCANID.u_xsdbm_id/CORE_XSDB.UUT_MASTER/U_ICON_INTERFACE/U_CMD6_RD/U_RD_FIFO/SUBCORE_FIFO.xsdbm_v3_0_0_rdfifo_inst/inst_fifo_gen/gconvfifo.rf/grf.rf/gntv_or_sync_fifo.gl0.wr/wpntr/gic0.gc0.count_d2_reg[3]/C'. [E:/7020_Project/25G/25G_PL/25G_PL.srcs/constrs_1/new/23H.xdc:1952]
WARNING: [Vivado 12-508] No pins matched 'dbg_hub/inst/BSCANID.u_xsdbm_id/CORE_XSDB.UUT_MASTER/U_ICON_INTERFACE/U_CMD6_RD/U_RD_FIFO/SUBCORE_FIFO.xsdbm_v3_0_0_rdfifo_inst/inst_fifo_gen/gconvfifo.rf/grf.rf/gntv_or_sync_fifo.gl0.wr/wpntr/gic0.gc0.count_reg[0]/C'. [E:/7020_Project/25G/25G_PL/25G_PL.srcs/constrs_1/new/23H.xdc:1952]
WARNING: [Vivado 12-508] No pins matched 'dbg_hub/inst/BSCANID.u_xsdbm_id/CORE_XSDB.UUT_MASTER/U_ICON_INTERFACE/U_CMD6_RD/U_RD_FIFO/SUBCORE_FIFO.xsdbm_v3_0_0_rdfifo_inst/inst_fifo_gen/gconvfifo.rf/grf.rf/gntv_or_sync_fifo.gl0.wr/wpntr/gic0.gc0.count_reg[1]/C'. [E:/7020_Project/25G/25G_PL/25G_PL.srcs/constrs_1/new/23H.xdc:1952]
WARNING: [Vivado 12-508] No pins matched 'dbg_hub/inst/BSCANID.u_xsdbm_id/CORE_XSDB.UUT_MASTER/U_ICON_INTERFACE/U_CMD6_RD/U_RD_FIFO/SUBCORE_FIFO.xsdbm_v3_0_0_rdfifo_inst/inst_fifo_gen/gconvfifo.rf/grf.rf/gntv_or_sync_fifo.gl0.wr/wpntr/gic0.gc0.count_reg[2]/C'. [E:/7020_Project/25G/25G_PL/25G_PL.srcs/constrs_1/new/23H.xdc:1952]
WARNING: [Vivado 12-508] No pins matched 'dbg_hub/inst/BSCANID.u_xsdbm_id/CORE_XSDB.UUT_MASTER/U_ICON_INTERFACE/U_CMD6_RD/U_RD_FIFO/SUBCORE_FIFO.xsdbm_v3_0_0_rdfifo_inst/inst_fifo_gen/gconvfifo.rf/grf.rf/gntv_or_sync_fifo.gl0.wr/wpntr/gic0.gc0.count_reg[3]/C'. [E:/7020_Project/25G/25G_PL/25G_PL.srcs/constrs_1/new/23H.xdc:1952]
WARNING: [Vivado 12-508] No pins matched 'dbg_hub/inst/BSCANID.u_xsdbm_id/CORE_XSDB.UUT_MASTER/U_ICON_INTERFACE/U_CMD6_RD/U_RD_FIFO/SUBCORE_FIFO.xsdbm_v3_0_0_rdfifo_inst/inst_fifo_gen/gconvfifo.rf/grf.rf/gntv_or_sync_fifo.mem/gdm.dm_gen.dm/RAM_reg_0_15_0_5/RAMA/CLK'. [E:/7020_Project/25G/25G_PL/25G_PL.srcs/constrs_1/new/23H.xdc:1952]
WARNING: [Vivado 12-508] No pins matched 'dbg_hub/inst/BSCANID.u_xsdbm_id/CORE_XSDB.UUT_MASTER/U_ICON_INTERFACE/U_CMD6_RD/U_RD_FIFO/SUBCORE_FIFO.xsdbm_v3_0_0_rdfifo_inst/inst_fifo_gen/gconvfifo.rf/grf.rf/gntv_or_sync_fifo.mem/gdm.dm_gen.dm/RAM_reg_0_15_0_5/RAMA_D1/CLK'. [E:/7020_Project/25G/25G_PL/25G_PL.srcs/constrs_1/new/23H.xdc:1952]
WARNING: [Vivado 12-508] No pins matched 'dbg_hub/inst/BSCANID.u_xsdbm_id/CORE_XSDB.UUT_MASTER/U_ICON_INTERFACE/U_CMD6_RD/U_RD_FIFO/SUBCORE_FIFO.xsdbm_v3_0_0_rdfifo_inst/inst_fifo_gen/gconvfifo.rf/grf.rf/gntv_or_sync_fifo.mem/gdm.dm_gen.dm/RAM_reg_0_15_0_5/RAMB/CLK'. [E:/7020_Project/25G/25G_PL/25G_PL.srcs/constrs_1/new/23H.xdc:1952]
WARNING: [Vivado 12-508] No pins matched 'dbg_hub/inst/BSCANID.u_xsdbm_id/CORE_XSDB.UUT_MASTER/U_ICON_INTERFACE/U_CMD6_RD/U_RD_FIFO/SUBCORE_FIFO.xsdbm_v3_0_0_rdfifo_inst/inst_fifo_gen/gconvfifo.rf/grf.rf/gntv_or_sync_fifo.mem/gdm.dm_gen.dm/RAM_reg_0_15_0_5/RAMB_D1/CLK'. [E:/7020_Project/25G/25G_PL/25G_PL.srcs/constrs_1/new/23H.xdc:1952]
WARNING: [Vivado 12-508] No pins matched 'dbg_hub/inst/BSCANID.u_xsdbm_id/CORE_XSDB.UUT_MASTER/U_ICON_INTERFACE/U_CMD6_RD/U_RD_FIFO/SUBCORE_FIFO.xsdbm_v3_0_0_rdfifo_inst/inst_fifo_gen/gconvfifo.rf/grf.rf/gntv_or_sync_fifo.mem/gdm.dm_gen.dm/RAM_reg_0_15_0_5/RAMC/CLK'. [E:/7020_Project/25G/25G_PL/25G_PL.srcs/constrs_1/new/23H.xdc:1952]
WARNING: [Vivado 12-508] No pins matched 'dbg_hub/inst/BSCANID.u_xsdbm_id/CORE_XSDB.UUT_MASTER/U_ICON_INTERFACE/U_CMD6_RD/U_RD_FIFO/SUBCORE_FIFO.xsdbm_v3_0_0_rdfifo_inst/inst_fifo_gen/gconvfifo.rf/grf.rf/gntv_or_sync_fifo.mem/gdm.dm_gen.dm/RAM_reg_0_15_0_5/RAMC_D1/CLK'. [E:/7020_Project/25G/25G_PL/25G_PL.srcs/constrs_1/new/23H.xdc:1952]
WARNING: [Vivado 12-508] No pins matched 'dbg_hub/inst/BSCANID.u_xsdbm_id/CORE_XSDB.UUT_MASTER/U_ICON_INTERFACE/U_CMD6_RD/U_RD_FIFO/SUBCORE_FIFO.xsdbm_v3_0_0_rdfifo_inst/inst_fifo_gen/gconvfifo.rf/grf.rf/gntv_or_sync_fifo.mem/gdm.dm_gen.dm/RAM_reg_0_15_0_5/RAMD/CLK'. [E:/7020_Project/25G/25G_PL/25G_PL.srcs/constrs_1/new/23H.xdc:1952]
WARNING: [Vivado 12-508] No pins matched 'dbg_hub/inst/BSCANID.u_xsdbm_id/CORE_XSDB.UUT_MASTER/U_ICON_INTERFACE/U_CMD6_RD/U_RD_FIFO/SUBCORE_FIFO.xsdbm_v3_0_0_rdfifo_inst/inst_fifo_gen/gconvfifo.rf/grf.rf/gntv_or_sync_fifo.mem/gdm.dm_gen.dm/RAM_reg_0_15_0_5/RAMD_D1/CLK'. [E:/7020_Project/25G/25G_PL/25G_PL.srcs/constrs_1/new/23H.xdc:1952]
WARNING: [Vivado 12-508] No pins matched 'dbg_hub/inst/BSCANID.u_xsdbm_id/CORE_XSDB.UUT_MASTER/U_ICON_INTERFACE/U_CMD6_RD/U_RD_FIFO/SUBCORE_FIFO.xsdbm_v3_0_0_rdfifo_inst/inst_fifo_gen/gconvfifo.rf/grf.rf/gntv_or_sync_fifo.mem/gdm.dm_gen.dm/RAM_reg_0_15_12_15/RAMA/CLK'. [E:/7020_Project/25G/25G_PL/25G_PL.srcs/constrs_1/new/23H.xdc:1952]
WARNING: [Vivado 12-508] No pins matched 'dbg_hub/inst/BSCANID.u_xsdbm_id/CORE_XSDB.UUT_MASTER/U_ICON_INTERFACE/U_CMD6_RD/U_RD_FIFO/SUBCORE_FIFO.xsdbm_v3_0_0_rdfifo_inst/inst_fifo_gen/gconvfifo.rf/grf.rf/gntv_or_sync_fifo.mem/gdm.dm_gen.dm/RAM_reg_0_15_12_15/RAMA_D1/CLK'. [E:/7020_Project/25G/25G_PL/25G_PL.srcs/constrs_1/new/23H.xdc:1952]
WARNING: [Vivado 12-508] No pins matched 'dbg_hub/inst/BSCANID.u_xsdbm_id/CORE_XSDB.UUT_MASTER/U_ICON_INTERFACE/U_CMD6_RD/U_RD_FIFO/SUBCORE_FIFO.xsdbm_v3_0_0_rdfifo_inst/inst_fifo_gen/gconvfifo.rf/grf.rf/gntv_or_sync_fifo.mem/gdm.dm_gen.dm/RAM_reg_0_15_12_15/RAMB/CLK'. [E:/7020_Project/25G/25G_PL/25G_PL.srcs/constrs_1/new/23H.xdc:1952]
INFO: [Common 17-14] Message 'Vivado 12-508' appears 100 times and further instances of the messages will be disabled. Use the Tcl command set_msg_config to change the current settings. [E:/7020_Project/25G/25G_PL/25G_PL.srcs/constrs_1/new/23H.xdc:1952]
CRITICAL WARNING: [Vivado 12-4739] set_false_path:No valid object(s) found for '-from [get_pins {{dbg_hub/inst/BSCANID.u_xsdbm_id/CORE_XSDB.UUT_MASTER/U_ICON_INTERFACE/U_CMD6_RD/U_RD_FIFO/SUBCORE_FIFO.xsdbm_v3_0_0_rdfifo_inst/inst_fifo_gen/gconvfifo.rf/grf.rf/gntv_or_sync_fifo.gcx.clkx/gnxpm_cdc.rd_pntr_bin_reg[0]/C} {dbg_hub/inst/BSCANID.u_xsdbm_id/CORE_XSDB.UUT_MASTER/U_ICON_INTERFACE/U_CMD6_RD/U_RD_FIFO/SUBCORE_FIFO.xsdbm_v3_0_0_rdfifo_inst/inst_fifo_gen/gconvfifo.rf/grf.rf/gntv_or_sync_fifo.gcx.clkx/gnxpm_cdc.rd_pntr_bin_reg[1]/C} {dbg_hub/inst/BSCANID.u_xsdbm_id/CORE_XSDB.UUT_MASTER/U_ICON_INTERFACE/U_CMD6_RD/U_RD_FIFO/SUBCORE_FIFO.xsdbm_v3_0_0_rdfifo_inst/inst_fifo_gen/gconvfifo.rf/grf.rf/gntv_or_sync_fifo.gcx.clkx/gnxpm_cdc.rd_pntr_bin_reg[2]/C} {dbg_hub/inst/BSCANID.u_xsdbm_id/CORE_XSDB.UUT_MASTER/U_ICON_INTERFACE/U_CMD6_RD/U_RD_FIFO/SUBCORE_FIFO.xsdbm_v3_0_0_rdfifo_inst/inst_fifo_gen/gconvfifo.rf/grf.rf/gntv_or_sync_fifo.gcx.clkx/gnxpm_cdc.rd_pntr_bin_reg[3]/C} {dbg_hub/inst/BSCANID.u_xsdbm_id/CORE_XSDB.UUT_MASTER/U_ICON_INTERFACE/U_CMD6_RD/U_RD_FIFO/SUBCORE_FIFO.xsdbm_v3_0_0_rdfifo_inst/inst_fifo_gen/gconvfifo.rf/grf.rf/gntv_or_sync_fifo.gcx.clkx/gnxpm_cdc.wr_pntr_gc_reg[0]/C} {dbg_hub/inst/BSCANID.u_xsdbm_id/CORE_XSDB.UUT_MASTER/U_ICON_INTERFACE/U_CMD6_RD/U_RD_FIFO/SUBCORE_FIFO.xsdbm_v3_0_0_rdfifo_inst/inst_fifo_gen/gconvfifo.rf/grf.rf/gntv_or_sync_fifo.gcx.clkx/gnxpm_cdc.wr_pntr_gc_reg[1]/C} {dbg_hub/inst/BSCANID.u_xsdbm_id/CORE_XSDB.UUT_MASTER/U_ICON_INTERFACE/U_CMD6_RD/U_RD_FIFO/SUBCORE_FIFO.xsdbm_v3_0_0_rdfifo_inst/inst_fifo_gen/gconvfifo.rf/grf.rf/gntv_or_sync_fifo.gcx.clkx/gnxpm_cdc.wr_pntr_gc_reg[2]/C} {dbg_hub/inst/BSCANID.u_xsdbm_id/CORE_XSDB.UUT_MASTER/U_ICON_INTERFACE/U_CMD6_RD/U_RD_FIFO/SUBCORE_FIFO.xsdbm_v3_0_0_rdfifo_inst/inst_fifo_gen/gconvfifo.rf/grf.rf/gntv_or_sync_fifo.gcx.clkx/gnxpm_cdc.wr_pntr_gc_reg[3]/C} {dbg_hub/inst/BSCANID.u_xsdbm_id/CORE_XSDB.UUT_MASTER/U_ICON_INTERFACE/U_CMD6_RD/U_RD_FIFO/SUBCORE_FIFO.xsdbm_v3_0_0_rdfifo_inst/inst_fifo_gen/gconvfifo.rf/grf.rf/gntv_or_sync_fifo.gcx.clkx/gnxpm_cdc.gsync_stage[1].wr_stg_inst/Q_reg_reg[0]/C} {dbg_hub/inst/BSCANID.u_xsdbm_id/CORE_XSDB.UUT_MASTER/U_ICON_INTERFACE/U_CMD6_RD/U_RD_FIFO/SUBCORE_FIFO.xsdbm_v3_0_0_rdfifo_inst/inst_fifo_gen/gconvfifo.rf/grf.rf/gntv_or_sync_fifo.gcx.clkx/gnxpm_cdc.gsync_stage[1].wr_stg_inst/Q_reg_reg[1]/C} {dbg_hub/inst/BSCANID.u_xsdbm_id/CORE_XSDB.UUT_MASTER/U_ICON_INTERFACE/U_CMD6_RD/U_RD_FIFO/SUBCORE_FIFO.xsdbm_v3_0_0_rdfifo_inst/inst_fifo_gen/gconvfifo.rf/grf.rf/gntv_or_sync_fifo.gcx.clkx/gnxpm_cdc.gsync_stage[1].wr_stg_inst/Q_reg_reg[2]/C} {dbg_hub/inst/BSCANID.u_xsdbm_id/CORE_XSDB.UUT_MASTER/U_ICON_INTERFACE/U_CMD6_RD/U_RD_FIFO/SUBCORE_FIFO.xsdbm_v3_0_0_rdfifo_inst/inst_fifo_gen/gconvfifo.rf/grf.rf/gntv_or_sync_fifo.gcx.clkx/gnxpm_cdc.gsync_stage[1].wr_stg_inst/Q_reg_reg[3]/C} {dbg_hub/inst/BSCANID.u_xsdbm_id/CORE_XSDB.UUT_MASTER/U_ICON_INTERFACE/U_CMD6_RD/U_RD_FIFO/SUBCORE_FIFO.xsdbm_v3_0_0_rdfifo_inst/inst_fifo_gen/gconvfifo.rf/grf.rf/gntv_or_sync_fifo.gcx.clkx/gnxpm_cdc.gsync_stage[2].wr_stg_inst/Q_reg_reg[0]/C} {dbg_hub/inst/BSCANID.u_xsdbm_id/CORE_XSDB.UUT_MASTER/U_ICON_INTERFACE/U_CMD6_RD/U_RD_FIFO/SUBCORE_FIFO.xsdbm_v3_0_0_rdfifo_inst/inst_fifo_gen/gconvfifo.rf/grf.rf/gntv_or_sync_fifo.gcx.clkx/gnxpm_cdc.gsync_stage[2].wr_stg_inst/Q_reg_reg[1]/C} {dbg_hub/inst/BSCANID.u_xsdbm_id/CORE_XSDB.UUT_MASTER/U_ICON_INTERFACE/U_CMD6_RD/U_RD_FIFO/SUBCORE_FIFO.xsdbm_v3_0_0_rdfifo_inst/inst_fifo_gen/gconvfifo.rf/grf.rf/gntv_or_sync_fifo.gcx.clkx/gnxpm_cdc.gsync_stage[2].wr_stg_inst/Q_reg_reg[2]/C} {dbg_hub/inst/BSCANID.u_xsdbm_id/CORE_XSDB.UUT_MASTER/U_ICON_INTERFACE/U_CMD6_RD/U_RD_FIFO/SUBCORE_FIFO.xsdbm_v3_0_0_rdfifo_inst/inst_fifo_gen/gconvfifo.rf/grf.rf/gntv_or_sync_fifo.gcx.clkx/gnxpm_cdc.gsync_stage[2].wr_stg_inst/Q_reg_reg[3]/C} dbg_hub/inst/BSCANID.u_xsdbm_id/CORE_XSDB.UUT_MASTER/U_ICON_INTERFACE/U_CMD6_RD/U_RD_FIFO/SUBCORE_FIFO.xsdbm_v3_0_0_rdfifo_inst/inst_fifo_gen/gconvfifo.rf/grf.rf/gntv_or_sync_fifo.gl0.wr/gwas.wsts/ram_full_fb_i_reg/C dbg_hub/inst/BSCANID.u_xsdbm_id/CORE_XSDB.UUT_MASTER/U_ICON_INTER
FACE/U_CMD6_RD/U_RD_FIFO/SUBCORE_FIFO.xsdbm_v3_0_0_rdfifo_inst/inst_fifo_gen/gconvfifo.rf/grf.rf/gntv_or_sync_fifo.gl0.wr/gwas.wsts/ram_full_i_reg/C dbg_hub/inst/BSCANID.u_xsdbm_id/CORE_XSDB.UUT_MASTER/U_ICON_INTERFACE/U_CMD6_RD/U_RD_FIFO/SUBCORE_FIFO.xsdbm_v3_0_0_rdfifo_inst/inst_fifo_gen/gconvfifo.rf/grf.rf/gntv_or_sync_fifo.gl0.wr/gwhf.whf/gof.gof1.overflow_i_reg/C {dbg_hub/inst/BSCANID.u_xsdbm_id/CORE_XSDB.UUT_MASTER/U_ICON_INTERFACE/U_CMD6_RD/U_RD_FIFO/SUBCORE_FIFO.xsdbm_v3_0_0_rdfifo_inst/inst_fifo_gen/gconvfifo.rf/grf.rf/gntv_or_sync_fifo.gl0.wr/wpntr/gic0.gc0.count_d1_reg[0]/C} {dbg_hub/inst/BSCANID.u_xsdbm_id/CORE_XSDB.UUT_MASTER/U_ICON_INTERFACE/U_CMD6_RD/U_RD_FIFO/SUBCORE_FIFO.xsdbm_v3_0_0_rdfifo_inst/inst_fifo_gen/gconvfifo.rf/grf.rf/gntv_or_sync_fifo.gl0.wr/wpntr/gic0.gc0.count_d1_reg[1]/C} {dbg_hub/inst/BSCANID.u_xsdbm_id/CORE_XSDB.UUT_MASTER/U_ICON_INTERFACE/U_CMD6_RD/U_RD_FIFO/SUBCORE_FIFO.xsdbm_v3_0_0_rdfifo_inst/inst_fifo_gen/gconvfifo.rf/grf.rf/gntv_or_sync_fifo.gl0.wr/wpntr/gic0.gc0.count_d1_reg[2]/C} {dbg_hub/inst/BSCANID.u_xsdbm_id/CORE_XSDB.UUT_MASTER/U_ICON_INTERFACE/U_CMD6_RD/U_RD_FIFO/SUBCORE_FIFO.xsdbm_v3_0_0_rdfifo_inst/inst_fifo_gen/gconvfifo.rf/grf.rf/gntv_or_sync_fifo.gl0.wr/wpntr/gic0.gc0.count_d1_reg[3]/C} {dbg_hub/inst/BSCANID.u_xsdbm_id/CORE_XSDB.UUT_MASTER/U_ICON_INTERFACE/U_CMD6_RD/U_RD_FIFO/SUBCORE_FIFO.xsdbm_v3_0_0_rdfifo_inst/inst_fifo_gen/gconvfifo.rf/grf.rf/gntv_or_sync_fifo.gl0.wr/wpntr/gic0.gc0.count_d2_reg[0]/C} {dbg_hub/inst/BSCANID.u_xsdbm_id/CORE_XSDB.UUT_MASTER/U_ICON_INTERFACE/U_CMD6_RD/U_RD_FIFO/SUBCORE_FIFO.xsdbm_v3_0_0_rdfifo_inst/inst_fifo_gen/gconvfifo.rf/grf.rf/gntv_or_sync_fifo.gl0.wr/wpntr/gic0.gc0.count_d2_reg[1]/C} {dbg_hub/inst/BSCANID.u_xsdbm_id/CORE_XSDB.UUT_MASTER/U_ICON_INTERFACE/U_CMD6_RD/U_RD_FIFO/SUBCORE_FIFO.xsdbm_v3_0_0_rdfifo_inst/inst_fifo_gen/gconvfifo.rf/grf.rf/gntv_or_sync_fifo.gl0.wr/wpntr/gic0.gc0.count_d2_reg[2]/C} {dbg_hub/inst/BSCANID.u_xsdbm_id/CORE_XSDB.UUT_MASTER/U_ICON_INTERFACE/U_CMD6_RD/U_RD_FIFO/SUBCORE_FIFO.xsdbm_v3_0_0_rdfifo_inst/inst_fifo_gen/gconvfifo.rf/grf.rf/gntv_or_sync_fifo.gl0.wr/wpntr/gic0.gc0.count_d2_reg[3]/C} {dbg_hub/inst/BSCANID.u_xsdbm_id/CORE_XSDB.UUT_MASTER/U_ICON_INTERFACE/U_CMD6_RD/U_RD_FIFO/SUBCORE_FIFO.xsdbm_v3_0_0_rdfifo_inst/inst_fifo_gen/gconvfifo.rf/grf.rf/gntv_or_sync_fifo.gl0.wr/wpntr/gic0.gc0.count_reg[0]/C} {dbg_hub/inst/BSCANID.u_xsdbm_id/CORE_XSDB.UUT_MASTER/U_ICON_INTERFACE/U_CMD6_RD/U_RD_FIFO/SUBCORE_FIFO.xsdbm_v3_0_0_rdfifo_inst/inst_fifo_gen/gconvfifo.rf/grf.rf/gntv_or_sync_fifo.gl0.wr/wpntr/gic0.gc0.count_reg[1]/C} {dbg_hub/inst/BSCANID.u_xsdbm_id/CORE_XSDB.UUT_MASTER/U_ICON_INTERFACE/U_CMD6_RD/U_RD_FIFO/SUBCORE_FIFO.xsdbm_v3_0_0_rdfifo_inst/inst_fifo_gen/gconvfifo.rf/grf.rf/gntv_or_sync_fifo.gl0.wr/wpntr/gic0.gc0.count_reg[2]/C} {dbg_hub/inst/BSCANID.u_xsdbm_id/CORE_XSDB.UUT_MASTER/U_ICON_INTERFACE/U_CMD6_RD/U_RD_FIFO/SUBCORE_FIFO.xsdbm_v3_0_0_rdfifo_inst/inst_fifo_gen/gconvfifo.rf/grf.rf/gntv_or_sync_fifo.gl0.wr/wpntr/gic0.gc0.count_reg[3]/C} dbg_hub/inst/BSCANID.u_xsdbm_id/CORE_XSDB.UUT_MASTER/U_ICON_INTERFACE/U_CMD6_RD/U_RD_FIFO/SUBCORE_FIFO.xsdbm_v3_0_0_rdfifo_inst/inst_fifo_gen/gconvfifo.rf/grf.rf/gntv_or_sync_fifo.mem/gdm.dm_gen.dm/RAM_reg_0_15_0_5/RAMA/CLK dbg_hub/inst/BSCANID.u_xsdbm_id/CORE_XSDB.UUT_MASTER/U_ICON_INTERFACE/U_CMD6_RD/U_RD_FIFO/SUBCORE_FIFO.xsdbm_v3_0_0_rdfifo_inst/inst_fifo_gen/gconvfifo.rf/grf.rf/gntv_or_sync_fifo.mem/gdm.dm_gen.dm/RAM_reg_0_15_0_5/RAMA_D1/CLK dbg_hub/inst/BSCANID.u_xsdbm_id/CORE_XSDB.UUT_MASTER/U_ICON_INTERFACE/U_CMD6_RD/U_RD_FIFO/SUBCORE_FIFO.xsdbm_v3_0_0_rdfifo_inst/inst_fifo_gen/gconvfifo.rf/grf.rf/gntv_or_sync_fifo.mem/gdm.dm_gen.dm/RAM_reg_0_15_0_5/RAMB/CLK dbg_hub/inst/BSCANID.u_xsdbm_id/CORE_XSDB.UUT_MASTER/U_ICON_INTERFACE/U_CMD6_RD/U_RD_FIFO/SUBCORE_FIFO.xsdbm_v3_0_0_rdfifo_inst/inst_fifo_gen/gconvfifo.rf/grf.rf/gntv_or_sync_fifo.mem/gdm.dm_gen.dm/RAM_reg_0_15_0_5/RAMB_D1/CLK dbg_hub/inst/BSCANID.u_xsdbm_id/CORE_XSDB.UUT_MASTER/U_ICON_INTERFACE/U_CMD6_RD/U_RD_FIFO/SUBCORE_FIFO.xsdbm_v3_0_0_rdfifo_inst/inst_fifo_gen/gconvfifo.rf/grf.rf/gntv_or_
sync_fifo.mem/gdm.dm_gen.dm/RAM_reg_0_15_0_5/RAMC/CLK dbg_hub/inst/BSCANID.u_xsdbm_id/CORE_XSDB.UUT_MASTER/U_ICON_INTERFACE/U_CMD6_RD/U_RD_FIFO/SUBCORE_FIFO.xsdbm_v3_0_0_rdfifo_inst/inst_fifo_gen/gconvfifo.rf/grf.rf/gntv_or_sync_fifo.mem/gdm.dm_gen.dm/RAM_reg_0_15_0_5/RAMC_D1/CLK dbg_hub/inst/BSCANID.u_xsdbm_id/CORE_XSDB.UUT_MASTER/U_ICON_INTERFACE/U_CMD6_RD/U_RD_FIFO/SUBCORE_FIFO.xsdbm_v3_0_0_rdfifo_inst/inst_fifo_gen/gconvfifo.rf/grf.rf/gntv_or_sync_fifo.mem/gdm.dm_gen.dm/RAM_reg_0_15_0_5/RAMD/CLK dbg_hub/inst/BSCANID.u_xsdbm_id/CORE_XSDB.UUT_MASTER/U_ICON_INTERFACE/U_CMD6_RD/U_RD_FIFO/SUBCORE_FIFO.xsdbm_v3_0_0_rdfifo_inst/inst_fifo_gen/gconvfifo.rf/grf.rf/gntv_or_sync_fifo.mem/gdm.dm_gen.dm/RAM_reg_0_15_0_5/RAMD_D1/CLK dbg_hub/inst/BSCANID.u_xsdbm_id/CORE_XSDB.UUT_MASTER/U_ICON_INTERFACE/U_CMD6_RD/U_RD_FIFO/SUBCORE_FIFO.xsdbm_v3_0_0_rdfifo_inst/inst_fifo_gen/gconvfifo.rf/grf.rf/gntv_or_sync_fifo.mem/gdm.dm_gen.dm/RAM_reg_0_15_12_15/RAMA/CLK dbg_hub/inst/BSCANID.u_xsdbm_id/CORE_XSDB.UUT_MASTER/U_ICON_INTERFACE/U_CMD6_RD/U_RD_FIFO/SUBCORE_FIFO.xsdbm_v3_0_0_rdfifo_inst/inst_fifo_gen/gconvfifo.rf/grf.rf/gntv_or_sync_fifo.mem/gdm.dm_gen.dm/RAM_reg_0_15_12_15/RAMA_D1/CLK dbg_hub/inst/BSCANID.u_xsdbm_id/CORE_XSDB.UUT_MASTER/U_ICON_INTERFACE/U_CMD6_RD/U_RD_FIFO/SUBCORE_FIFO.xsdbm_v3_0_0_rdfifo_inst/inst_fifo_gen/gconvfifo.rf/grf.rf/gntv_or_sync_fifo.mem/gdm.dm_gen.dm/RAM_reg_0_15_12_15/RAMB/CLK dbg_hub/inst/BSCANID.u_xsdbm_id/CORE_XSDB.UUT_MASTER/U_ICON_INTERFACE/U_CMD6_RD/U_RD_FIFO/SUBCORE_FIFO.xsdbm_v3_0_0_rdfifo_inst/inst_fifo_gen/gconvfifo.rf/grf.rf/gntv_or_sync_fifo.mem/gdm.dm_gen.dm/RAM_reg_0_15_12_15/RAMB_D1/CLK dbg_hub/inst/BSCANID.u_xsdbm_id/CORE_XSDB.UUT_MASTER/U_ICON_INTERFACE/U_CMD6_RD/U_RD_FIFO/SUBCORE_FIFO.xsdbm_v3_0_0_rdfifo_inst/inst_fifo_gen/gconvfifo.rf/grf.rf/gntv_or_sync_fifo.mem/gdm.dm_gen.dm/RAM_reg_0_15_12_15/RAMC/CLK dbg_hub/inst/BSCANID.u_xsdbm_id/CORE_XSDB.UUT_MASTER/U_ICON_INTERFACE/U_CMD6_RD/U_RD_FIFO/SUBCORE_FIFO.xsdbm_v3_0_0_rdfifo_inst/inst_fifo_gen/gconvfifo.rf/grf.rf/gntv_or_sync_fifo.mem/gdm.dm_gen.dm/RAM_reg_0_15_12_15/RAMC_D1/CLK dbg_hub/inst/BSCANID.u_xsdbm_id/CORE_XSDB.UUT_MASTER/U_ICON_INTERFACE/U_CMD6_RD/U_RD_FIFO/SUBCORE_FIFO.xsdbm_v3_0_0_rdfifo_inst/inst_fifo_gen/gconvfifo.rf/grf.rf/gntv_or_sync_fifo.mem/gdm.dm_gen.dm/RAM_reg_0_15_12_15/RAMD/CLK dbg_hub/inst/BSCANID.u_xsdbm_id/CORE_XSDB.UUT_MASTER/U_ICON_INTERFACE/U_CMD6_RD/U_RD_FIFO/SUBCORE_FIFO.xsdbm_v3_0_0_rdfifo_inst/inst_fifo_gen/gconvfifo.rf/grf.rf/gntv_or_sync_fifo.mem/gdm.dm_gen.dm/RAM_reg_0_15_12_15/RAMD_D1/CLK dbg_hub/inst/BSCANID.u_xsdbm_id/CORE_XSDB.UUT_MASTER/U_ICON_INTERFACE/U_CMD6_RD/U_RD_FIFO/SUBCORE_FIFO.xsdbm_v3_0_0_rdfifo_inst/inst_fifo_gen/gconvfifo.rf/grf.rf/gntv_or_sync_fifo.mem/gdm.dm_gen.dm/RAM_reg_0_15_6_11/RAMA/CLK dbg_hub/inst/BSCANID.u_xsdbm_id/CORE_XSDB.UUT_MASTER/U_ICON_INTERFACE/U_CMD6_RD/U_RD_FIFO/SUBCORE_FIFO.xsdbm_v3_0_0_rdfifo_inst/inst_fifo_gen/gconvfifo.rf/grf.rf/gntv_or_sync_fifo.mem/gdm.dm_gen.dm/RAM_reg_0_15_6_11/RAMA_D1/CLK dbg_hub/inst/BSCANID.u_xsdbm_id/CORE_XSDB.UUT_MASTER/U_ICON_INTERFACE/U_CMD6_RD/U_RD_FIFO/SUBCORE_FIFO.xsdbm_v3_0_0_rdfifo_inst/inst_fifo_gen/gconvfifo.rf/grf.rf/gntv_or_sync_fifo.mem/gdm.dm_gen.dm/RAM_reg_0_15_6_11/RAMB/CLK dbg_hub/inst/BSCANID.u_xsdbm_id/CORE_XSDB.UUT_MASTER/U_ICON_INTERFACE/U_CMD6_RD/U_RD_FIFO/SUBCORE_FIFO.xsdbm_v3_0_0_rdfifo_inst/inst_fifo_gen/gconvfifo.rf/grf.rf/gntv_or_sync_fifo.mem/gdm.dm_gen.dm/RAM_reg_0_15_6_11/RAMB_D1/CLK dbg_hub/inst/BSCANID.u_xsdbm_id/CORE_XSDB.UUT_MASTER/U_ICON_INTERFACE/U_CMD6_RD/U_RD_FIFO/SUBCORE_FIFO.xsdbm_v3_0_0_rdfifo_inst/inst_fifo_gen/gconvfifo.rf/grf.rf/gntv_or_sync_fifo.mem/gdm.dm_gen.dm/RAM_reg_0_15_6_11/RAMC/CLK dbg_hub/inst/BSCANID.u_xsdbm_id/CORE_XSDB.UUT_MASTER/U_ICON_INTERFACE/U_CMD6_RD/U_RD_FIFO/SUBCORE_FIFO.xsdbm_v3_0_0_rdfifo_inst/inst_fifo_gen/gconvfifo.rf/grf.rf/gntv_or_sync_fifo.mem/gdm.dm_gen.dm/RAM_reg_0_15_6_11/RAMC_D1/CLK dbg_hub/inst/BSCANID.u_xsdbm_id/CORE_XSDB.UUT_MASTER/U_ICON_INTERFACE/U_CMD6_RD/U_RD_FIFO/SUBCORE_FIFO.xsdbm_v3_0_0_rdfifo_inst/inst_fifo_gen/gconvfifo.rf/grf.rf/gntv_or_sync_fifo.mem/
gdm.dm_gen.dm/RAM_reg_0_15_6_11/RAMD/CLK dbg_hub/inst/BSCANID.u_xsdbm_id/CORE_XSDB.UUT_MASTER/U_ICON_INTERFACE/U_CMD6_RD/U_RD_FIFO/SUBCORE_FIFO.xsdbm_v3_0_0_rdfifo_inst/inst_fifo_gen/gconvfifo.rf/grf.rf/gntv_or_sync_fifo.mem/gdm.dm_gen.dm/RAM_reg_0_15_6_11/RAMD_D1/CLK dbg_hub/inst/BSCANID.u_xsdbm_id/CORE_XSDB.UUT_MASTER/U_ICON_INTERFACE/U_CMD6_RD/U_RD_FIFO/SUBCORE_FIFO.xsdbm_v3_0_0_rdfifo_inst/inst_fifo_gen/gconvfifo.rf/grf.rf/rstblk/ngwrdrst.grst.g7serrst.rst_wr_reg1_reg/C dbg_hub/inst/BSCANID.u_xsdbm_id/CORE_XSDB.UUT_MASTER/U_ICON_INTERFACE/U_CMD6_RD/U_RD_FIFO/SUBCORE_FIFO.xsdbm_v3_0_0_rdfifo_inst/inst_fifo_gen/gconvfifo.rf/grf.rf/rstblk/ngwrdrst.grst.g7serrst.rst_wr_reg2_reg/C dbg_hub/inst/BSCANID.u_xsdbm_id/CORE_XSDB.UUT_MASTER/U_ICON_INTERFACE/U_CMD6_RD/U_RD_FIFO/SUBCORE_FIFO.xsdbm_v3_0_0_rdfifo_inst/inst_fifo_gen/gconvfifo.rf/grf.rf/rstblk/ngwrdrst.grst.g7serrst.wr_rst_asreg_reg/C {dbg_hub/inst/BSCANID.u_xsdbm_id/CORE_XSDB.UUT_MASTER/U_ICON_INTERFACE/U_CMD6_RD/U_RD_FIFO/SUBCORE_FIFO.xsdbm_v3_0_0_rdfifo_inst/inst_fifo_gen/gconvfifo.rf/grf.rf/rstblk/ngwrdrst.grst.g7serrst.wr_rst_reg_reg[0]/C} {dbg_hub/inst/BSCANID.u_xsdbm_id/CORE_XSDB.UUT_MASTER/U_ICON_INTERFACE/U_CMD6_RD/U_RD_FIFO/SUBCORE_FIFO.xsdbm_v3_0_0_rdfifo_inst/inst_fifo_gen/gconvfifo.rf/grf.rf/rstblk/ngwrdrst.grst.g7serrst.wr_rst_reg_reg[1]/C} {dbg_hub/inst/BSCANID.u_xsdbm_id/CORE_XSDB.UUT_MASTER/U_ICON_INTERFACE/U_CMD6_RD/U_RD_FIFO/SUBCORE_FIFO.xsdbm_v3_0_0_rdfifo_inst/inst_fifo_gen/gconvfifo.rf/grf.rf/rstblk/ngwrdrst.grst.g7serrst.wr_rst_reg_reg[2]/C} {dbg_hub/inst/BSCANID.u_xsdbm_id/CORE_XSDB.UUT_MASTER/U_ICON_INTERFACE/U_CMD6_RD/U_RD_FIFO/SUBCORE_FIFO.xsdbm_v3_0_0_rdfifo_inst/inst_fifo_gen/gconvfifo.rf/grf.rf/rstblk/ngwrdrst.grst.g7serrst.gwrrd_rst_sync_stage[1].wrst_inst/Q_reg_reg[0]/C} {dbg_hub/inst/BSCANID.u_xsdbm_id/CORE_XSDB.UUT_MASTER/U_ICON_INTERFACE/U_CMD6_RD/U_RD_FIFO/SUBCORE_FIFO.xsdbm_v3_0_0_rdfifo_inst/inst_fifo_gen/gconvfifo.rf/grf.rf/rstblk/ngwrdrst.grst.g7serrst.gwrrd_rst_sync_stage[2].wrst_inst/Q_reg_reg[0]/C}}]'. [E:/7020_Project/25G/25G_PL/25G_PL.srcs/constrs_1/new/23H.xdc:1952]
Resolution: Check if the specified object(s) exists in the current design. If it does, ensure that the correct design hierarchy was specified for the object. If you are working with clocks, make sure create_clock was used to create the clock object before it is referenced.
CRITICAL WARNING: [Vivado 12-613] Cannot find cell 'dbg_hub/inst' in current context, where current instance = '' and current design = 'design_1' [E:/7020_Project/25G/25G_PL/25G_PL.srcs/constrs_1/new/23H.xdc:2033]
CRITICAL WARNING: [Vivado 12-4739] set_max_delay:No valid object(s) found for '-from [get_cells -hierarchical -filter {NAME =~ "*BSCANID.u_xsdbm_id/CORE_XSDB.UUT_MASTER/U_ICON_INTERFACE/U_CMD6_RD/U_RD_FIFO/SUBCORE_FIFO.xsdbm_v3_0_0_rdfifo_inst/inst_fifo_gen/gconvfifo.rf/grf.rf/gntv_or_sync_fifo.gcx.clkx/*rd_pntr_gc_reg[*]"}]'. [E:/7020_Project/25G/25G_PL/25G_PL.srcs/constrs_1/new/23H.xdc:2034]
Resolution: Check if the specified object(s) exists in the current design. If it does, ensure that the correct design hierarchy was specified for the object. If you are working with clocks, make sure create_clock was used to create the clock object before it is referenced.
CRITICAL WARNING: [Vivado 12-4739] set_bus_skew:No valid object(s) found for '-from [get_cells -hierarchical -filter {NAME =~ "*BSCANID.u_xsdbm_id/CORE_XSDB.UUT_MASTER/U_ICON_INTERFACE/U_CMD6_RD/U_RD_FIFO/SUBCORE_FIFO.xsdbm_v3_0_0_rdfifo_inst/inst_fifo_gen/gconvfifo.rf/grf.rf/gntv_or_sync_fifo.gcx.clkx/*rd_pntr_gc_reg[*]"}]'. [E:/7020_Project/25G/25G_PL/25G_PL.srcs/constrs_1/new/23H.xdc:2035]
Resolution: Check if the specified object(s) exists in the current design. If it does, ensure that the correct design hierarchy was specified for the object. If you are working with clocks, make sure create_clock was used to create the clock object before it is referenced.
CRITICAL WARNING: [Vivado 12-4739] set_max_delay:No valid object(s) found for '-from [get_cells -hierarchical -filter {NAME =~ "*BSCANID.u_xsdbm_id/CORE_XSDB.UUT_MASTER/U_ICON_INTERFACE/U_CMD6_RD/U_RD_FIFO/SUBCORE_FIFO.xsdbm_v3_0_0_rdfifo_inst/inst_fifo_gen/gconvfifo.rf/grf.rf/gntv_or_sync_fifo.gcx.clkx/*wr_pntr_gc_reg[*]"}]'. [E:/7020_Project/25G/25G_PL/25G_PL.srcs/constrs_1/new/23H.xdc:2037]
Resolution: Check if the specified object(s) exists in the current design. If it does, ensure that the correct design hierarchy was specified for the object. If you are working with clocks, make sure create_clock was used to create the clock object before it is referenced.
CRITICAL WARNING: [Vivado 12-4739] set_bus_skew:No valid object(s) found for '-from [get_cells -hierarchical -filter {NAME =~ "*BSCANID.u_xsdbm_id/CORE_XSDB.UUT_MASTER/U_ICON_INTERFACE/U_CMD6_RD/U_RD_FIFO/SUBCORE_FIFO.xsdbm_v3_0_0_rdfifo_inst/inst_fifo_gen/gconvfifo.rf/grf.rf/gntv_or_sync_fifo.gcx.clkx/*wr_pntr_gc_reg[*]"}]'. [E:/7020_Project/25G/25G_PL/25G_PL.srcs/constrs_1/new/23H.xdc:2038]
Resolution: Check if the specified object(s) exists in the current design. If it does, ensure that the correct design hierarchy was specified for the object. If you are working with clocks, make sure create_clock was used to create the clock object before it is referenced.
CRITICAL WARNING: [Vivado 12-4739] set_false_path:No valid object(s) found for '-from [get_pins {{dbg_hub/inst/BSCANID.u_xsdbm_id/CORE_XSDB.UUT_MASTER/U_ICON_INTERFACE/U_CMD6_WR/U_WR_FIFO/SUBCORE_FIFO.xsdbm_v3_0_0_wrfifo_inst/inst_fifo_gen/gconvfifo.rf/grf.rf/gntv_or_sync_fifo.gcx.clkx/gnxpm_cdc.rd_pntr_bin_reg[0]/C} {dbg_hub/inst/BSCANID.u_xsdbm_id/CORE_XSDB.UUT_MASTER/U_ICON_INTERFACE/U_CMD6_WR/U_WR_FIFO/SUBCORE_FIFO.xsdbm_v3_0_0_wrfifo_inst/inst_fifo_gen/gconvfifo.rf/grf.rf/gntv_or_sync_fifo.gcx.clkx/gnxpm_cdc.rd_pntr_bin_reg[1]/C} {dbg_hub/inst/BSCANID.u_xsdbm_id/CORE_XSDB.UUT_MASTER/U_ICON_INTERFACE/U_CMD6_WR/U_WR_FIFO/SUBCORE_FIFO.xsdbm_v3_0_0_wrfifo_inst/inst_fifo_gen/gconvfifo.rf/grf.rf/gntv_or_sync_fifo.gcx.clkx/gnxpm_cdc.rd_pntr_bin_reg[2]/C} {dbg_hub/inst/BSCANID.u_xsdbm_id/CORE_XSDB.UUT_MASTER/U_ICON_INTERFACE/U_CMD6_WR/U_WR_FIFO/SUBCORE_FIFO.xsdbm_v3_0_0_wrfifo_inst/inst_fifo_gen/gconvfifo.rf/grf.rf/gntv_or_sync_fifo.gcx.clkx/gnxpm_cdc.rd_pntr_bin_reg[3]/C} {dbg_hub/inst/BSCANID.u_xsdbm_id/CORE_XSDB.UUT_MASTER/U_ICON_INTERFACE/U_CMD6_WR/U_WR_FIFO/SUBCORE_FIFO.xsdbm_v3_0_0_wrfifo_inst/inst_fifo_gen/gconvfifo.rf/grf.rf/gntv_or_sync_fifo.gcx.clkx/gnxpm_cdc.wr_pntr_gc_reg[0]/C} {dbg_hub/inst/BSCANID.u_xsdbm_id/CORE_XSDB.UUT_MASTER/U_ICON_INTERFACE/U_CMD6_WR/U_WR_FIFO/SUBCORE_FIFO.xsdbm_v3_0_0_wrfifo_inst/inst_fifo_gen/gconvfifo.rf/grf.rf/gntv_or_sync_fifo.gcx.clkx/gnxpm_cdc.wr_pntr_gc_reg[1]/C} {dbg_hub/inst/BSCANID.u_xsdbm_id/CORE_XSDB.UUT_MASTER/U_ICON_INTERFACE/U_CMD6_WR/U_WR_FIFO/SUBCORE_FIFO.xsdbm_v3_0_0_wrfifo_inst/inst_fifo_gen/gconvfifo.rf/grf.rf/gntv_or_sync_fifo.gcx.clkx/gnxpm_cdc.wr_pntr_gc_reg[2]/C} {dbg_hub/inst/BSCANID.u_xsdbm_id/CORE_XSDB.UUT_MASTER/U_ICON_INTERFACE/U_CMD6_WR/U_WR_FIFO/SUBCORE_FIFO.xsdbm_v3_0_0_wrfifo_inst/inst_fifo_gen/gconvfifo.rf/grf.rf/gntv_or_sync_fifo.gcx.clkx/gnxpm_cdc.wr_pntr_gc_reg[3]/C} {dbg_hub/inst/BSCANID.u_xsdbm_id/CORE_XSDB.UUT_MASTER/U_ICON_INTERFACE/U_CMD6_WR/U_WR_FIFO/SUBCORE_FIFO.xsdbm_v3_0_0_wrfifo_inst/inst_fifo_gen/gconvfifo.rf/grf.rf/gntv_or_sync_fifo.gcx.clkx/gnxpm_cdc.gsync_stage[1].wr_stg_inst/Q_reg_reg[0]/C} {dbg_hub/inst/BSCANID.u_xsdbm_id/CORE_XSDB.UUT_MASTER/U_ICON_INTERFACE/U_CMD6_WR/U_WR_FIFO/SUBCORE_FIFO.xsdbm_v3_0_0_wrfifo_inst/inst_fifo_gen/gconvfifo.rf/grf.rf/gntv_or_sync_fifo.gcx.clkx/gnxpm_cdc.gsync_stage[1].wr_stg_inst/Q_reg_reg[1]/C} {dbg_hub/inst/BSCANID.u_xsdbm_id/CORE_XSDB.UUT_MASTER/U_ICON_INTERFACE/U_CMD6_WR/U_WR_FIFO/SUBCORE_FIFO.xsdbm_v3_0_0_wrfifo_inst/inst_fifo_gen/gconvfifo.rf/grf.rf/gntv_or_sync_fifo.gcx.clkx/gnxpm_cdc.gsync_stage[1].wr_stg_inst/Q_reg_reg[2]/C} {dbg_hub/inst/BSCANID.u_xsdbm_id/CORE_XSDB.UUT_MASTER/U_ICON_INTERFACE/U_CMD6_WR/U_WR_FIFO/SUBCORE_FIFO.xsdbm_v3_0_0_wrfifo_inst/inst_fifo_gen/gconvfifo.rf/grf.rf/gntv_or_sync_fifo.gcx.clkx/gnxpm_cdc.gsync_stage[1].wr_stg_inst/Q_reg_reg[3]/C} {dbg_hub/inst/BSCANID.u_xsdbm_id/CORE_XSDB.UUT_MASTER/U_ICON_INTERFACE/U_CMD6_WR/U_WR_FIFO/SUBCORE_FIFO.xsdbm_v3_0_0_wrfifo_inst/inst_fifo_gen/gconvfifo.rf/grf.rf/gntv_or_sync_fifo.gcx.clkx/gnxpm_cdc.gsync_stage[2].wr_stg_inst/Q_reg_reg[0]/C} {dbg_hub/inst/BSCANID.u_xsdbm_id/CORE_XSDB.UUT_MASTER/U_ICON_INTERFACE/U_CMD6_WR/U_WR_FIFO/SUBCORE_FIFO.xsdbm_v3_0_0_wrfifo_inst/inst_fifo_gen/gconvfifo.rf/grf.rf/gntv_or_sync_fifo.gcx.clkx/gnxpm_cdc.gsync_stage[2].wr_stg_inst/Q_reg_reg[1]/C} {dbg_hub/inst/BSCANID.u_xsdbm_id/CORE_XSDB.UUT_MASTER/U_ICON_INTERFACE/U_CMD6_WR/U_WR_FIFO/SUBCORE_FIFO.xsdbm_v3_0_0_wrfifo_inst/inst_fifo_gen/gconvfifo.rf/grf.rf/gntv_or_sync_fifo.gcx.clkx/gnxpm_cdc.gsync_stage[2].wr_stg_inst/Q_reg_reg[2]/C} {dbg_hub/inst/BSCANID.u_xsdbm_id/CORE_XSDB.UUT_MASTER/U_ICON_INTERFACE/U_CMD6_WR/U_WR_FIFO/SUBCORE_FIFO.xsdbm_v3_0_0_wrfifo_inst/inst_fifo_gen/gconvfifo.rf/grf.rf/gntv_or_sync_fifo.gcx.clkx/gnxpm_cdc.gsync_stage[2].wr_stg_inst/Q_reg_reg[3]/C} dbg_hub/inst/BSCANID.u_xsdbm_id/CORE_XSDB.UUT_MASTER/U_ICON_INTERFACE/U_CMD6_WR/U_WR_FIFO/SUBCORE_FIFO.xsdbm_v3_0_0_wrfifo_inst/inst_fifo_gen/gconvfifo.rf/grf.rf/gntv_or_sync_fifo.gl0.wr/gwas.wsts/ram_full_fb_i_reg/C dbg_hub/inst/BSCANID.u_xsdbm_id/CORE_XSDB.UUT_MASTER/U_ICON_INTER
FACE/U_CMD6_WR/U_WR_FIFO/SUBCORE_FIFO.xsdbm_v3_0_0_wrfifo_inst/inst_fifo_gen/gconvfifo.rf/grf.rf/gntv_or_sync_fifo.gl0.wr/gwas.wsts/ram_full_i_reg/C dbg_hub/inst/BSCANID.u_xsdbm_id/CORE_XSDB.UUT_MASTER/U_ICON_INTERFACE/U_CMD6_WR/U_WR_FIFO/SUBCORE_FIFO.xsdbm_v3_0_0_wrfifo_inst/inst_fifo_gen/gconvfifo.rf/grf.rf/gntv_or_sync_fifo.gl0.wr/gwhf.whf/gof.gof1.overflow_i_reg/C {dbg_hub/inst/BSCANID.u_xsdbm_id/CORE_XSDB.UUT_MASTER/U_ICON_INTERFACE/U_CMD6_WR/U_WR_FIFO/SUBCORE_FIFO.xsdbm_v3_0_0_wrfifo_inst/inst_fifo_gen/gconvfifo.rf/grf.rf/gntv_or_sync_fifo.gl0.wr/wpntr/gic0.gc0.count_d1_reg[0]/C} {dbg_hub/inst/BSCANID.u_xsdbm_id/CORE_XSDB.UUT_MASTER/U_ICON_INTERFACE/U_CMD6_WR/U_WR_FIFO/SUBCORE_FIFO.xsdbm_v3_0_0_wrfifo_inst/inst_fifo_gen/gconvfifo.rf/grf.rf/gntv_or_sync_fifo.gl0.wr/wpntr/gic0.gc0.count_d1_reg[1]/C} {dbg_hub/inst/BSCANID.u_xsdbm_id/CORE_XSDB.UUT_MASTER/U_ICON_INTERFACE/U_CMD6_WR/U_WR_FIFO/SUBCORE_FIFO.xsdbm_v3_0_0_wrfifo_inst/inst_fifo_gen/gconvfifo.rf/grf.rf/gntv_or_sync_fifo.gl0.wr/wpntr/gic0.gc0.count_d1_reg[2]/C} {dbg_hub/inst/BSCANID.u_xsdbm_id/CORE_XSDB.UUT_MASTER/U_ICON_INTERFACE/U_CMD6_WR/U_WR_FIFO/SUBCORE_FIFO.xsdbm_v3_0_0_wrfifo_inst/inst_fifo_gen/gconvfifo.rf/grf.rf/gntv_or_sync_fifo.gl0.wr/wpntr/gic0.gc0.count_d1_reg[3]/C} {dbg_hub/inst/BSCANID.u_xsdbm_id/CORE_XSDB.UUT_MASTER/U_ICON_INTERFACE/U_CMD6_WR/U_WR_FIFO/SUBCORE_FIFO.xsdbm_v3_0_0_wrfifo_inst/inst_fifo_gen/gconvfifo.rf/grf.rf/gntv_or_sync_fifo.gl0.wr/wpntr/gic0.gc0.count_d2_reg[0]/C} {dbg_hub/inst/BSCANID.u_xsdbm_id/CORE_XSDB.UUT_MASTER/U_ICON_INTERFACE/U_CMD6_WR/U_WR_FIFO/SUBCORE_FIFO.xsdbm_v3_0_0_wrfifo_inst/inst_fifo_gen/gconvfifo.rf/grf.rf/gntv_or_sync_fifo.gl0.wr/wpntr/gic0.gc0.count_d2_reg[1]/C} {dbg_hub/inst/BSCANID.u_xsdbm_id/CORE_XSDB.UUT_MASTER/U_ICON_INTERFACE/U_CMD6_WR/U_WR_FIFO/SUBCORE_FIFO.xsdbm_v3_0_0_wrfifo_inst/inst_fifo_gen/gconvfifo.rf/grf.rf/gntv_or_sync_fifo.gl0.wr/wpntr/gic0.gc0.count_d2_reg[2]/C} {dbg_hub/inst/BSCANID.u_xsdbm_id/CORE_XSDB.UUT_MASTER/U_ICON_INTERFACE/U_CMD6_WR/U_WR_FIFO/SUBCORE_FIFO.xsdbm_v3_0_0_wrfifo_inst/inst_fifo_gen/gconvfifo.rf/grf.rf/gntv_or_sync_fifo.gl0.wr/wpntr/gic0.gc0.count_d2_reg[3]/C} {dbg_hub/inst/BSCANID.u_xsdbm_id/CORE_XSDB.UUT_MASTER/U_ICON_INTERFACE/U_CMD6_WR/U_WR_FIFO/SUBCORE_FIFO.xsdbm_v3_0_0_wrfifo_inst/inst_fifo_gen/gconvfifo.rf/grf.rf/gntv_or_sync_fifo.gl0.wr/wpntr/gic0.gc0.count_reg[0]/C} {dbg_hub/inst/BSCANID.u_xsdbm_id/CORE_XSDB.UUT_MASTER/U_ICON_INTERFACE/U_CMD6_WR/U_WR_FIFO/SUBCORE_FIFO.xsdbm_v3_0_0_wrfifo_inst/inst_fifo_gen/gconvfifo.rf/grf.rf/gntv_or_sync_fifo.gl0.wr/wpntr/gic0.gc0.count_reg[1]/C} {dbg_hub/inst/BSCANID.u_xsdbm_id/CORE_XSDB.UUT_MASTER/U_ICON_INTERFACE/U_CMD6_WR/U_WR_FIFO/SUBCORE_FIFO.xsdbm_v3_0_0_wrfifo_inst/inst_fifo_gen/gconvfifo.rf/grf.rf/gntv_or_sync_fifo.gl0.wr/wpntr/gic0.gc0.count_reg[2]/C} {dbg_hub/inst/BSCANID.u_xsdbm_id/CORE_XSDB.UUT_MASTER/U_ICON_INTERFACE/U_CMD6_WR/U_WR_FIFO/SUBCORE_FIFO.xsdbm_v3_0_0_wrfifo_inst/inst_fifo_gen/gconvfifo.rf/grf.rf/gntv_or_sync_fifo.gl0.wr/wpntr/gic0.gc0.count_reg[3]/C} dbg_hub/inst/BSCANID.u_xsdbm_id/CORE_XSDB.UUT_MASTER/U_ICON_INTERFACE/U_CMD6_WR/U_WR_FIFO/SUBCORE_FIFO.xsdbm_v3_0_0_wrfifo_inst/inst_fifo_gen/gconvfifo.rf/grf.rf/gntv_or_sync_fifo.mem/gdm.dm_gen.dm/RAM_reg_0_15_0_5/RAMA/CLK dbg_hub/inst/BSCANID.u_xsdbm_id/CORE_XSDB.UUT_MASTER/U_ICON_INTERFACE/U_CMD6_WR/U_WR_FIFO/SUBCORE_FIFO.xsdbm_v3_0_0_wrfifo_inst/inst_fifo_gen/gconvfifo.rf/grf.rf/gntv_or_sync_fifo.mem/gdm.dm_gen.dm/RAM_reg_0_15_0_5/RAMA_D1/CLK dbg_hub/inst/BSCANID.u_xsdbm_id/CORE_XSDB.UUT_MASTER/U_ICON_INTERFACE/U_CMD6_WR/U_WR_FIFO/SUBCORE_FIFO.xsdbm_v3_0_0_wrfifo_inst/inst_fifo_gen/gconvfifo.rf/grf.rf/gntv_or_sync_fifo.mem/gdm.dm_gen.dm/RAM_reg_0_15_0_5/RAMB/CLK dbg_hub/inst/BSCANID.u_xsdbm_id/CORE_XSDB.UUT_MASTER/U_ICON_INTERFACE/U_CMD6_WR/U_WR_FIFO/SUBCORE_FIFO.xsdbm_v3_0_0_wrfifo_inst/inst_fifo_gen/gconvfifo.rf/grf.rf/gntv_or_sync_fifo.mem/gdm.dm_gen.dm/RAM_reg_0_15_0_5/RAMB_D1/CLK dbg_hub/inst/BSCANID.u_xsdbm_id/CORE_XSDB.UUT_MASTER/U_ICON_INTERFACE/U_CMD6_WR/U_WR_FIFO/SUBCORE_FIFO.xsdbm_v3_0_0_wrfifo_inst/inst_fifo_gen/gconvfifo.rf/grf.rf/gntv_or_
sync_fifo.mem/gdm.dm_gen.dm/RAM_reg_0_15_0_5/RAMC/CLK dbg_hub/inst/BSCANID.u_xsdbm_id/CORE_XSDB.UUT_MASTER/U_ICON_INTERFACE/U_CMD6_WR/U_WR_FIFO/SUBCORE_FIFO.xsdbm_v3_0_0_wrfifo_inst/inst_fifo_gen/gconvfifo.rf/grf.rf/gntv_or_sync_fifo.mem/gdm.dm_gen.dm/RAM_reg_0_15_0_5/RAMC_D1/CLK dbg_hub/inst/BSCANID.u_xsdbm_id/CORE_XSDB.UUT_MASTER/U_ICON_INTERFACE/U_CMD6_WR/U_WR_FIFO/SUBCORE_FIFO.xsdbm_v3_0_0_wrfifo_inst/inst_fifo_gen/gconvfifo.rf/grf.rf/gntv_or_sync_fifo.mem/gdm.dm_gen.dm/RAM_reg_0_15_0_5/RAMD/CLK dbg_hub/inst/BSCANID.u_xsdbm_id/CORE_XSDB.UUT_MASTER/U_ICON_INTERFACE/U_CMD6_WR/U_WR_FIFO/SUBCORE_FIFO.xsdbm_v3_0_0_wrfifo_inst/inst_fifo_gen/gconvfifo.rf/grf.rf/gntv_or_sync_fifo.mem/gdm.dm_gen.dm/RAM_reg_0_15_0_5/RAMD_D1/CLK dbg_hub/inst/BSCANID.u_xsdbm_id/CORE_XSDB.UUT_MASTER/U_ICON_INTERFACE/U_CMD6_WR/U_WR_FIFO/SUBCORE_FIFO.xsdbm_v3_0_0_wrfifo_inst/inst_fifo_gen/gconvfifo.rf/grf.rf/gntv_or_sync_fifo.mem/gdm.dm_gen.dm/RAM_reg_0_15_12_15/RAMA/CLK dbg_hub/inst/BSCANID.u_xsdbm_id/CORE_XSDB.UUT_MASTER/U_ICON_INTERFACE/U_CMD6_WR/U_WR_FIFO/SUBCORE_FIFO.xsdbm_v3_0_0_wrfifo_inst/inst_fifo_gen/gconvfifo.rf/grf.rf/gntv_or_sync_fifo.mem/gdm.dm_gen.dm/RAM_reg_0_15_12_15/RAMA_D1/CLK dbg_hub/inst/BSCANID.u_xsdbm_id/CORE_XSDB.UUT_MASTER/U_ICON_INTERFACE/U_CMD6_WR/U_WR_FIFO/SUBCORE_FIFO.xsdbm_v3_0_0_wrfifo_inst/inst_fifo_gen/gconvfifo.rf/grf.rf/gntv_or_sync_fifo.mem/gdm.dm_gen.dm/RAM_reg_0_15_12_15/RAMB/CLK dbg_hub/inst/BSCANID.u_xsdbm_id/CORE_XSDB.UUT_MASTER/U_ICON_INTERFACE/U_CMD6_WR/U_WR_FIFO/SUBCORE_FIFO.xsdbm_v3_0_0_wrfifo_inst/inst_fifo_gen/gconvfifo.rf/grf.rf/gntv_or_sync_fifo.mem/gdm.dm_gen.dm/RAM_reg_0_15_12_15/RAMB_D1/CLK dbg_hub/inst/BSCANID.u_xsdbm_id/CORE_XSDB.UUT_MASTER/U_ICON_INTERFACE/U_CMD6_WR/U_WR_FIFO/SUBCORE_FIFO.xsdbm_v3_0_0_wrfifo_inst/inst_fifo_gen/gconvfifo.rf/grf.rf/gntv_or_sync_fifo.mem/gdm.dm_gen.dm/RAM_reg_0_15_12_15/RAMC/CLK dbg_hub/inst/BSCANID.u_xsdbm_id/CORE_XSDB.UUT_MASTER/U_ICON_INTERFACE/U_CMD6_WR/U_WR_FIFO/SUBCORE_FIFO.xsdbm_v3_0_0_wrfifo_inst/inst_fifo_gen/gconvfifo.rf/grf.rf/gntv_or_sync_fifo.mem/gdm.dm_gen.dm/RAM_reg_0_15_12_15/RAMC_D1/CLK dbg_hub/inst/BSCANID.u_xsdbm_id/CORE_XSDB.UUT_MASTER/U_ICON_INTERFACE/U_CMD6_WR/U_WR_FIFO/SUBCORE_FIFO.xsdbm_v3_0_0_wrfifo_inst/inst_fifo_gen/gconvfifo.rf/grf.rf/gntv_or_sync_fifo.mem/gdm.dm_gen.dm/RAM_reg_0_15_12_15/RAMD/CLK dbg_hub/inst/BSCANID.u_xsdbm_id/CORE_XSDB.UUT_MASTER/U_ICON_INTERFACE/U_CMD6_WR/U_WR_FIFO/SUBCORE_FIFO.xsdbm_v3_0_0_wrfifo_inst/inst_fifo_gen/gconvfifo.rf/grf.rf/gntv_or_sync_fifo.mem/gdm.dm_gen.dm/RAM_reg_0_15_12_15/RAMD_D1/CLK dbg_hub/inst/BSCANID.u_xsdbm_id/CORE_XSDB.UUT_MASTER/U_ICON_INTERFACE/U_CMD6_WR/U_WR_FIFO/SUBCORE_FIFO.xsdbm_v3_0_0_wrfifo_inst/inst_fifo_gen/gconvfifo.rf/grf.rf/gntv_or_sync_fifo.mem/gdm.dm_gen.dm/RAM_reg_0_15_6_11/RAMA/CLK dbg_hub/inst/BSCANID.u_xsdbm_id/CORE_XSDB.UUT_MASTER/U_ICON_INTERFACE/U_CMD6_WR/U_WR_FIFO/SUBCORE_FIFO.xsdbm_v3_0_0_wrfifo_inst/inst_fifo_gen/gconvfifo.rf/grf.rf/gntv_or_sync_fifo.mem/gdm.dm_gen.dm/RAM_reg_0_15_6_11/RAMA_D1/CLK dbg_hub/inst/BSCANID.u_xsdbm_id/CORE_XSDB.UUT_MASTER/U_ICON_INTERFACE/U_CMD6_WR/U_WR_FIFO/SUBCORE_FIFO.xsdbm_v3_0_0_wrfifo_inst/inst_fifo_gen/gconvfifo.rf/grf.rf/gntv_or_sync_fifo.mem/gdm.dm_gen.dm/RAM_reg_0_15_6_11/RAMB/CLK dbg_hub/inst/BSCANID.u_xsdbm_id/CORE_XSDB.UUT_MASTER/U_ICON_INTERFACE/U_CMD6_WR/U_WR_FIFO/SUBCORE_FIFO.xsdbm_v3_0_0_wrfifo_inst/inst_fifo_gen/gconvfifo.rf/grf.rf/gntv_or_sync_fifo.mem/gdm.dm_gen.dm/RAM_reg_0_15_6_11/RAMB_D1/CLK dbg_hub/inst/BSCANID.u_xsdbm_id/CORE_XSDB.UUT_MASTER/U_ICON_INTERFACE/U_CMD6_WR/U_WR_FIFO/SUBCORE_FIFO.xsdbm_v3_0_0_wrfifo_inst/inst_fifo_gen/gconvfifo.rf/grf.rf/gntv_or_sync_fifo.mem/gdm.dm_gen.dm/RAM_reg_0_15_6_11/RAMC/CLK dbg_hub/inst/BSCANID.u_xsdbm_id/CORE_XSDB.UUT_MASTER/U_ICON_INTERFACE/U_CMD6_WR/U_WR_FIFO/SUBCORE_FIFO.xsdbm_v3_0_0_wrfifo_inst/inst_fifo_gen/gconvfifo.rf/grf.rf/gntv_or_sync_fifo.mem/gdm.dm_gen.dm/RAM_reg_0_15_6_11/RAMC_D1/CLK dbg_hub/inst/BSCANID.u_xsdbm_id/CORE_XSDB.UUT_MASTER/U_ICON_INTERFACE/U_CMD6_WR/U_WR_FIFO/SUBCORE_FIFO.xsdbm_v3_0_0_wrfifo_inst/inst_fifo_gen/gconvfifo.rf/grf.rf/gntv_or_sync_fifo.mem/
gdm.dm_gen.dm/RAM_reg_0_15_6_11/RAMD/CLK dbg_hub/inst/BSCANID.u_xsdbm_id/CORE_XSDB.UUT_MASTER/U_ICON_INTERFACE/U_CMD6_WR/U_WR_FIFO/SUBCORE_FIFO.xsdbm_v3_0_0_wrfifo_inst/inst_fifo_gen/gconvfifo.rf/grf.rf/gntv_or_sync_fifo.mem/gdm.dm_gen.dm/RAM_reg_0_15_6_11/RAMD_D1/CLK dbg_hub/inst/BSCANID.u_xsdbm_id/CORE_XSDB.UUT_MASTER/U_ICON_INTERFACE/U_CMD6_WR/U_WR_FIFO/SUBCORE_FIFO.xsdbm_v3_0_0_wrfifo_inst/inst_fifo_gen/gconvfifo.rf/grf.rf/rstblk/ngwrdrst.grst.g7serrst.rst_wr_reg1_reg/C dbg_hub/inst/BSCANID.u_xsdbm_id/CORE_XSDB.UUT_MASTER/U_ICON_INTERFACE/U_CMD6_WR/U_WR_FIFO/SUBCORE_FIFO.xsdbm_v3_0_0_wrfifo_inst/inst_fifo_gen/gconvfifo.rf/grf.rf/rstblk/ngwrdrst.grst.g7serrst.rst_wr_reg2_reg/C dbg_hub/inst/BSCANID.u_xsdbm_id/CORE_XSDB.UUT_MASTER/U_ICON_INTERFACE/U_CMD6_WR/U_WR_FIFO/SUBCORE_FIFO.xsdbm_v3_0_0_wrfifo_inst/inst_fifo_gen/gconvfifo.rf/grf.rf/rstblk/ngwrdrst.grst.g7serrst.wr_rst_asreg_reg/C {dbg_hub/inst/BSCANID.u_xsdbm_id/CORE_XSDB.UUT_MASTER/U_ICON_INTERFACE/U_CMD6_WR/U_WR_FIFO/SUBCORE_FIFO.xsdbm_v3_0_0_wrfifo_inst/inst_fifo_gen/gconvfifo.rf/grf.rf/rstblk/ngwrdrst.grst.g7serrst.wr_rst_reg_reg[0]/C} {dbg_hub/inst/BSCANID.u_xsdbm_id/CORE_XSDB.UUT_MASTER/U_ICON_INTERFACE/U_CMD6_WR/U_WR_FIFO/SUBCORE_FIFO.xsdbm_v3_0_0_wrfifo_inst/inst_fifo_gen/gconvfifo.rf/grf.rf/rstblk/ngwrdrst.grst.g7serrst.wr_rst_reg_reg[1]/C} {dbg_hub/inst/BSCANID.u_xsdbm_id/CORE_XSDB.UUT_MASTER/U_ICON_INTERFACE/U_CMD6_WR/U_WR_FIFO/SUBCORE_FIFO.xsdbm_v3_0_0_wrfifo_inst/inst_fifo_gen/gconvfifo.rf/grf.rf/rstblk/ngwrdrst.grst.g7serrst.wr_rst_reg_reg[2]/C} {dbg_hub/inst/BSCANID.u_xsdbm_id/CORE_XSDB.UUT_MASTER/U_ICON_INTERFACE/U_CMD6_WR/U_WR_FIFO/SUBCORE_FIFO.xsdbm_v3_0_0_wrfifo_inst/inst_fifo_gen/gconvfifo.rf/grf.rf/rstblk/ngwrdrst.grst.g7serrst.gwrrd_rst_sync_stage[1].wrst_inst/Q_reg_reg[0]/C} {dbg_hub/inst/BSCANID.u_xsdbm_id/CORE_XSDB.UUT_MASTER/U_ICON_INTERFACE/U_CMD6_WR/U_WR_FIFO/SUBCORE_FIFO.xsdbm_v3_0_0_wrfifo_inst/inst_fifo_gen/gconvfifo.rf/grf.rf/rstblk/ngwrdrst.grst.g7serrst.gwrrd_rst_sync_stage[2].wrst_inst/Q_reg_reg[0]/C}}]'. [E:/7020_Project/25G/25G_PL/25G_PL.srcs/constrs_1/new/23H.xdc:2043]
Resolution: Check if the specified object(s) exists in the current design. If it does, ensure that the correct design hierarchy was specified for the object. If you are working with clocks, make sure create_clock was used to create the clock object before it is referenced.
CRITICAL WARNING: [Vivado 12-613] Cannot find cell 'dbg_hub/inst' in current context, where current instance = '' and current design = 'design_1' [E:/7020_Project/25G/25G_PL/25G_PL.srcs/constrs_1/new/23H.xdc:2124]
CRITICAL WARNING: [Vivado 12-4739] set_max_delay:No valid object(s) found for '-from [get_cells -hierarchical -filter {NAME =~ "*BSCANID.u_xsdbm_id/CORE_XSDB.UUT_MASTER/U_ICON_INTERFACE/U_CMD6_WR/U_WR_FIFO/SUBCORE_FIFO.xsdbm_v3_0_0_wrfifo_inst/inst_fifo_gen/gconvfifo.rf/grf.rf/gntv_or_sync_fifo.gcx.clkx/*rd_pntr_gc_reg[*]"}]'. [E:/7020_Project/25G/25G_PL/25G_PL.srcs/constrs_1/new/23H.xdc:2125]
Resolution: Check if the specified object(s) exists in the current design. If it does, ensure that the correct design hierarchy was specified for the object. If you are working with clocks, make sure create_clock was used to create the clock object before it is referenced.
CRITICAL WARNING: [Vivado 12-4739] set_bus_skew:No valid object(s) found for '-from [get_cells -hierarchical -filter {NAME =~ "*BSCANID.u_xsdbm_id/CORE_XSDB.UUT_MASTER/U_ICON_INTERFACE/U_CMD6_WR/U_WR_FIFO/SUBCORE_FIFO.xsdbm_v3_0_0_wrfifo_inst/inst_fifo_gen/gconvfifo.rf/grf.rf/gntv_or_sync_fifo.gcx.clkx/*rd_pntr_gc_reg[*]"}]'. [E:/7020_Project/25G/25G_PL/25G_PL.srcs/constrs_1/new/23H.xdc:2126]
Resolution: Check if the specified object(s) exists in the current design. If it does, ensure that the correct design hierarchy was specified for the object. If you are working with clocks, make sure create_clock was used to create the clock object before it is referenced.
CRITICAL WARNING: [Vivado 12-4739] set_max_delay:No valid object(s) found for '-from [get_cells -hierarchical -filter {NAME =~ "*BSCANID.u_xsdbm_id/CORE_XSDB.UUT_MASTER/U_ICON_INTERFACE/U_CMD6_WR/U_WR_FIFO/SUBCORE_FIFO.xsdbm_v3_0_0_wrfifo_inst/inst_fifo_gen/gconvfifo.rf/grf.rf/gntv_or_sync_fifo.gcx.clkx/*wr_pntr_gc_reg[*]"}]'. [E:/7020_Project/25G/25G_PL/25G_PL.srcs/constrs_1/new/23H.xdc:2128]
Resolution: Check if the specified object(s) exists in the current design. If it does, ensure that the correct design hierarchy was specified for the object. If you are working with clocks, make sure create_clock was used to create the clock object before it is referenced.
CRITICAL WARNING: [Vivado 12-4739] set_bus_skew:No valid object(s) found for '-from [get_cells -hierarchical -filter {NAME =~ "*BSCANID.u_xsdbm_id/CORE_XSDB.UUT_MASTER/U_ICON_INTERFACE/U_CMD6_WR/U_WR_FIFO/SUBCORE_FIFO.xsdbm_v3_0_0_wrfifo_inst/inst_fifo_gen/gconvfifo.rf/grf.rf/gntv_or_sync_fifo.gcx.clkx/*wr_pntr_gc_reg[*]"}]'. [E:/7020_Project/25G/25G_PL/25G_PL.srcs/constrs_1/new/23H.xdc:2129]
Resolution: Check if the specified object(s) exists in the current design. If it does, ensure that the correct design hierarchy was specified for the object. If you are working with clocks, make sure create_clock was used to create the clock object before it is referenced.
CRITICAL WARNING: [Vivado 12-4739] set_false_path:No valid object(s) found for '-from [get_cells -hierarchical -filter {NAME =~ "*BSCANID.u_xsdbm_id/CORE_XSDB.UUT_MASTER/U_ICON_INTERFACE/icn_cmd_en_reg[5]"}]'. [E:/7020_Project/25G/25G_PL/25G_PL.srcs/constrs_1/new/23H.xdc:2135]
Resolution: Check if the specified object(s) exists in the current design. If it does, ensure that the correct design hierarchy was specified for the object. If you are working with clocks, make sure create_clock was used to create the clock object before it is referenced.
CRITICAL WARNING: [Vivado 12-4739] set_false_path:No valid object(s) found for '-from [get_cells -hierarchical -filter {NAME =~ "*BSCANID.u_xsdbm_id/CORE_XSDB.UUT_MASTER/U_ICON_INTERFACE/U_CMD1/icn_cmd_en_temp_reg"}]'. [E:/7020_Project/25G/25G_PL/25G_PL.srcs/constrs_1/new/23H.xdc:2136]
Resolution: Check if the specified object(s) exists in the current design. If it does, ensure that the correct design hierarchy was specified for the object. If you are working with clocks, make sure create_clock was used to create the clock object before it is referenced.
CRITICAL WARNING: [Vivado 12-4739] set_false_path:No valid object(s) found for '-from [get_cells -hierarchical -filter {NAME =~ "*BSCANID.u_xsdbm_id/CORE_XSDB.UUT_MASTER/U_ICON_INTERFACE/U_CMD2/icn_cmd_en_temp_reg"}]'. [E:/7020_Project/25G/25G_PL/25G_PL.srcs/constrs_1/new/23H.xdc:2137]
Resolution: Check if the specified object(s) exists in the current design. If it does, ensure that the correct design hierarchy was specified for the object. If you are working with clocks, make sure create_clock was used to create the clock object before it is referenced.
CRITICAL WARNING: [Vivado 12-4739] set_false_path:No valid object(s) found for '-from [get_cells -hierarchical -filter {NAME =~ "*BSCANID.u_xsdbm_id/CORE_XSDB.UUT_MASTER/U_ICON_INTERFACE/U_CMD3/icn_cmd_en_temp_reg"}]'. [E:/7020_Project/25G/25G_PL/25G_PL.srcs/constrs_1/new/23H.xdc:2138]
Resolution: Check if the specified object(s) exists in the current design. If it does, ensure that the correct design hierarchy was specified for the object. If you are working with clocks, make sure create_clock was used to create the clock object before it is referenced.
CRITICAL WARNING: [Vivado 12-4739] set_false_path:No valid object(s) found for '-from [get_cells -hierarchical -filter {NAME =~ "*BSCANID.u_xsdbm_id/CORE_XSDB.UUT_MASTER/U_ICON_INTERFACE/U_CMD4/icn_cmd_en_temp_reg"}]'. [E:/7020_Project/25G/25G_PL/25G_PL.srcs/constrs_1/new/23H.xdc:2139]
Resolution: Check if the specified object(s) exists in the current design. If it does, ensure that the correct design hierarchy was specified for the object. If you are working with clocks, make sure create_clock was used to create the clock object before it is referenced.
CRITICAL WARNING: [Vivado 12-4739] set_false_path:No valid object(s) found for '-from [get_cells -hierarchical -filter {NAME =~ "*BSCANID.u_xsdbm_id/CORE_XSDB.UUT_MASTER/U_ICON_INTERFACE/U_CMD5/icn_cmd_en_temp_reg"}]'. [E:/7020_Project/25G/25G_PL/25G_PL.srcs/constrs_1/new/23H.xdc:2140]
Resolution: Check if the specified object(s) exists in the current design. If it does, ensure that the correct design hierarchy was specified for the object. If you are working with clocks, make sure create_clock was used to create the clock object before it is referenced.
CRITICAL WARNING: [Vivado 12-4739] set_false_path:No valid object(s) found for '-from [get_cells -hierarchical -filter {NAME =~ "*BSCANID.u_xsdbm_id/CORE_XSDB.UUT_MASTER/U_ICON_INTERFACE/U_CMD7_CTL/icn_cmd_en_temp_reg"}]'. [E:/7020_Project/25G/25G_PL/25G_PL.srcs/constrs_1/new/23H.xdc:2141]
Resolution: Check if the specified object(s) exists in the current design. If it does, ensure that the correct design hierarchy was specified for the object. If you are working with clocks, make sure create_clock was used to create the clock object before it is referenced.
INFO: [Common 17-14] Message 'Vivado 12-4739' appears 100 times and further instances of the messages will be disabled. Use the Tcl command set_msg_config to change the current settings. [E:/7020_Project/25G/25G_PL/25G_PL.srcs/constrs_1/new/23H.xdc:2141]
WARNING: [Vivado_Tcl 4-921] Waiver ID 'CDC-6' -to list should not be empty. [E:/7020_Project/25G/25G_PL/25G_PL.srcs/constrs_1/new/23H.xdc:2162]
WARNING: [Vivado_Tcl 4-921] Waiver ID 'CDC-6' -to list should not be empty. [E:/7020_Project/25G/25G_PL/25G_PL.srcs/constrs_1/new/23H.xdc:2163]
WARNING: [Vivado_Tcl 4-921] Waiver ID 'CDC-6' -to list should not be empty. [E:/7020_Project/25G/25G_PL/25G_PL.srcs/constrs_1/new/23H.xdc:2164]
WARNING: [Vivado_Tcl 4-921] Waiver ID 'CDC-6' -to list should not be empty. [E:/7020_Project/25G/25G_PL/25G_PL.srcs/constrs_1/new/23H.xdc:2165]
WARNING: [Vivado_Tcl 4-921] Waiver ID 'CDC-6' -to list should not be empty. [E:/7020_Project/25G/25G_PL/25G_PL.srcs/constrs_1/new/23H.xdc:2166]
WARNING: [Vivado_Tcl 4-921] Waiver ID 'CDC-6' -to list should not be empty. [E:/7020_Project/25G/25G_PL/25G_PL.srcs/constrs_1/new/23H.xdc:2167]
WARNING: [Vivado_Tcl 4-921] Waiver ID 'CDC-6' -to list should not be empty. [E:/7020_Project/25G/25G_PL/25G_PL.srcs/constrs_1/new/23H.xdc:2168]
WARNING: [Vivado_Tcl 4-921] Waiver ID 'CDC-15' -to list should not be empty. [E:/7020_Project/25G/25G_PL/25G_PL.srcs/constrs_1/new/23H.xdc:2169]
WARNING: [Vivado_Tcl 4-921] Waiver ID 'CDC-15' -to list should not be empty. [E:/7020_Project/25G/25G_PL/25G_PL.srcs/constrs_1/new/23H.xdc:2170]
WARNING: [Vivado_Tcl 4-921] Waiver ID 'CDC-15' -to list should not be empty. [E:/7020_Project/25G/25G_PL/25G_PL.srcs/constrs_1/new/23H.xdc:2171]
WARNING: [Vivado_Tcl 4-921] Waiver ID 'CDC-15' -to list should not be empty. [E:/7020_Project/25G/25G_PL/25G_PL.srcs/constrs_1/new/23H.xdc:2172]
WARNING: [Vivado_Tcl 4-921] Waiver ID 'CDC-15' -to list should not be empty. [E:/7020_Project/25G/25G_PL/25G_PL.srcs/constrs_1/new/23H.xdc:2173]
WARNING: [Vivado_Tcl 4-921] Waiver ID 'CDC-15' -to list should not be empty. [E:/7020_Project/25G/25G_PL/25G_PL.srcs/constrs_1/new/23H.xdc:2174]
WARNING: [Vivado_Tcl 4-921] Waiver ID 'CDC-15' -to list should not be empty. [E:/7020_Project/25G/25G_PL/25G_PL.srcs/constrs_1/new/23H.xdc:2175]
WARNING: [Vivado_Tcl 4-921] Waiver ID 'CDC-15' -to list should not be empty. [E:/7020_Project/25G/25G_PL/25G_PL.srcs/constrs_1/new/23H.xdc:2176]
WARNING: [Vivado_Tcl 4-921] Waiver ID 'CDC-15' -to list should not be empty. [E:/7020_Project/25G/25G_PL/25G_PL.srcs/constrs_1/new/23H.xdc:2177]
WARNING: [Vivado_Tcl 4-921] Waiver ID 'CDC-15' -to list should not be empty. [E:/7020_Project/25G/25G_PL/25G_PL.srcs/constrs_1/new/23H.xdc:2178]
WARNING: [Vivado_Tcl 4-921] Waiver ID 'CDC-15' -to list should not be empty. [E:/7020_Project/25G/25G_PL/25G_PL.srcs/constrs_1/new/23H.xdc:2179]
Finished Parsing XDC File [E:/7020_Project/25G/25G_PL/25G_PL.srcs/constrs_1/new/23H.xdc]
Parsing XDC File [e:/7020_Project/25G/25G_PL/25G_PL.gen/sources_1/bd/system/ip/system_axi_dma_adc_0/system_axi_dma_adc_0_clocks.xdc] for cell 'u_system/system_i/axi_dma_adc/U0'
Finished Parsing XDC File [e:/7020_Project/25G/25G_PL/25G_PL.gen/sources_1/bd/system/ip/system_axi_dma_adc_0/system_axi_dma_adc_0_clocks.xdc] for cell 'u_system/system_i/axi_dma_adc/U0'
Parsing XDC File [e:/7020_Project/25G/25G_PL/25G_PL.gen/sources_1/ip/PLL_AD/PLL_AD_late.xdc] for cell 'u_h_top/ad_clk/inst'
Finished Parsing XDC File [e:/7020_Project/25G/25G_PL/25G_PL.gen/sources_1/ip/PLL_AD/PLL_AD_late.xdc] for cell 'u_h_top/ad_clk/inst'
Parsing XDC File [e:/7020_Project/25G/25G_PL/25G_PL.gen/sources_1/ip/ad_fifo_wrapper_0/src/fifo_generator_0/fifo_generator_0_clocks.xdc] for cell 'u_h_top/u_ad_fifo/inst/u_fifo/my_fifo_ip/U0'
Finished Parsing XDC File [e:/7020_Project/25G/25G_PL/25G_PL.gen/sources_1/ip/ad_fifo_wrapper_0/src/fifo_generator_0/fifo_generator_0_clocks.xdc] for cell 'u_h_top/u_ad_fifo/inst/u_fifo/my_fifo_ip/U0'
WARNING: [XPM_CDC_GRAY: TCL-1000] The source and destination clocks are the same. 
     Instance: u_system/system_i/axis_data_fifo_0/inst/gen_fifo.xpm_fifo_axis_inst/xpm_fifo_base_inst/gen_cdc_pntr.rd_pntr_cdc_inst 
  This will add unnecessary latency to the design. Please check the design for the following: 
 1) Manually instantiated XPM_CDC modules: Xilinx recommends that you remove these modules. 
 2) Xilinx IP that contains XPM_CDC modules: Verify the connections to the IP to determine whether you can safely ignore this message.
 [D:/FPGA/Xilinx/Vivado/2020.2/data/ip/xpm/xpm_cdc/tcl/xpm_cdc_gray.tcl:16]
WARNING: [Vivado_Tcl 4-935] Waiver ID 'CDC-6' is a duplicate and will not be added again. [D:/FPGA/Xilinx/Vivado/2020.2/data/ip/xpm/xpm_cdc/tcl/xpm_cdc_gray.tcl:23]
WARNING: [XPM_CDC_GRAY: TCL-1000] The source and destination clocks are the same. 
     Instance: u_system/system_i/axis_data_fifo_0/inst/gen_fifo.xpm_fifo_axis_inst/xpm_fifo_base_inst/gen_cdc_pntr.wr_pntr_cdc_inst 
  This will add unnecessary latency to the design. Please check the design for the following: 
 1) Manually instantiated XPM_CDC modules: Xilinx recommends that you remove these modules. 
 2) Xilinx IP that contains XPM_CDC modules: Verify the connections to the IP to determine whether you can safely ignore this message.
 [D:/FPGA/Xilinx/Vivado/2020.2/data/ip/xpm/xpm_cdc/tcl/xpm_cdc_gray.tcl:16]
WARNING: [Vivado_Tcl 4-935] Waiver ID 'CDC-6' is a duplicate and will not be added again. [D:/FPGA/Xilinx/Vivado/2020.2/data/ip/xpm/xpm_cdc/tcl/xpm_cdc_gray.tcl:23]
WARNING: [XPM_CDC_GRAY: TCL-1000] The source and destination clocks are the same. 
     Instance: u_system/system_i/axis_data_fifo_0/inst/gen_fifo.xpm_fifo_axis_inst/xpm_fifo_base_inst/gen_cdc_pntr.wr_pntr_cdc_dc_inst 
  This will add unnecessary latency to the design. Please check the design for the following: 
 1) Manually instantiated XPM_CDC modules: Xilinx recommends that you remove these modules. 
 2) Xilinx IP that contains XPM_CDC modules: Verify the connections to the IP to determine whether you can safely ignore this message.
 [D:/FPGA/Xilinx/Vivado/2020.2/data/ip/xpm/xpm_cdc/tcl/xpm_cdc_gray.tcl:16]
WARNING: [XPM_CDC_GRAY: TCL-1000] The source and destination clocks are the same. 
     Instance: u_system/system_i/axis_data_fifo_0/inst/gen_fifo.xpm_fifo_axis_inst/xpm_fifo_base_inst/gen_cdc_pntr.rd_pntr_cdc_dc_inst 
  This will add unnecessary latency to the design. Please check the design for the following: 
 1) Manually instantiated XPM_CDC modules: Xilinx recommends that you remove these modules. 
 2) Xilinx IP that contains XPM_CDC modules: Verify the connections to the IP to determine whether you can safely ignore this message.
 [D:/FPGA/Xilinx/Vivado/2020.2/data/ip/xpm/xpm_cdc/tcl/xpm_cdc_gray.tcl:16]
INFO: [Project 1-1715] 7 XPM XDC files have been applied to the design.
INFO: [Opt 31-138] Pushed 0 inverter(s) to 0 load pin(s).
Generating merged BMM file for the design top 'top'...
Netlist sorting complete. Time (s): cpu = 00:00:00 ; elapsed = 00:00:00.006 . Memory (MB): peak = 1641.695 ; gain = 0.000
INFO: [Project 1-111] Unisim Transformation Summary:
  A total of 62 instances were transformed.
  RAM16X1D => RAM32X1D (RAMD32(x2)): 1 instance 
  RAM32M => RAM32M (RAMD32(x6), RAMS32(x2)): 61 instances

34 Infos, 245 Warnings, 112 Critical Warnings and 0 Errors encountered.
link_design completed successfully
link_design: Time (s): cpu = 00:00:05 ; elapsed = 00:00:24 . Memory (MB): peak = 1641.695 ; gain = 537.074
INFO: [Common 17-600] The following parameters have non-default value.
general.maxThreads
Command: opt_design
Attempting to get a license for feature 'Implementation' and/or device 'xc7z020'
INFO: [Common 17-349] Got license for feature 'Implementation' and/or device 'xc7z020'
Running DRC as a precondition to command opt_design

Starting DRC Task
INFO: [DRC 23-27] Running DRC with 24 threads
INFO: [Project 1-461] DRC finished with 0 Errors
INFO: [Project 1-462] Please refer to the DRC report (report_drc) for more information.

Time (s): cpu = 00:00:01 ; elapsed = 00:00:00.584 . Memory (MB): peak = 1641.695 ; gain = 0.000

Starting Cache Timing Information Task
INFO: [Timing 38-35] Done setting XDC timing constraints.
Ending Cache Timing Information Task | Checksum: 241877422

Time (s): cpu = 00:00:00 ; elapsed = 00:00:00.445 . Memory (MB): peak = 1641.695 ; gain = 0.000

Starting Logic Optimization Task

Phase 1 Retarget
INFO: [Opt 31-138] Pushed 13 inverter(s) to 59 load pin(s).
INFO: [Opt 31-49] Retargeted 0 cell(s).
Phase 1 Retarget | Checksum: 196573030

Time (s): cpu = 00:00:01 ; elapsed = 00:00:00.484 . Memory (MB): peak = 1821.242 ; gain = 0.480
INFO: [Opt 31-389] Phase Retarget created 106 cells and removed 207 cells
INFO: [Opt 31-1021] In phase Retarget, 30 netlist objects are constrained preventing optimization. Please run opt_design with -debug_log to get more detail. 

Phase 2 Constant propagation
INFO: [Opt 31-138] Pushed 0 inverter(s) to 0 load pin(s).
Phase 2 Constant propagation | Checksum: 1991d8646

Time (s): cpu = 00:00:02 ; elapsed = 00:00:00.589 . Memory (MB): peak = 1821.242 ; gain = 0.480
INFO: [Opt 31-389] Phase Constant propagation created 51 cells and removed 219 cells
INFO: [Opt 31-1021] In phase Constant propagation, 30 netlist objects are constrained preventing optimization. Please run opt_design with -debug_log to get more detail. 

Phase 3 Sweep
Phase 3 Sweep | Checksum: 1a601f5d0

Time (s): cpu = 00:00:02 ; elapsed = 00:00:01 . Memory (MB): peak = 1821.242 ; gain = 0.480
INFO: [Opt 31-389] Phase Sweep created 0 cells and removed 416 cells
INFO: [Opt 31-1021] In phase Sweep, 64 netlist objects are constrained preventing optimization. Please run opt_design with -debug_log to get more detail. 

Phase 4 BUFG optimization
Phase 4 BUFG optimization | Checksum: 1bd4a9e9b

Time (s): cpu = 00:00:02 ; elapsed = 00:00:01 . Memory (MB): peak = 1821.242 ; gain = 0.480
INFO: [Opt 31-662] Phase BUFG optimization created 0 cells of which 0 are BUFGs and removed 0 cells.

Phase 5 Shift Register Optimization
INFO: [Opt 31-1064] SRL Remap converted 0 SRLs to 0 registers and converted 0 registers of register chains to 0 SRLs
Phase 5 Shift Register Optimization | Checksum: 1bd4a9e9b

Time (s): cpu = 00:00:02 ; elapsed = 00:00:01 . Memory (MB): peak = 1821.242 ; gain = 0.480
INFO: [Opt 31-389] Phase Shift Register Optimization created 0 cells and removed 0 cells

Phase 6 Post Processing Netlist
Phase 6 Post Processing Netlist | Checksum: 1a601f5d0

Time (s): cpu = 00:00:02 ; elapsed = 00:00:01 . Memory (MB): peak = 1821.242 ; gain = 0.480
INFO: [Opt 31-389] Phase Post Processing Netlist created 0 cells and removed 0 cells
INFO: [Opt 31-1021] In phase Post Processing Netlist, 28 netlist objects are constrained preventing optimization. Please run opt_design with -debug_log to get more detail. 
Opt_design Change Summary
=========================


-------------------------------------------------------------------------------------------------------------------------
|  Phase                        |  #Cells created  |  #Cells Removed  |  #Constrained objects preventing optimizations  |
-------------------------------------------------------------------------------------------------------------------------
|  Retarget                     |             106  |             207  |                                             30  |
|  Constant propagation         |              51  |             219  |                                             30  |
|  Sweep                        |               0  |             416  |                                             64  |
|  BUFG optimization            |               0  |               0  |                                              0  |
|  Shift Register Optimization  |               0  |               0  |                                              0  |
|  Post Processing Netlist      |               0  |               0  |                                             28  |
-------------------------------------------------------------------------------------------------------------------------



Starting Connectivity Check Task

Time (s): cpu = 00:00:00 ; elapsed = 00:00:00.018 . Memory (MB): peak = 1821.242 ; gain = 0.000
Ending Logic Optimization Task | Checksum: 24b49178e

Time (s): cpu = 00:00:03 ; elapsed = 00:00:02 . Memory (MB): peak = 1821.242 ; gain = 0.480

Starting Power Optimization Task
INFO: [Pwropt 34-132] Skipping clock gating for clocks with a period < 2.00 ns.
INFO: [Timing 38-35] Done setting XDC timing constraints.
Running Vector-less Activity Propagation...
INFO: [Pwropt 34-9] Applying IDT optimizations ...
INFO: [Pwropt 34-10] Applying ODC optimizations ...

Finished Running Vector-less Activity Propagation


Starting PowerOpt Patch Enables Task
INFO: [Pwropt 34-162] WRITE_MODE attribute of 2 BRAM(s) out of a total of 24 has been updated to save power. Run report_power_opt to get a complete listing of the BRAMs updated.
INFO: [Timing 38-35] Done setting XDC timing constraints.
INFO: [Pwropt 34-201] Structural ODC has moved 3 WE to EN ports
Number of BRAM Ports augmented: 10 newly gated: 7 Total Ports: 48
Ending PowerOpt Patch Enables Task | Checksum: 1d0f14121

Time (s): cpu = 00:00:00 ; elapsed = 00:00:00.674 . Memory (MB): peak = 2267.012 ; gain = 0.000
Ending Power Optimization Task | Checksum: 1d0f14121

Time (s): cpu = 00:00:05 ; elapsed = 00:00:05 . Memory (MB): peak = 2267.012 ; gain = 445.770

Starting Final Cleanup Task
Ending Final Cleanup Task | Checksum: 1d0f14121

Time (s): cpu = 00:00:00 ; elapsed = 00:00:00 . Memory (MB): peak = 2267.012 ; gain = 0.000

Starting Netlist Obfuscation Task
Netlist sorting complete. Time (s): cpu = 00:00:00 ; elapsed = 00:00:00.074 . Memory (MB): peak = 2267.012 ; gain = 0.000
Ending Netlist Obfuscation Task | Checksum: 21f68a3a6

Time (s): cpu = 00:00:00 ; elapsed = 00:00:00.074 . Memory (MB): peak = 2267.012 ; gain = 0.000
INFO: [Common 17-83] Releasing license: Implementation
62 Infos, 245 Warnings, 112 Critical Warnings and 0 Errors encountered.
opt_design completed successfully
opt_design: Time (s): cpu = 00:00:09 ; elapsed = 00:00:09 . Memory (MB): peak = 2267.012 ; gain = 625.316
INFO: [Common 17-600] The following parameters have non-default value.
general.maxThreads
INFO: [Timing 38-35] Done setting XDC timing constraints.
INFO: [Timing 38-480] Writing timing data to binary archive.
Writing placer database...
Writing XDEF routing.
Writing XDEF routing logical nets.
Writing XDEF routing special nets.
Write XDEF Complete: Time (s): cpu = 00:00:00 ; elapsed = 00:00:00.058 . Memory (MB): peak = 2267.012 ; gain = 0.000
INFO: [Common 17-1381] The checkpoint 'E:/7020_Project/25G/25G_PL/25G_PL.runs/impl_1/top_opt.dcp' has been generated.
INFO: [runtcl-4] Executing : report_drc -file top_drc_opted.rpt -pb top_drc_opted.pb -rpx top_drc_opted.rpx
Command: report_drc -file top_drc_opted.rpt -pb top_drc_opted.pb -rpx top_drc_opted.rpx
INFO: [IP_Flow 19-1839] IP Catalog is up to date.
INFO: [DRC 23-27] Running DRC with 24 threads
INFO: [Coretcl 2-168] The results of DRC are in file E:/7020_Project/25G/25G_PL/25G_PL.runs/impl_1/top_drc_opted.rpt.
report_drc completed successfully
Command: place_design
Attempting to get a license for feature 'Implementation' and/or device 'xc7z020'
INFO: [Common 17-349] Got license for feature 'Implementation' and/or device 'xc7z020'
INFO: [DRC 23-27] Running DRC with 24 threads
INFO: [Vivado_Tcl 4-198] DRC finished with 0 Errors
INFO: [Vivado_Tcl 4-199] Please refer to the DRC report (report_drc) for more information.
Running DRC as a precondition to command place_design
INFO: [DRC 23-27] Running DRC with 24 threads
WARNING: [DRC CHECK-3] Report rule limit reached: REQP-1839 rule limit reached: 20 violations have been found.
WARNING: [DRC REQP-1839] RAMB36 async control check: The RAMB36E1 u_h_top/sine_a/U0/inst_blk_mem_gen/gnbram.gnativebmg.native_blk_mem_gen/valid.cstr/ramloop[0].ram.r/prim_init.ram/DEVICE_7SERIES.NO_BMM_INFO.SP.SIMPLE_PRIM36.ram has an input control pin u_h_top/sine_a/U0/inst_blk_mem_gen/gnbram.gnativebmg.native_blk_mem_gen/valid.cstr/ramloop[0].ram.r/prim_init.ram/DEVICE_7SERIES.NO_BMM_INFO.SP.SIMPLE_PRIM36.ram/ADDRARDADDR[10] (net: u_h_top/sine_a/U0/inst_blk_mem_gen/gnbram.gnativebmg.native_blk_mem_gen/valid.cstr/ramloop[0].ram.r/prim_init.ram/addra[7]) which is driven by a register (u_h_top/u_dac_dds/inst/phase_acc_a_reg[27]) that has an active asychronous set or reset. This may cause corruption of the memory contents and/or read values when the set/reset is asserted and is not analyzed by the default static timing analysis. It is suggested to eliminate the use of a set/reset to registers driving this RAMB pin or else use a synchronous reset in which the assertion of the reset is timed by default.
WARNING: [DRC REQP-1839] RAMB36 async control check: The RAMB36E1 u_h_top/sine_a/U0/inst_blk_mem_gen/gnbram.gnativebmg.native_blk_mem_gen/valid.cstr/ramloop[0].ram.r/prim_init.ram/DEVICE_7SERIES.NO_BMM_INFO.SP.SIMPLE_PRIM36.ram has an input control pin u_h_top/sine_a/U0/inst_blk_mem_gen/gnbram.gnativebmg.native_blk_mem_gen/valid.cstr/ramloop[0].ram.r/prim_init.ram/DEVICE_7SERIES.NO_BMM_INFO.SP.SIMPLE_PRIM36.ram/ADDRARDADDR[11] (net: u_h_top/sine_a/U0/inst_blk_mem_gen/gnbram.gnativebmg.native_blk_mem_gen/valid.cstr/ramloop[0].ram.r/prim_init.ram/addra[8]) which is driven by a register (u_h_top/u_dac_dds/inst/phase_acc_a_reg[28]) that has an active asychronous set or reset. This may cause corruption of the memory contents and/or read values when the set/reset is asserted and is not analyzed by the default static timing analysis. It is suggested to eliminate the use of a set/reset to registers driving this RAMB pin or else use a synchronous reset in which the assertion of the reset is timed by default.
WARNING: [DRC REQP-1839] RAMB36 async control check: The RAMB36E1 u_h_top/sine_a/U0/inst_blk_mem_gen/gnbram.gnativebmg.native_blk_mem_gen/valid.cstr/ramloop[0].ram.r/prim_init.ram/DEVICE_7SERIES.NO_BMM_INFO.SP.SIMPLE_PRIM36.ram has an input control pin u_h_top/sine_a/U0/inst_blk_mem_gen/gnbram.gnativebmg.native_blk_mem_gen/valid.cstr/ramloop[0].ram.r/prim_init.ram/DEVICE_7SERIES.NO_BMM_INFO.SP.SIMPLE_PRIM36.ram/ADDRARDADDR[12] (net: u_h_top/sine_a/U0/inst_blk_mem_gen/gnbram.gnativebmg.native_blk_mem_gen/valid.cstr/ramloop[0].ram.r/prim_init.ram/addra[9]) which is driven by a register (u_h_top/u_dac_dds/inst/phase_acc_a_reg[29]) that has an active asychronous set or reset. This may cause corruption of the memory contents and/or read values when the set/reset is asserted and is not analyzed by the default static timing analysis. It is suggested to eliminate the use of a set/reset to registers driving this RAMB pin or else use a synchronous reset in which the assertion of the reset is timed by default.
WARNING: [DRC REQP-1839] RAMB36 async control check: The RAMB36E1 u_h_top/sine_a/U0/inst_blk_mem_gen/gnbram.gnativebmg.native_blk_mem_gen/valid.cstr/ramloop[0].ram.r/prim_init.ram/DEVICE_7SERIES.NO_BMM_INFO.SP.SIMPLE_PRIM36.ram has an input control pin u_h_top/sine_a/U0/inst_blk_mem_gen/gnbram.gnativebmg.native_blk_mem_gen/valid.cstr/ramloop[0].ram.r/prim_init.ram/DEVICE_7SERIES.NO_BMM_INFO.SP.SIMPLE_PRIM36.ram/ADDRARDADDR[13] (net: u_h_top/sine_a/U0/inst_blk_mem_gen/gnbram.gnativebmg.native_blk_mem_gen/valid.cstr/ramloop[0].ram.r/prim_init.ram/addra[10]) which is driven by a register (u_h_top/u_dac_dds/inst/phase_acc_a_reg[30]) that has an active asychronous set or reset. This may cause corruption of the memory contents and/or read values when the set/reset is asserted and is not analyzed by the default static timing analysis. It is suggested to eliminate the use of a set/reset to registers driving this RAMB pin or else use a synchronous reset in which the assertion of the reset is timed by default.
WARNING: [DRC REQP-1839] RAMB36 async control check: The RAMB36E1 u_h_top/sine_a/U0/inst_blk_mem_gen/gnbram.gnativebmg.native_blk_mem_gen/valid.cstr/ramloop[0].ram.r/prim_init.ram/DEVICE_7SERIES.NO_BMM_INFO.SP.SIMPLE_PRIM36.ram has an input control pin u_h_top/sine_a/U0/inst_blk_mem_gen/gnbram.gnativebmg.native_blk_mem_gen/valid.cstr/ramloop[0].ram.r/prim_init.ram/DEVICE_7SERIES.NO_BMM_INFO.SP.SIMPLE_PRIM36.ram/ADDRARDADDR[14] (net: u_h_top/sine_a/U0/inst_blk_mem_gen/gnbram.gnativebmg.native_blk_mem_gen/valid.cstr/ramloop[0].ram.r/prim_init.ram/addra[11]) which is driven by a register (u_h_top/u_dac_dds/inst/phase_acc_a_reg[31]) that has an active asychronous set or reset. This may cause corruption of the memory contents and/or read values when the set/reset is asserted and is not analyzed by the default static timing analysis. It is suggested to eliminate the use of a set/reset to registers driving this RAMB pin or else use a synchronous reset in which the assertion of the reset is timed by default.
WARNING: [DRC REQP-1839] RAMB36 async control check: The RAMB36E1 u_h_top/sine_a/U0/inst_blk_mem_gen/gnbram.gnativebmg.native_blk_mem_gen/valid.cstr/ramloop[0].ram.r/prim_init.ram/DEVICE_7SERIES.NO_BMM_INFO.SP.SIMPLE_PRIM36.ram has an input control pin u_h_top/sine_a/U0/inst_blk_mem_gen/gnbram.gnativebmg.native_blk_mem_gen/valid.cstr/ramloop[0].ram.r/prim_init.ram/DEVICE_7SERIES.NO_BMM_INFO.SP.SIMPLE_PRIM36.ram/ADDRARDADDR[3] (net: u_h_top/sine_a/U0/inst_blk_mem_gen/gnbram.gnativebmg.native_blk_mem_gen/valid.cstr/ramloop[0].ram.r/prim_init.ram/addra[0]) which is driven by a register (u_h_top/u_dac_dds/inst/phase_acc_a_reg[20]) that has an active asychronous set or reset. This may cause corruption of the memory contents and/or read values when the set/reset is asserted and is not analyzed by the default static timing analysis. It is suggested to eliminate the use of a set/reset to registers driving this RAMB pin or else use a synchronous reset in which the assertion of the reset is timed by default.
WARNING: [DRC REQP-1839] RAMB36 async control check: The RAMB36E1 u_h_top/sine_a/U0/inst_blk_mem_gen/gnbram.gnativebmg.native_blk_mem_gen/valid.cstr/ramloop[0].ram.r/prim_init.ram/DEVICE_7SERIES.NO_BMM_INFO.SP.SIMPLE_PRIM36.ram has an input control pin u_h_top/sine_a/U0/inst_blk_mem_gen/gnbram.gnativebmg.native_blk_mem_gen/valid.cstr/ramloop[0].ram.r/prim_init.ram/DEVICE_7SERIES.NO_BMM_INFO.SP.SIMPLE_PRIM36.ram/ADDRARDADDR[4] (net: u_h_top/sine_a/U0/inst_blk_mem_gen/gnbram.gnativebmg.native_blk_mem_gen/valid.cstr/ramloop[0].ram.r/prim_init.ram/addra[1]) which is driven by a register (u_h_top/u_dac_dds/inst/phase_acc_a_reg[21]) that has an active asychronous set or reset. This may cause corruption of the memory contents and/or read values when the set/reset is asserted and is not analyzed by the default static timing analysis. It is suggested to eliminate the use of a set/reset to registers driving this RAMB pin or else use a synchronous reset in which the assertion of the reset is timed by default.
WARNING: [DRC REQP-1839] RAMB36 async control check: The RAMB36E1 u_h_top/sine_a/U0/inst_blk_mem_gen/gnbram.gnativebmg.native_blk_mem_gen/valid.cstr/ramloop[0].ram.r/prim_init.ram/DEVICE_7SERIES.NO_BMM_INFO.SP.SIMPLE_PRIM36.ram has an input control pin u_h_top/sine_a/U0/inst_blk_mem_gen/gnbram.gnativebmg.native_blk_mem_gen/valid.cstr/ramloop[0].ram.r/prim_init.ram/DEVICE_7SERIES.NO_BMM_INFO.SP.SIMPLE_PRIM36.ram/ADDRARDADDR[5] (net: u_h_top/sine_a/U0/inst_blk_mem_gen/gnbram.gnativebmg.native_blk_mem_gen/valid.cstr/ramloop[0].ram.r/prim_init.ram/addra[2]) which is driven by a register (u_h_top/u_dac_dds/inst/phase_acc_a_reg[22]) that has an active asychronous set or reset. This may cause corruption of the memory contents and/or read values when the set/reset is asserted and is not analyzed by the default static timing analysis. It is suggested to eliminate the use of a set/reset to registers driving this RAMB pin or else use a synchronous reset in which the assertion of the reset is timed by default.
WARNING: [DRC REQP-1839] RAMB36 async control check: The RAMB36E1 u_h_top/sine_a/U0/inst_blk_mem_gen/gnbram.gnativebmg.native_blk_mem_gen/valid.cstr/ramloop[0].ram.r/prim_init.ram/DEVICE_7SERIES.NO_BMM_INFO.SP.SIMPLE_PRIM36.ram has an input control pin u_h_top/sine_a/U0/inst_blk_mem_gen/gnbram.gnativebmg.native_blk_mem_gen/valid.cstr/ramloop[0].ram.r/prim_init.ram/DEVICE_7SERIES.NO_BMM_INFO.SP.SIMPLE_PRIM36.ram/ADDRARDADDR[6] (net: u_h_top/sine_a/U0/inst_blk_mem_gen/gnbram.gnativebmg.native_blk_mem_gen/valid.cstr/ramloop[0].ram.r/prim_init.ram/addra[3]) which is driven by a register (u_h_top/u_dac_dds/inst/phase_acc_a_reg[23]) that has an active asychronous set or reset. This may cause corruption of the memory contents and/or read values when the set/reset is asserted and is not analyzed by the default static timing analysis. It is suggested to eliminate the use of a set/reset to registers driving this RAMB pin or else use a synchronous reset in which the assertion of the reset is timed by default.
WARNING: [DRC REQP-1839] RAMB36 async control check: The RAMB36E1 u_h_top/sine_a/U0/inst_blk_mem_gen/gnbram.gnativebmg.native_blk_mem_gen/valid.cstr/ramloop[0].ram.r/prim_init.ram/DEVICE_7SERIES.NO_BMM_INFO.SP.SIMPLE_PRIM36.ram has an input control pin u_h_top/sine_a/U0/inst_blk_mem_gen/gnbram.gnativebmg.native_blk_mem_gen/valid.cstr/ramloop[0].ram.r/prim_init.ram/DEVICE_7SERIES.NO_BMM_INFO.SP.SIMPLE_PRIM36.ram/ADDRARDADDR[7] (net: u_h_top/sine_a/U0/inst_blk_mem_gen/gnbram.gnativebmg.native_blk_mem_gen/valid.cstr/ramloop[0].ram.r/prim_init.ram/addra[4]) which is driven by a register (u_h_top/u_dac_dds/inst/phase_acc_a_reg[24]) that has an active asychronous set or reset. This may cause corruption of the memory contents and/or read values when the set/reset is asserted and is not analyzed by the default static timing analysis. It is suggested to eliminate the use of a set/reset to registers driving this RAMB pin or else use a synchronous reset in which the assertion of the reset is timed by default.
WARNING: [DRC REQP-1839] RAMB36 async control check: The RAMB36E1 u_h_top/sine_a/U0/inst_blk_mem_gen/gnbram.gnativebmg.native_blk_mem_gen/valid.cstr/ramloop[0].ram.r/prim_init.ram/DEVICE_7SERIES.NO_BMM_INFO.SP.SIMPLE_PRIM36.ram has an input control pin u_h_top/sine_a/U0/inst_blk_mem_gen/gnbram.gnativebmg.native_blk_mem_gen/valid.cstr/ramloop[0].ram.r/prim_init.ram/DEVICE_7SERIES.NO_BMM_INFO.SP.SIMPLE_PRIM36.ram/ADDRARDADDR[8] (net: u_h_top/sine_a/U0/inst_blk_mem_gen/gnbram.gnativebmg.native_blk_mem_gen/valid.cstr/ramloop[0].ram.r/prim_init.ram/addra[5]) which is driven by a register (u_h_top/u_dac_dds/inst/phase_acc_a_reg[25]) that has an active asychronous set or reset. This may cause corruption of the memory contents and/or read values when the set/reset is asserted and is not analyzed by the default static timing analysis. It is suggested to eliminate the use of a set/reset to registers driving this RAMB pin or else use a synchronous reset in which the assertion of the reset is timed by default.
WARNING: [DRC REQP-1839] RAMB36 async control check: The RAMB36E1 u_h_top/sine_a/U0/inst_blk_mem_gen/gnbram.gnativebmg.native_blk_mem_gen/valid.cstr/ramloop[0].ram.r/prim_init.ram/DEVICE_7SERIES.NO_BMM_INFO.SP.SIMPLE_PRIM36.ram has an input control pin u_h_top/sine_a/U0/inst_blk_mem_gen/gnbram.gnativebmg.native_blk_mem_gen/valid.cstr/ramloop[0].ram.r/prim_init.ram/DEVICE_7SERIES.NO_BMM_INFO.SP.SIMPLE_PRIM36.ram/ADDRARDADDR[9] (net: u_h_top/sine_a/U0/inst_blk_mem_gen/gnbram.gnativebmg.native_blk_mem_gen/valid.cstr/ramloop[0].ram.r/prim_init.ram/addra[6]) which is driven by a register (u_h_top/u_dac_dds/inst/phase_acc_a_reg[26]) that has an active asychronous set or reset. This may cause corruption of the memory contents and/or read values when the set/reset is asserted and is not analyzed by the default static timing analysis. It is suggested to eliminate the use of a set/reset to registers driving this RAMB pin or else use a synchronous reset in which the assertion of the reset is timed by default.
WARNING: [DRC REQP-1839] RAMB36 async control check: The RAMB36E1 u_h_top/sine_a/U0/inst_blk_mem_gen/gnbram.gnativebmg.native_blk_mem_gen/valid.cstr/ramloop[1].ram.r/prim_init.ram/DEVICE_7SERIES.NO_BMM_INFO.SP.SIMPLE_PRIM36.ram has an input control pin u_h_top/sine_a/U0/inst_blk_mem_gen/gnbram.gnativebmg.native_blk_mem_gen/valid.cstr/ramloop[1].ram.r/prim_init.ram/DEVICE_7SERIES.NO_BMM_INFO.SP.SIMPLE_PRIM36.ram/ADDRARDADDR[10] (net: u_h_top/sine_a/U0/inst_blk_mem_gen/gnbram.gnativebmg.native_blk_mem_gen/valid.cstr/ramloop[1].ram.r/prim_init.ram/addra[7]) which is driven by a register (u_h_top/u_dac_dds/inst/phase_acc_a_reg[27]) that has an active asychronous set or reset. This may cause corruption of the memory contents and/or read values when the set/reset is asserted and is not analyzed by the default static timing analysis. It is suggested to eliminate the use of a set/reset to registers driving this RAMB pin or else use a synchronous reset in which the assertion of the reset is timed by default.
WARNING: [DRC REQP-1839] RAMB36 async control check: The RAMB36E1 u_h_top/sine_a/U0/inst_blk_mem_gen/gnbram.gnativebmg.native_blk_mem_gen/valid.cstr/ramloop[1].ram.r/prim_init.ram/DEVICE_7SERIES.NO_BMM_INFO.SP.SIMPLE_PRIM36.ram has an input control pin u_h_top/sine_a/U0/inst_blk_mem_gen/gnbram.gnativebmg.native_blk_mem_gen/valid.cstr/ramloop[1].ram.r/prim_init.ram/DEVICE_7SERIES.NO_BMM_INFO.SP.SIMPLE_PRIM36.ram/ADDRARDADDR[11] (net: u_h_top/sine_a/U0/inst_blk_mem_gen/gnbram.gnativebmg.native_blk_mem_gen/valid.cstr/ramloop[1].ram.r/prim_init.ram/addra[8]) which is driven by a register (u_h_top/u_dac_dds/inst/phase_acc_a_reg[28]) that has an active asychronous set or reset. This may cause corruption of the memory contents and/or read values when the set/reset is asserted and is not analyzed by the default static timing analysis. It is suggested to eliminate the use of a set/reset to registers driving this RAMB pin or else use a synchronous reset in which the assertion of the reset is timed by default.
WARNING: [DRC REQP-1839] RAMB36 async control check: The RAMB36E1 u_h_top/sine_a/U0/inst_blk_mem_gen/gnbram.gnativebmg.native_blk_mem_gen/valid.cstr/ramloop[1].ram.r/prim_init.ram/DEVICE_7SERIES.NO_BMM_INFO.SP.SIMPLE_PRIM36.ram has an input control pin u_h_top/sine_a/U0/inst_blk_mem_gen/gnbram.gnativebmg.native_blk_mem_gen/valid.cstr/ramloop[1].ram.r/prim_init.ram/DEVICE_7SERIES.NO_BMM_INFO.SP.SIMPLE_PRIM36.ram/ADDRARDADDR[12] (net: u_h_top/sine_a/U0/inst_blk_mem_gen/gnbram.gnativebmg.native_blk_mem_gen/valid.cstr/ramloop[1].ram.r/prim_init.ram/addra[9]) which is driven by a register (u_h_top/u_dac_dds/inst/phase_acc_a_reg[29]) that has an active asychronous set or reset. This may cause corruption of the memory contents and/or read values when the set/reset is asserted and is not analyzed by the default static timing analysis. It is suggested to eliminate the use of a set/reset to registers driving this RAMB pin or else use a synchronous reset in which the assertion of the reset is timed by default.
WARNING: [DRC REQP-1839] RAMB36 async control check: The RAMB36E1 u_h_top/sine_a/U0/inst_blk_mem_gen/gnbram.gnativebmg.native_blk_mem_gen/valid.cstr/ramloop[1].ram.r/prim_init.ram/DEVICE_7SERIES.NO_BMM_INFO.SP.SIMPLE_PRIM36.ram has an input control pin u_h_top/sine_a/U0/inst_blk_mem_gen/gnbram.gnativebmg.native_blk_mem_gen/valid.cstr/ramloop[1].ram.r/prim_init.ram/DEVICE_7SERIES.NO_BMM_INFO.SP.SIMPLE_PRIM36.ram/ADDRARDADDR[13] (net: u_h_top/sine_a/U0/inst_blk_mem_gen/gnbram.gnativebmg.native_blk_mem_gen/valid.cstr/ramloop[1].ram.r/prim_init.ram/addra[10]) which is driven by a register (u_h_top/u_dac_dds/inst/phase_acc_a_reg[30]) that has an active asychronous set or reset. This may cause corruption of the memory contents and/or read values when the set/reset is asserted and is not analyzed by the default static timing analysis. It is suggested to eliminate the use of a set/reset to registers driving this RAMB pin or else use a synchronous reset in which the assertion of the reset is timed by default.
WARNING: [DRC REQP-1839] RAMB36 async control check: The RAMB36E1 u_h_top/sine_a/U0/inst_blk_mem_gen/gnbram.gnativebmg.native_blk_mem_gen/valid.cstr/ramloop[1].ram.r/prim_init.ram/DEVICE_7SERIES.NO_BMM_INFO.SP.SIMPLE_PRIM36.ram has an input control pin u_h_top/sine_a/U0/inst_blk_mem_gen/gnbram.gnativebmg.native_blk_mem_gen/valid.cstr/ramloop[1].ram.r/prim_init.ram/DEVICE_7SERIES.NO_BMM_INFO.SP.SIMPLE_PRIM36.ram/ADDRARDADDR[14] (net: u_h_top/sine_a/U0/inst_blk_mem_gen/gnbram.gnativebmg.native_blk_mem_gen/valid.cstr/ramloop[1].ram.r/prim_init.ram/addra[11]) which is driven by a register (u_h_top/u_dac_dds/inst/phase_acc_a_reg[31]) that has an active asychronous set or reset. This may cause corruption of the memory contents and/or read values when the set/reset is asserted and is not analyzed by the default static timing analysis. It is suggested to eliminate the use of a set/reset to registers driving this RAMB pin or else use a synchronous reset in which the assertion of the reset is timed by default.
WARNING: [DRC REQP-1839] RAMB36 async control check: The RAMB36E1 u_h_top/sine_a/U0/inst_blk_mem_gen/gnbram.gnativebmg.native_blk_mem_gen/valid.cstr/ramloop[1].ram.r/prim_init.ram/DEVICE_7SERIES.NO_BMM_INFO.SP.SIMPLE_PRIM36.ram has an input control pin u_h_top/sine_a/U0/inst_blk_mem_gen/gnbram.gnativebmg.native_blk_mem_gen/valid.cstr/ramloop[1].ram.r/prim_init.ram/DEVICE_7SERIES.NO_BMM_INFO.SP.SIMPLE_PRIM36.ram/ADDRARDADDR[7] (net: u_h_top/sine_a/U0/inst_blk_mem_gen/gnbram.gnativebmg.native_blk_mem_gen/valid.cstr/ramloop[1].ram.r/prim_init.ram/addra[4]) which is driven by a register (u_h_top/u_dac_dds/inst/phase_acc_a_reg[24]) that has an active asychronous set or reset. This may cause corruption of the memory contents and/or read values when the set/reset is asserted and is not analyzed by the default static timing analysis. It is suggested to eliminate the use of a set/reset to registers driving this RAMB pin or else use a synchronous reset in which the assertion of the reset is timed by default.
WARNING: [DRC REQP-1839] RAMB36 async control check: The RAMB36E1 u_h_top/sine_a/U0/inst_blk_mem_gen/gnbram.gnativebmg.native_blk_mem_gen/valid.cstr/ramloop[1].ram.r/prim_init.ram/DEVICE_7SERIES.NO_BMM_INFO.SP.SIMPLE_PRIM36.ram has an input control pin u_h_top/sine_a/U0/inst_blk_mem_gen/gnbram.gnativebmg.native_blk_mem_gen/valid.cstr/ramloop[1].ram.r/prim_init.ram/DEVICE_7SERIES.NO_BMM_INFO.SP.SIMPLE_PRIM36.ram/ADDRARDADDR[8] (net: u_h_top/sine_a/U0/inst_blk_mem_gen/gnbram.gnativebmg.native_blk_mem_gen/valid.cstr/ramloop[1].ram.r/prim_init.ram/addra[5]) which is driven by a register (u_h_top/u_dac_dds/inst/phase_acc_a_reg[25]) that has an active asychronous set or reset. This may cause corruption of the memory contents and/or read values when the set/reset is asserted and is not analyzed by the default static timing analysis. It is suggested to eliminate the use of a set/reset to registers driving this RAMB pin or else use a synchronous reset in which the assertion of the reset is timed by default.
WARNING: [DRC REQP-1839] RAMB36 async control check: The RAMB36E1 u_h_top/sine_a/U0/inst_blk_mem_gen/gnbram.gnativebmg.native_blk_mem_gen/valid.cstr/ramloop[1].ram.r/prim_init.ram/DEVICE_7SERIES.NO_BMM_INFO.SP.SIMPLE_PRIM36.ram has an input control pin u_h_top/sine_a/U0/inst_blk_mem_gen/gnbram.gnativebmg.native_blk_mem_gen/valid.cstr/ramloop[1].ram.r/prim_init.ram/DEVICE_7SERIES.NO_BMM_INFO.SP.SIMPLE_PRIM36.ram/ADDRARDADDR[9] (net: u_h_top/sine_a/U0/inst_blk_mem_gen/gnbram.gnativebmg.native_blk_mem_gen/valid.cstr/ramloop[1].ram.r/prim_init.ram/addra[6]) which is driven by a register (u_h_top/u_dac_dds/inst/phase_acc_a_reg[26]) that has an active asychronous set or reset. This may cause corruption of the memory contents and/or read values when the set/reset is asserted and is not analyzed by the default static timing analysis. It is suggested to eliminate the use of a set/reset to registers driving this RAMB pin or else use a synchronous reset in which the assertion of the reset is timed by default.
INFO: [Vivado_Tcl 4-198] DRC finished with 0 Errors, 21 Warnings
INFO: [Vivado_Tcl 4-199] Please refer to the DRC report (report_drc) for more information.

Starting Placer Task
INFO: [Place 30-611] Multithreading enabled for place_design using a maximum of 24 CPUs

Phase 1 Placer Initialization

Phase 1.1 Placer Initialization Netlist Sorting
Netlist sorting complete. Time (s): cpu = 00:00:00 ; elapsed = 00:00:00.006 . Memory (MB): peak = 2267.012 ; gain = 0.000
Phase 1.1 Placer Initialization Netlist Sorting | Checksum: 15d693aea

Time (s): cpu = 00:00:00 ; elapsed = 00:00:00.019 . Memory (MB): peak = 2267.012 ; gain = 0.000
Netlist sorting complete. Time (s): cpu = 00:00:00 ; elapsed = 00:00:00.007 . Memory (MB): peak = 2267.012 ; gain = 0.000

Phase 1.2 IO Placement/ Clock Placement/ Build Placer Device
Phase 1.2 IO Placement/ Clock Placement/ Build Placer Device | Checksum: ed939160

Time (s): cpu = 00:00:02 ; elapsed = 00:00:01 . Memory (MB): peak = 2267.012 ; gain = 0.000

Phase 1.3 Build Placer Netlist Model
Phase 1.3 Build Placer Netlist Model | Checksum: edcde3a6

Time (s): cpu = 00:00:03 ; elapsed = 00:00:03 . Memory (MB): peak = 2267.012 ; gain = 0.000

Phase 1.4 Constrain Clocks/Macros
Phase 1.4 Constrain Clocks/Macros | Checksum: edcde3a6

Time (s): cpu = 00:00:03 ; elapsed = 00:00:03 . Memory (MB): peak = 2267.012 ; gain = 0.000
Phase 1 Placer Initialization | Checksum: edcde3a6

Time (s): cpu = 00:00:03 ; elapsed = 00:00:03 . Memory (MB): peak = 2267.012 ; gain = 0.000

Phase 2 Global Placement

Phase 2.1 Floorplanning
Phase 2.1 Floorplanning | Checksum: b004683a

Time (s): cpu = 00:00:04 ; elapsed = 00:00:04 . Memory (MB): peak = 2267.012 ; gain = 0.000

Phase 2.2 Update Timing before SLR Path Opt
Phase 2.2 Update Timing before SLR Path Opt | Checksum: a5ea3ab3

Time (s): cpu = 00:00:04 ; elapsed = 00:00:05 . Memory (MB): peak = 2267.012 ; gain = 0.000

Phase 2.3 Global Placement Core

Phase 2.3.1 Physical Synthesis In Placer
INFO: [Physopt 32-1035] Found 0 LUTNM shape to break, 355 LUT instances to create LUTNM shape
INFO: [Physopt 32-1044] Break lutnm for timing: one critical 0, two critical 0, total 0, new lutff created 0
INFO: [Physopt 32-775] End 1 Pass. Optimized 121 nets or cells. Created 0 new cell, deleted 121 existing cells and moved 0 existing cell
INFO: [Physopt 32-65] No nets found for high-fanout optimization.
INFO: [Physopt 32-232] Optimized 0 net. Created 0 new instance.
INFO: [Physopt 32-775] End 1 Pass. Optimized 0 net or cell. Created 0 new cell, deleted 0 existing cell and moved 0 existing cell
INFO: [Physopt 32-456] No candidate cells for DSP register optimization found in the design.
INFO: [Physopt 32-775] End 2 Pass. Optimized 0 net or cell. Created 0 new cell, deleted 0 existing cell and moved 0 existing cell
INFO: [Physopt 32-1123] No candidate cells found for Shift Register to Pipeline optimization
INFO: [Physopt 32-775] End 1 Pass. Optimized 0 net or cell. Created 0 new cell, deleted 0 existing cell and moved 0 existing cell
INFO: [Physopt 32-677] No candidate cells for Shift Register optimization found in the design
INFO: [Physopt 32-775] End 1 Pass. Optimized 0 net or cell. Created 0 new cell, deleted 0 existing cell and moved 0 existing cell
INFO: [Physopt 32-526] No candidate cells for BRAM register optimization found in the design
INFO: [Physopt 32-775] End 1 Pass. Optimized 0 net or cell. Created 0 new cell, deleted 0 existing cell and moved 0 existing cell
INFO: [Physopt 32-846] No candidate cells for URAM register optimization found in the design
INFO: [Physopt 32-775] End 2 Pass. Optimized 0 net or cell. Created 0 new cell, deleted 0 existing cell and moved 0 existing cell
INFO: [Physopt 32-949] No candidate nets found for dynamic/static region interface net replication
INFO: [Physopt 32-775] End 1 Pass. Optimized 0 net or cell. Created 0 new cell, deleted 0 existing cell and moved 0 existing cell
Netlist sorting complete. Time (s): cpu = 00:00:00 ; elapsed = 00:00:00.006 . Memory (MB): peak = 2267.012 ; gain = 0.000

Summary of Physical Synthesis Optimizations
============================================


-----------------------------------------------------------------------------------------------------------------------------------------------------------
|  Optimization                                     |  Added Cells  |  Removed Cells  |  Optimized Cells/Nets  |  Dont Touch  |  Iterations  |  Elapsed   |
-----------------------------------------------------------------------------------------------------------------------------------------------------------
|  LUT Combining                                    |            0  |            121  |                   121  |           0  |           1  |  00:00:00  |
|  Very High Fanout                                 |            0  |              0  |                     0  |           0  |           1  |  00:00:00  |
|  DSP Register                                     |            0  |              0  |                     0  |           0  |           1  |  00:00:00  |
|  Shift Register to Pipeline                       |            0  |              0  |                     0  |           0  |           1  |  00:00:00  |
|  Shift Register                                   |            0  |              0  |                     0  |           0  |           1  |  00:00:00  |
|  BRAM Register                                    |            0  |              0  |                     0  |           0  |           1  |  00:00:00  |
|  URAM Register                                    |            0  |              0  |                     0  |           0  |           1  |  00:00:00  |
|  Dynamic/Static Region Interface Net Replication  |            0  |              0  |                     0  |           0  |           1  |  00:00:00  |
|  Total                                            |            0  |            121  |                   121  |           0  |           8  |  00:00:00  |
-----------------------------------------------------------------------------------------------------------------------------------------------------------


Phase 2.3.1 Physical Synthesis In Placer | Checksum: 1db421ac2

Time (s): cpu = 00:00:10 ; elapsed = 00:00:17 . Memory (MB): peak = 2267.012 ; gain = 0.000
Phase 2.3 Global Placement Core | Checksum: 244258836

Time (s): cpu = 00:00:11 ; elapsed = 00:00:18 . Memory (MB): peak = 2267.012 ; gain = 0.000
Phase 2 Global Placement | Checksum: 244258836

Time (s): cpu = 00:00:11 ; elapsed = 00:00:18 . Memory (MB): peak = 2267.012 ; gain = 0.000

Phase 3 Detail Placement

Phase 3.1 Commit Multi Column Macros
Phase 3.1 Commit Multi Column Macros | Checksum: 21bfe4606

Time (s): cpu = 00:00:11 ; elapsed = 00:00:18 . Memory (MB): peak = 2267.012 ; gain = 0.000

Phase 3.2 Commit Most Macros & LUTRAMs
Phase 3.2 Commit Most Macros & LUTRAMs | Checksum: b65a7280

Time (s): cpu = 00:00:11 ; elapsed = 00:00:19 . Memory (MB): peak = 2267.012 ; gain = 0.000

Phase 3.3 Area Swap Optimization
Phase 3.3 Area Swap Optimization | Checksum: 104b6de3d

Time (s): cpu = 00:00:12 ; elapsed = 00:00:19 . Memory (MB): peak = 2267.012 ; gain = 0.000

Phase 3.4 Pipeline Register Optimization
Phase 3.4 Pipeline Register Optimization | Checksum: 1087a76b6

Time (s): cpu = 00:00:12 ; elapsed = 00:00:19 . Memory (MB): peak = 2267.012 ; gain = 0.000

Phase 3.5 Fast Optimization
Phase 3.5 Fast Optimization | Checksum: 1708c64d4

Time (s): cpu = 00:00:12 ; elapsed = 00:00:21 . Memory (MB): peak = 2267.012 ; gain = 0.000

Phase 3.6 Small Shape Detail Placement
Phase 3.6 Small Shape Detail Placement | Checksum: 10c333fe2

Time (s): cpu = 00:00:13 ; elapsed = 00:00:23 . Memory (MB): peak = 2267.012 ; gain = 0.000

Phase 3.7 Re-assign LUT pins
Phase 3.7 Re-assign LUT pins | Checksum: f23b24bd

Time (s): cpu = 00:00:13 ; elapsed = 00:00:23 . Memory (MB): peak = 2267.012 ; gain = 0.000

Phase 3.8 Pipeline Register Optimization
Phase 3.8 Pipeline Register Optimization | Checksum: 19ddc09d9

Time (s): cpu = 00:00:13 ; elapsed = 00:00:23 . Memory (MB): peak = 2267.012 ; gain = 0.000

Phase 3.9 Fast Optimization
Phase 3.9 Fast Optimization | Checksum: 12417bb30

Time (s): cpu = 00:00:13 ; elapsed = 00:00:25 . Memory (MB): peak = 2267.012 ; gain = 0.000
Phase 3 Detail Placement | Checksum: 12417bb30

Time (s): cpu = 00:00:14 ; elapsed = 00:00:25 . Memory (MB): peak = 2267.012 ; gain = 0.000

Phase 4 Post Placement Optimization and Clean-Up

Phase 4.1 Post Commit Optimization
INFO: [Timing 38-35] Done setting XDC timing constraints.

Phase 4.1.1 Post Placement Optimization
Post Placement Optimization Initialization | Checksum: e766ad1e

Phase 4.1.1.1 BUFG Insertion

Starting Physical Synthesis Task

Phase 1 Physical Synthesis Initialization
INFO: [Physopt 32-721] Multithreading enabled for phys_opt_design using a maximum of 24 CPUs
INFO: [Physopt 32-619] Estimated Timing Summary | WNS=0.225 | TNS=0.000 |
Phase 1 Physical Synthesis Initialization | Checksum: 18d796ad1

Time (s): cpu = 00:00:01 ; elapsed = 00:00:00.178 . Memory (MB): peak = 2267.012 ; gain = 0.000
INFO: [Place 46-56] BUFG insertion identified 0 candidate nets. Inserted BUFG: 0, Replicated BUFG Driver: 0, Skipped due to Placement/Routing Conflicts: 0, Skipped due to Timing Degradation: 0, Skipped due to Illegal Netlist: 0.
Ending Physical Synthesis Task | Checksum: 187062be1

Time (s): cpu = 00:00:01 ; elapsed = 00:00:00.204 . Memory (MB): peak = 2267.012 ; gain = 0.000
Phase 4.1.1.1 BUFG Insertion | Checksum: e766ad1e

Time (s): cpu = 00:00:15 ; elapsed = 00:00:27 . Memory (MB): peak = 2267.012 ; gain = 0.000
INFO: [Place 30-746] Post Placement Timing Summary WNS=0.272. For the most accurate timing information please run report_timing.

Time (s): cpu = 00:00:17 ; elapsed = 00:00:35 . Memory (MB): peak = 2267.012 ; gain = 0.000
Phase 4.1 Post Commit Optimization | Checksum: 238985737

Time (s): cpu = 00:00:17 ; elapsed = 00:00:35 . Memory (MB): peak = 2267.012 ; gain = 0.000

Phase 4.2 Post Placement Cleanup
Phase 4.2 Post Placement Cleanup | Checksum: 238985737

Time (s): cpu = 00:00:17 ; elapsed = 00:00:35 . Memory (MB): peak = 2267.012 ; gain = 0.000

Phase 4.3 Placer Reporting

Phase 4.3.1 Print Estimated Congestion
INFO: [Place 30-612] Post-Placement Estimated Congestion 
 ____________________________________________________
|           | Global Congestion | Short Congestion  |
| Direction | Region Size       | Region Size       |
|___________|___________________|___________________|
|      North|                1x1|                2x2|
|___________|___________________|___________________|
|      South|                1x1|                1x1|
|___________|___________________|___________________|
|       East|                1x1|                1x1|
|___________|___________________|___________________|
|       West|                1x1|                1x1|
|___________|___________________|___________________|

Phase 4.3.1 Print Estimated Congestion | Checksum: 238985737

Time (s): cpu = 00:00:17 ; elapsed = 00:00:35 . Memory (MB): peak = 2267.012 ; gain = 0.000
Phase 4.3 Placer Reporting | Checksum: 238985737

Time (s): cpu = 00:00:17 ; elapsed = 00:00:35 . Memory (MB): peak = 2267.012 ; gain = 0.000

Phase 4.4 Final Placement Cleanup
Netlist sorting complete. Time (s): cpu = 00:00:00 ; elapsed = 00:00:00.005 . Memory (MB): peak = 2267.012 ; gain = 0.000

Time (s): cpu = 00:00:17 ; elapsed = 00:00:36 . Memory (MB): peak = 2267.012 ; gain = 0.000
Phase 4 Post Placement Optimization and Clean-Up | Checksum: 245c2138b

Time (s): cpu = 00:00:17 ; elapsed = 00:00:36 . Memory (MB): peak = 2267.012 ; gain = 0.000
Ending Placer Task | Checksum: 15aa1dd4e

Time (s): cpu = 00:00:17 ; elapsed = 00:00:36 . Memory (MB): peak = 2267.012 ; gain = 0.000
INFO: [Common 17-83] Releasing license: Implementation
103 Infos, 266 Warnings, 112 Critical Warnings and 0 Errors encountered.
place_design completed successfully
place_design: Time (s): cpu = 00:00:18 ; elapsed = 00:00:36 . Memory (MB): peak = 2267.012 ; gain = 0.000
INFO: [Common 17-600] The following parameters have non-default value.
general.maxThreads
INFO: [Timing 38-480] Writing timing data to binary archive.
Writing placer database...
Writing XDEF routing.
Writing XDEF routing logical nets.
Writing XDEF routing special nets.
Write XDEF Complete: Time (s): cpu = 00:00:00 ; elapsed = 00:00:00.676 . Memory (MB): peak = 2267.012 ; gain = 0.000
INFO: [Common 17-1381] The checkpoint 'E:/7020_Project/25G/25G_PL/25G_PL.runs/impl_1/top_placed.dcp' has been generated.
INFO: [runtcl-4] Executing : report_io -file top_io_placed.rpt
report_io: Time (s): cpu = 00:00:00 ; elapsed = 00:00:00.047 . Memory (MB): peak = 2267.012 ; gain = 0.000
INFO: [runtcl-4] Executing : report_utilization -file top_utilization_placed.rpt -pb top_utilization_placed.pb
INFO: [runtcl-4] Executing : report_control_sets -verbose -file top_control_sets_placed.rpt
report_control_sets: Time (s): cpu = 00:00:00 ; elapsed = 00:00:00.031 . Memory (MB): peak = 2267.012 ; gain = 0.000
Command: phys_opt_design
Attempting to get a license for feature 'Implementation' and/or device 'xc7z020'
INFO: [Common 17-349] Got license for feature 'Implementation' and/or device 'xc7z020'
INFO: [Vivado_Tcl 4-383] Design worst setup slack (WNS) is greater than or equal to 0.000 ns. Skipping all physical synthesis optimizations.
INFO: [Vivado_Tcl 4-232] No setup violation found. The netlist was not modified.
INFO: [Common 17-83] Releasing license: Implementation
113 Infos, 266 Warnings, 112 Critical Warnings and 0 Errors encountered.
phys_opt_design completed successfully
INFO: [Common 17-600] The following parameters have non-default value.
general.maxThreads
INFO: [Timing 38-480] Writing timing data to binary archive.
Writing placer database...
Writing XDEF routing.
Writing XDEF routing logical nets.
Writing XDEF routing special nets.
Write XDEF Complete: Time (s): cpu = 00:00:00 ; elapsed = 00:00:00.762 . Memory (MB): peak = 2267.012 ; gain = 0.000
INFO: [Common 17-1381] The checkpoint 'E:/7020_Project/25G/25G_PL/25G_PL.runs/impl_1/top_physopt.dcp' has been generated.
Command: route_design
Attempting to get a license for feature 'Implementation' and/or device 'xc7z020'
INFO: [Common 17-349] Got license for feature 'Implementation' and/or device 'xc7z020'
Running DRC as a precondition to command route_design
INFO: [DRC 23-27] Running DRC with 24 threads
INFO: [Vivado_Tcl 4-198] DRC finished with 0 Errors
INFO: [Vivado_Tcl 4-199] Please refer to the DRC report (report_drc) for more information.


Starting Routing Task
INFO: [Route 35-254] Multithreading enabled for route_design using a maximum of 8 CPUs
Checksum: PlaceDB: a45e08de ConstDB: 0 ShapeSum: b643d470 RouteDB: 0

Phase 1 Build RT Design
Phase 1 Build RT Design | Checksum: 129c6c2e0

Time (s): cpu = 00:00:03 ; elapsed = 00:00:14 . Memory (MB): peak = 2267.012 ; gain = 0.000
Post Restoration Checksum: NetGraph: f3a03d8b NumContArr: 36268555 Constraints: 0 Timing: 0

Phase 2 Router Initialization

Phase 2.1 Create Timer
Phase 2.1 Create Timer | Checksum: 129c6c2e0

Time (s): cpu = 00:00:03 ; elapsed = 00:00:14 . Memory (MB): peak = 2267.012 ; gain = 0.000

Phase 2.2 Fix Topology Constraints
Phase 2.2 Fix Topology Constraints | Checksum: 129c6c2e0

Time (s): cpu = 00:00:03 ; elapsed = 00:00:14 . Memory (MB): peak = 2267.012 ; gain = 0.000

Phase 2.3 Pre Route Cleanup
Phase 2.3 Pre Route Cleanup | Checksum: 129c6c2e0

Time (s): cpu = 00:00:03 ; elapsed = 00:00:14 . Memory (MB): peak = 2267.012 ; gain = 0.000
 Number of Nodes with overlaps = 0

Phase 2.4 Update Timing
Phase 2.4 Update Timing | Checksum: 1af153550

Time (s): cpu = 00:00:04 ; elapsed = 00:00:16 . Memory (MB): peak = 2267.012 ; gain = 0.000
INFO: [Route 35-416] Intermediate Timing Summary | WNS=0.255  | TNS=0.000  | WHS=-0.326 | THS=-430.157|


Phase 2.5 Update Timing for Bus Skew

Phase 2.5.1 Update Timing
Phase 2.5.1 Update Timing | Checksum: 1a0ec2edc

Time (s): cpu = 00:00:05 ; elapsed = 00:00:17 . Memory (MB): peak = 2267.012 ; gain = 0.000
INFO: [Route 35-416] Intermediate Timing Summary | WNS=0.255  | TNS=0.000  | WHS=N/A    | THS=N/A    |

Phase 2.5 Update Timing for Bus Skew | Checksum: 1e1ecfe5b

Time (s): cpu = 00:00:05 ; elapsed = 00:00:17 . Memory (MB): peak = 2267.012 ; gain = 0.000
Phase 2 Router Initialization | Checksum: 1cf40de6c

Time (s): cpu = 00:00:05 ; elapsed = 00:00:17 . Memory (MB): peak = 2267.012 ; gain = 0.000

Router Utilization Summary
  Global Vertical Routing Utilization    = 0 %
  Global Horizontal Routing Utilization  = 0 %
  Routable Net Status*
  *Does not include unroutable nets such as driverless and loadless.
  Run report_route_status for detailed report.
  Number of Failed Nets               = 10676
    (Failed Nets is the sum of unrouted and partially routed nets)
  Number of Unrouted Nets             = 10676
  Number of Partially Routed Nets     = 0
  Number of Node Overlaps             = 0


Phase 3 Initial Routing

Phase 3.1 Global Routing
Phase 3.1 Global Routing | Checksum: 1cf40de6c

Time (s): cpu = 00:00:05 ; elapsed = 00:00:17 . Memory (MB): peak = 2267.012 ; gain = 0.000
Phase 3 Initial Routing | Checksum: 10d96dae5

Time (s): cpu = 00:00:06 ; elapsed = 00:00:18 . Memory (MB): peak = 2267.012 ; gain = 0.000

Phase 4 Rip-up And Reroute

Phase 4.1 Global Iteration 0
 Number of Nodes with overlaps = 555
 Number of Nodes with overlaps = 32
 Number of Nodes with overlaps = 10
 Number of Nodes with overlaps = 2
 Number of Nodes with overlaps = 0
INFO: [Route 35-416] Intermediate Timing Summary | WNS=0.167  | TNS=0.000  | WHS=N/A    | THS=N/A    |

Phase 4.1 Global Iteration 0 | Checksum: 1948ed0dc

Time (s): cpu = 00:00:07 ; elapsed = 00:00:21 . Memory (MB): peak = 2267.012 ; gain = 0.000
Phase 4 Rip-up And Reroute | Checksum: 1948ed0dc

Time (s): cpu = 00:00:07 ; elapsed = 00:00:21 . Memory (MB): peak = 2267.012 ; gain = 0.000

Phase 5 Delay and Skew Optimization

Phase 5.1 Delay CleanUp

Phase 5.1.1 Update Timing
Phase 5.1.1 Update Timing | Checksum: 203391e62

Time (s): cpu = 00:00:07 ; elapsed = 00:00:22 . Memory (MB): peak = 2267.012 ; gain = 0.000
INFO: [Route 35-416] Intermediate Timing Summary | WNS=0.302  | TNS=0.000  | WHS=N/A    | THS=N/A    |

Phase 5.1 Delay CleanUp | Checksum: 13c73e217

Time (s): cpu = 00:00:07 ; elapsed = 00:00:22 . Memory (MB): peak = 2267.012 ; gain = 0.000

Phase 5.2 Clock Skew Optimization
Phase 5.2 Clock Skew Optimization | Checksum: 13c73e217

Time (s): cpu = 00:00:07 ; elapsed = 00:00:22 . Memory (MB): peak = 2267.012 ; gain = 0.000
Phase 5 Delay and Skew Optimization | Checksum: 13c73e217

Time (s): cpu = 00:00:07 ; elapsed = 00:00:22 . Memory (MB): peak = 2267.012 ; gain = 0.000

Phase 6 Post Hold Fix

Phase 6.1 Hold Fix Iter

Phase 6.1.1 Update Timing
Phase 6.1.1 Update Timing | Checksum: 144c43bce

Time (s): cpu = 00:00:07 ; elapsed = 00:00:22 . Memory (MB): peak = 2267.012 ; gain = 0.000
INFO: [Route 35-416] Intermediate Timing Summary | WNS=0.302  | TNS=0.000  | WHS=0.033  | THS=0.000  |

Phase 6.1 Hold Fix Iter | Checksum: 1ffe1f9cb

Time (s): cpu = 00:00:07 ; elapsed = 00:00:22 . Memory (MB): peak = 2267.012 ; gain = 0.000
Phase 6 Post Hold Fix | Checksum: 1ffe1f9cb

Time (s): cpu = 00:00:07 ; elapsed = 00:00:22 . Memory (MB): peak = 2267.012 ; gain = 0.000

Phase 7 Route finalize

Router Utilization Summary
  Global Vertical Routing Utilization    = 1.8162 %
  Global Horizontal Routing Utilization  = 2.20478 %
  Routable Net Status*
  *Does not include unroutable nets such as driverless and loadless.
  Run report_route_status for detailed report.
  Number of Failed Nets               = 0
    (Failed Nets is the sum of unrouted and partially routed nets)
  Number of Unrouted Nets             = 0
  Number of Partially Routed Nets     = 0
  Number of Node Overlaps             = 0

Phase 7 Route finalize | Checksum: 1744909e5

Time (s): cpu = 00:00:07 ; elapsed = 00:00:22 . Memory (MB): peak = 2267.012 ; gain = 0.000

Phase 8 Verifying routed nets

 Verification completed successfully
Phase 8 Verifying routed nets | Checksum: 1744909e5

Time (s): cpu = 00:00:07 ; elapsed = 00:00:22 . Memory (MB): peak = 2267.012 ; gain = 0.000

Phase 9 Depositing Routes
Phase 9 Depositing Routes | Checksum: 12feb66c9

Time (s): cpu = 00:00:07 ; elapsed = 00:00:23 . Memory (MB): peak = 2267.012 ; gain = 0.000

Phase 10 Post Router Timing
INFO: [Route 35-57] Estimated Timing Summary | WNS=0.302  | TNS=0.000  | WHS=0.033  | THS=0.000  |

INFO: [Route 35-327] The final timing numbers are based on the router estimated timing analysis. For a complete and accurate timing signoff, please run report_timing_summary.
Phase 10 Post Router Timing | Checksum: 12feb66c9

Time (s): cpu = 00:00:07 ; elapsed = 00:00:23 . Memory (MB): peak = 2267.012 ; gain = 0.000
INFO: [Route 35-16] Router Completed Successfully

Time (s): cpu = 00:00:07 ; elapsed = 00:00:23 . Memory (MB): peak = 2267.012 ; gain = 0.000

Routing Is Done.
INFO: [Common 17-83] Releasing license: Implementation
130 Infos, 266 Warnings, 112 Critical Warnings and 0 Errors encountered.
route_design completed successfully
route_design: Time (s): cpu = 00:00:08 ; elapsed = 00:00:24 . Memory (MB): peak = 2267.012 ; gain = 0.000
INFO: [Common 17-600] The following parameters have non-default value.
general.maxThreads
INFO: [Timing 38-480] Writing timing data to binary archive.
Writing placer database...
Writing XDEF routing.
Writing XDEF routing logical nets.
Writing XDEF routing special nets.
Write XDEF Complete: Time (s): cpu = 00:00:01 ; elapsed = 00:00:00.877 . Memory (MB): peak = 2267.012 ; gain = 0.000
INFO: [Common 17-1381] The checkpoint 'E:/7020_Project/25G/25G_PL/25G_PL.runs/impl_1/top_routed.dcp' has been generated.
INFO: [runtcl-4] Executing : report_drc -file top_drc_routed.rpt -pb top_drc_routed.pb -rpx top_drc_routed.rpx
Command: report_drc -file top_drc_routed.rpt -pb top_drc_routed.pb -rpx top_drc_routed.rpx
INFO: [IP_Flow 19-1839] IP Catalog is up to date.
INFO: [DRC 23-27] Running DRC with 24 threads
INFO: [Coretcl 2-168] The results of DRC are in file E:/7020_Project/25G/25G_PL/25G_PL.runs/impl_1/top_drc_routed.rpt.
report_drc completed successfully
INFO: [runtcl-4] Executing : report_methodology -file top_methodology_drc_routed.rpt -pb top_methodology_drc_routed.pb -rpx top_methodology_drc_routed.rpx
Command: report_methodology -file top_methodology_drc_routed.rpt -pb top_methodology_drc_routed.pb -rpx top_methodology_drc_routed.rpx
INFO: [Timing 38-35] Done setting XDC timing constraints.
INFO: [DRC 23-133] Running Methodology with 24 threads
INFO: [Coretcl 2-1520] The results of Report Methodology are in file E:/7020_Project/25G/25G_PL/25G_PL.runs/impl_1/top_methodology_drc_routed.rpt.
report_methodology completed successfully
INFO: [runtcl-4] Executing : report_power -file top_power_routed.rpt -pb top_power_summary_routed.pb -rpx top_power_routed.rpx
Command: report_power -file top_power_routed.rpt -pb top_power_summary_routed.pb -rpx top_power_routed.rpx
INFO: [Timing 38-35] Done setting XDC timing constraints.
Running Vector-less Activity Propagation...

Finished Running Vector-less Activity Propagation
WARNING: [Power 33-332] Found switching activity that implies high-fanout reset nets being asserted for excessive periods of time which may result in inaccurate power analysis.
Resolution: To review and fix problems, please run Power Constraints Advisor in the GUI from Tools > Power Constraints Advisor or run report_power with the -advisory option to generate a text report.
143 Infos, 267 Warnings, 112 Critical Warnings and 0 Errors encountered.
report_power completed successfully
INFO: [runtcl-4] Executing : report_route_status -file top_route_status.rpt -pb top_route_status.pb
INFO: [runtcl-4] Executing : report_timing_summary -max_paths 10 -file top_timing_summary_routed.rpt -pb top_timing_summary_routed.pb -rpx top_timing_summary_routed.rpx -warn_on_violation 
INFO: [Timing 38-91] UpdateTimingParams: Speed grade: -2, Delay Type: min_max.
INFO: [Timing 38-191] Multithreading enabled for timing update using a maximum of 24 CPUs
WARNING: [Timing 38-436] There are set_bus_skew constraint(s) in this design. Please run report_bus_skew to ensure that bus skew requirements are met.
INFO: [runtcl-4] Executing : report_incremental_reuse -file top_incremental_reuse_routed.rpt
INFO: [Vivado_Tcl 4-1062] Incremental flow is disabled. No incremental reuse Info to report.
INFO: [runtcl-4] Executing : report_clock_utilization -file top_clock_utilization_routed.rpt
INFO: [runtcl-4] Executing : report_bus_skew -warn_on_violation -file top_bus_skew_routed.rpt -pb top_bus_skew_routed.pb -rpx top_bus_skew_routed.rpx
INFO: [Timing 38-91] UpdateTimingParams: Speed grade: -2, Delay Type: min_max.
INFO: [Timing 38-191] Multithreading enabled for timing update using a maximum of 24 CPUs
INFO: [Memdata 28-167] Found XPM memory block u_system/system_i/smartconnect_0/inst/s00_nodes/s00_w_node/inst/inst_mi_handler/gen_normal_area.inst_fifo_node_payld/gen_xpm_memory_fifo.inst_fifo/gen_mem_rep[0].inst_xpm_memory/xpm_memory_base_inst with a P_MEMORY_PRIMITIVE property set to distributed. A value of block is required. You will not be able to use the updatemem program to update the bitstream with new data for the u_system/system_i/smartconnect_0/inst/s00_nodes/s00_w_node/inst/inst_mi_handler/gen_normal_area.inst_fifo_node_payld/gen_xpm_memory_fifo.inst_fifo/gen_mem_rep[0].inst_xpm_memory/xpm_memory_base_inst block.
INFO: [Memdata 28-167] Found XPM memory block u_system/system_i/smartconnect_0/inst/s00_nodes/s00_w_node/inst/inst_mi_handler/gen_normal_area.gen_fifo_req.inst_fifo_req/gen_xpm_memory_fifo.inst_fifo/gen_mem_rep[0].inst_xpm_memory/xpm_memory_base_inst with a P_MEMORY_PRIMITIVE property set to distributed. A value of block is required. You will not be able to use the updatemem program to update the bitstream with new data for the u_system/system_i/smartconnect_0/inst/s00_nodes/s00_w_node/inst/inst_mi_handler/gen_normal_area.gen_fifo_req.inst_fifo_req/gen_xpm_memory_fifo.inst_fifo/gen_mem_rep[0].inst_xpm_memory/xpm_memory_base_inst block.
INFO: [Memdata 28-167] Found XPM memory block u_system/system_i/smartconnect_0/inst/s00_nodes/s00_b_node/inst/inst_mi_handler/gen_normal_area.inst_fifo_node_payld/gen_xpm_memory_fifo.inst_fifo/gen_mem_rep[0].inst_xpm_memory/xpm_memory_base_inst with a P_MEMORY_PRIMITIVE property set to distributed. A value of block is required. You will not be able to use the updatemem program to update the bitstream with new data for the u_system/system_i/smartconnect_0/inst/s00_nodes/s00_b_node/inst/inst_mi_handler/gen_normal_area.inst_fifo_node_payld/gen_xpm_memory_fifo.inst_fifo/gen_mem_rep[0].inst_xpm_memory/xpm_memory_base_inst block.
INFO: [Memdata 28-167] Found XPM memory block u_system/system_i/smartconnect_0/inst/s00_nodes/s00_aw_node/inst/inst_mi_handler/gen_normal_area.inst_fifo_node_payld/gen_xpm_memory_fifo.inst_fifo/gen_mem_rep[0].inst_xpm_memory/xpm_memory_base_inst with a P_MEMORY_PRIMITIVE property set to distributed. A value of block is required. You will not be able to use the updatemem program to update the bitstream with new data for the u_system/system_i/smartconnect_0/inst/s00_nodes/s00_aw_node/inst/inst_mi_handler/gen_normal_area.inst_fifo_node_payld/gen_xpm_memory_fifo.inst_fifo/gen_mem_rep[0].inst_xpm_memory/xpm_memory_base_inst block.
INFO: [Memdata 28-167] Found XPM memory block u_system/system_i/smartconnect_0/inst/s00_nodes/s00_aw_node/inst/inst_mi_handler/gen_normal_area.gen_fifo_req.inst_fifo_req/gen_xpm_memory_fifo.inst_fifo/gen_mem_rep[0].inst_xpm_memory/xpm_memory_base_inst with a P_MEMORY_PRIMITIVE property set to distributed. A value of block is required. You will not be able to use the updatemem program to update the bitstream with new data for the u_system/system_i/smartconnect_0/inst/s00_nodes/s00_aw_node/inst/inst_mi_handler/gen_normal_area.gen_fifo_req.inst_fifo_req/gen_xpm_memory_fifo.inst_fifo/gen_mem_rep[0].inst_xpm_memory/xpm_memory_base_inst block.
INFO: [Memdata 28-167] Found XPM memory block u_system/system_i/smartconnect_0/inst/m00_nodes/m00_w_node/inst/inst_si_handler/gen_si_handler.gen_request_fifos.gen_req_fifo[0].inst_req_fifo/gen_xpm_memory_fifo.inst_fifo/gen_mem_rep[0].inst_xpm_memory/xpm_memory_base_inst with a P_MEMORY_PRIMITIVE property set to distributed. A value of block is required. You will not be able to use the updatemem program to update the bitstream with new data for the u_system/system_i/smartconnect_0/inst/m00_nodes/m00_w_node/inst/inst_si_handler/gen_si_handler.gen_request_fifos.gen_req_fifo[0].inst_req_fifo/gen_xpm_memory_fifo.inst_fifo/gen_mem_rep[0].inst_xpm_memory/xpm_memory_base_inst block.
INFO: [Memdata 28-167] Found XPM memory block u_system/system_i/smartconnect_0/inst/m00_nodes/m00_w_node/inst/inst_mi_handler/gen_normal_area.inst_fifo_node_payld/gen_xpm_memory_fifo.inst_fifo/gen_mem_rep[0].inst_xpm_memory/xpm_memory_base_inst with a P_MEMORY_PRIMITIVE property set to distributed. A value of block is required. You will not be able to use the updatemem program to update the bitstream with new data for the u_system/system_i/smartconnect_0/inst/m00_nodes/m00_w_node/inst/inst_mi_handler/gen_normal_area.inst_fifo_node_payld/gen_xpm_memory_fifo.inst_fifo/gen_mem_rep[0].inst_xpm_memory/xpm_memory_base_inst block.
INFO: [Memdata 28-167] Found XPM memory block u_system/system_i/smartconnect_0/inst/m00_nodes/m00_b_node/inst/inst_mi_handler/gen_normal_area.inst_fifo_node_payld/gen_xpm_memory_fifo.inst_fifo/gen_mem_rep[0].inst_xpm_memory/xpm_memory_base_inst with a P_MEMORY_PRIMITIVE property set to distributed. A value of block is required. You will not be able to use the updatemem program to update the bitstream with new data for the u_system/system_i/smartconnect_0/inst/m00_nodes/m00_b_node/inst/inst_mi_handler/gen_normal_area.inst_fifo_node_payld/gen_xpm_memory_fifo.inst_fifo/gen_mem_rep[0].inst_xpm_memory/xpm_memory_base_inst block.
INFO: [Memdata 28-167] Found XPM memory block u_system/system_i/smartconnect_0/inst/m00_nodes/m00_b_node/inst/inst_mi_handler/gen_normal_area.gen_fifo_req.inst_fifo_req/gen_xpm_memory_fifo.inst_fifo/gen_mem_rep[0].inst_xpm_memory/xpm_memory_base_inst with a P_MEMORY_PRIMITIVE property set to distributed. A value of block is required. You will not be able to use the updatemem program to update the bitstream with new data for the u_system/system_i/smartconnect_0/inst/m00_nodes/m00_b_node/inst/inst_mi_handler/gen_normal_area.gen_fifo_req.inst_fifo_req/gen_xpm_memory_fifo.inst_fifo/gen_mem_rep[0].inst_xpm_memory/xpm_memory_base_inst block.
INFO: [Memdata 28-167] Found XPM memory block u_system/system_i/smartconnect_0/inst/m00_nodes/m00_aw_node/inst/inst_mi_handler/gen_normal_area.inst_fifo_node_payld/gen_xpm_memory_fifo.inst_fifo/gen_mem_rep[0].inst_xpm_memory/xpm_memory_base_inst with a P_MEMORY_PRIMITIVE property set to distributed. A value of block is required. You will not be able to use the updatemem program to update the bitstream with new data for the u_system/system_i/smartconnect_0/inst/m00_nodes/m00_aw_node/inst/inst_mi_handler/gen_normal_area.inst_fifo_node_payld/gen_xpm_memory_fifo.inst_fifo/gen_mem_rep[0].inst_xpm_memory/xpm_memory_base_inst block.
INFO: [Memdata 28-208] The XPM instance: <u_system/system_i/axis_data_fifo_0/inst/gen_fifo.xpm_fifo_axis_inst/xpm_fifo_base_inst/gen_sdpram.xpm_memory_base_inst> is part of IP: <u_system/system_i/axis_data_fifo_0>. This XPM instance will be excluded from the .mmi because updatemem is prohibited from making changes to an XPM that is part of an IP.
INFO: [Memdata 28-167] Found XPM memory block u_system/system_i/axi_dma_adc/U0/I_PRMRY_DATAMOVER/GEN_S2MM_FULL.I_S2MM_FULL_WRAPPER/GEN_ENABLE_INDET_BTT_SF.I_INDET_BTT/I_XD_FIFO/NON_BLK_MEM.I_SYNC_FIFOGEN_FIFO/xpm_fifo_instance.xpm_fifo_sync_inst/xpm_fifo_base_inst/gen_sdpram.xpm_memory_base_inst with a P_MEMORY_PRIMITIVE property set to auto. A value of block is required. You will not be able to use the updatemem program to update the bitstream with new data for the u_system/system_i/axi_dma_adc/U0/I_PRMRY_DATAMOVER/GEN_S2MM_FULL.I_S2MM_FULL_WRAPPER/GEN_ENABLE_INDET_BTT_SF.I_INDET_BTT/I_XD_FIFO/NON_BLK_MEM.I_SYNC_FIFOGEN_FIFO/xpm_fifo_instance.xpm_fifo_sync_inst/xpm_fifo_base_inst/gen_sdpram.xpm_memory_base_inst block.
INFO: [Memdata 28-208] The XPM instance: <u_system/system_i/axi_dma_adc/U0/I_PRMRY_DATAMOVER/GEN_S2MM_FULL.I_S2MM_FULL_WRAPPER/GEN_ENABLE_INDET_BTT_SF.I_INDET_BTT/I_DATA_FIFO/BLK_MEM.I_SYNC_FIFOGEN_FIFO/xpm_fifo_instance.xpm_fifo_sync_inst/xpm_fifo_base_inst/gen_sdpram.xpm_memory_base_inst> is part of IP: <u_system/system_i/axi_dma_adc>. This XPM instance will be excluded from the .mmi because updatemem is prohibited from making changes to an XPM that is part of an IP.
Command: write_bitstream -force top.bit
Attempting to get a license for feature 'Implementation' and/or device 'xc7z020'
INFO: [Common 17-349] Got license for feature 'Implementation' and/or device 'xc7z020'
Running DRC as a precondition to command write_bitstream
INFO: [IP_Flow 19-1839] IP Catalog is up to date.
INFO: [DRC 23-27] Running DRC with 24 threads
WARNING: [DRC CHECK-3] Report rule limit reached: REQP-1839 rule limit reached: 20 violations have been found.
WARNING: [DRC DPIP-1] Input pipelining: DSP u_h_top/u_dac_dds/inst/dac_sample_a4 input u_h_top/u_dac_dds/inst/dac_sample_a4/A[29:0] is not pipelined. Pipelining DSP48 input will improve performance.
WARNING: [DRC DPIP-1] Input pipelining: DSP u_h_top/u_dac_dds/inst/dac_sample_a4 input u_h_top/u_dac_dds/inst/dac_sample_a4/B[17:0] is not pipelined. Pipelining DSP48 input will improve performance.
WARNING: [DRC DPIP-1] Input pipelining: DSP u_h_top/u_dac_dds/inst/dac_sample_b4 input u_h_top/u_dac_dds/inst/dac_sample_b4/A[29:0] is not pipelined. Pipelining DSP48 input will improve performance.
WARNING: [DRC DPIP-1] Input pipelining: DSP u_h_top/u_dac_dds/inst/dac_sample_b4 input u_h_top/u_dac_dds/inst/dac_sample_b4/B[17:0] is not pipelined. Pipelining DSP48 input will improve performance.
WARNING: [DRC DPIP-1] Input pipelining: DSP u_system/system_i/iq_demodulator_0/inst/i_acc0 input u_system/system_i/iq_demodulator_0/inst/i_acc0/A[29:0] is not pipelined. Pipelining DSP48 input will improve performance.
WARNING: [DRC DPIP-1] Input pipelining: DSP u_system/system_i/iq_demodulator_0/inst/i_acc0 input u_system/system_i/iq_demodulator_0/inst/i_acc0/B[17:0] is not pipelined. Pipelining DSP48 input will improve performance.
WARNING: [DRC DPIP-1] Input pipelining: DSP u_system/system_i/iq_demodulator_0/inst/i_acc0 input u_system/system_i/iq_demodulator_0/inst/i_acc0/C[47:0] is not pipelined. Pipelining DSP48 input will improve performance.
WARNING: [DRC DPIP-1] Input pipelining: DSP u_system/system_i/iq_demodulator_0/inst/q_acc0 input u_system/system_i/iq_demodulator_0/inst/q_acc0/A[29:0] is not pipelined. Pipelining DSP48 input will improve performance.
WARNING: [DRC DPIP-1] Input pipelining: DSP u_system/system_i/iq_demodulator_0/inst/q_acc0 input u_system/system_i/iq_demodulator_0/inst/q_acc0/B[17:0] is not pipelined. Pipelining DSP48 input will improve performance.
WARNING: [DRC DPIP-1] Input pipelining: DSP u_system/system_i/iq_demodulator_0/inst/q_acc0 input u_system/system_i/iq_demodulator_0/inst/q_acc0/C[47:0] is not pipelined. Pipelining DSP48 input will improve performance.
WARNING: [DRC DPOP-1] PREG Output pipelining: DSP u_h_top/u_dac_dds/inst/dac_sample_a4 output u_h_top/u_dac_dds/inst/dac_sample_a4/P[47:0] is not pipelined (PREG=0). Pipelining the DSP48 output will improve performance and often saves power so it is suggested whenever possible to fully pipeline this function.  If this DSP48 function was inferred, it is suggested to describe an additional register stage after this function.  If the DSP48 was instantiated in the design, it is suggested to set the PREG attribute to 1.
WARNING: [DRC DPOP-1] PREG Output pipelining: DSP u_h_top/u_dac_dds/inst/dac_sample_b4 output u_h_top/u_dac_dds/inst/dac_sample_b4/P[47:0] is not pipelined (PREG=0). Pipelining the DSP48 output will improve performance and often saves power so it is suggested whenever possible to fully pipeline this function.  If this DSP48 function was inferred, it is suggested to describe an additional register stage after this function.  If the DSP48 was instantiated in the design, it is suggested to set the PREG attribute to 1.
WARNING: [DRC DPOP-1] PREG Output pipelining: DSP u_system/system_i/iq_demodulator_0/inst/i_acc0 output u_system/system_i/iq_demodulator_0/inst/i_acc0/P[47:0] is not pipelined (PREG=0). Pipelining the DSP48 output will improve performance and often saves power so it is suggested whenever possible to fully pipeline this function.  If this DSP48 function was inferred, it is suggested to describe an additional register stage after this function.  If the DSP48 was instantiated in the design, it is suggested to set the PREG attribute to 1.
WARNING: [DRC DPOP-1] PREG Output pipelining: DSP u_system/system_i/iq_demodulator_0/inst/q_acc0 output u_system/system_i/iq_demodulator_0/inst/q_acc0/P[47:0] is not pipelined (PREG=0). Pipelining the DSP48 output will improve performance and often saves power so it is suggested whenever possible to fully pipeline this function.  If this DSP48 function was inferred, it is suggested to describe an additional register stage after this function.  If the DSP48 was instantiated in the design, it is suggested to set the PREG attribute to 1.
WARNING: [DRC DPOP-2] MREG Output pipelining: DSP u_h_top/u_dac_dds/inst/dac_sample_a4 multiplier stage u_h_top/u_dac_dds/inst/dac_sample_a4/P[47:0] is not pipelined (MREG=0). Pipelining the multiplier function will improve performance and will save significant power so it is suggested whenever possible to fully pipeline this function.  If this multiplier was inferred, it is suggested to describe an additional register stage after this function.  If there is no registered adder/accumulator following the multiply function, two pipeline stages are suggested to allow both the MREG and PREG registers to be used.  If the DSP48 was instantiated in the design, it is suggested to set both the MREG and PREG attributes to 1 when performing multiply functions.
WARNING: [DRC DPOP-2] MREG Output pipelining: DSP u_h_top/u_dac_dds/inst/dac_sample_b4 multiplier stage u_h_top/u_dac_dds/inst/dac_sample_b4/P[47:0] is not pipelined (MREG=0). Pipelining the multiplier function will improve performance and will save significant power so it is suggested whenever possible to fully pipeline this function.  If this multiplier was inferred, it is suggested to describe an additional register stage after this function.  If there is no registered adder/accumulator following the multiply function, two pipeline stages are suggested to allow both the MREG and PREG registers to be used.  If the DSP48 was instantiated in the design, it is suggested to set both the MREG and PREG attributes to 1 when performing multiply functions.
WARNING: [DRC DPOP-2] MREG Output pipelining: DSP u_system/system_i/iq_demodulator_0/inst/i_acc0 multiplier stage u_system/system_i/iq_demodulator_0/inst/i_acc0/P[47:0] is not pipelined (MREG=0). Pipelining the multiplier function will improve performance and will save significant power so it is suggested whenever possible to fully pipeline this function.  If this multiplier was inferred, it is suggested to describe an additional register stage after this function.  If there is no registered adder/accumulator following the multiply function, two pipeline stages are suggested to allow both the MREG and PREG registers to be used.  If the DSP48 was instantiated in the design, it is suggested to set both the MREG and PREG attributes to 1 when performing multiply functions.
WARNING: [DRC DPOP-2] MREG Output pipelining: DSP u_system/system_i/iq_demodulator_0/inst/q_acc0 multiplier stage u_system/system_i/iq_demodulator_0/inst/q_acc0/P[47:0] is not pipelined (MREG=0). Pipelining the multiplier function will improve performance and will save significant power so it is suggested whenever possible to fully pipeline this function.  If this multiplier was inferred, it is suggested to describe an additional register stage after this function.  If there is no registered adder/accumulator following the multiply function, two pipeline stages are suggested to allow both the MREG and PREG registers to be used.  If the DSP48 was instantiated in the design, it is suggested to set both the MREG and PREG attributes to 1 when performing multiply functions.
WARNING: [DRC DPOR-1] Asynchronous load check: DSP u_system/system_i/iq_demodulator_0/inst/i_acc0 output is connected to registers with an asynchronous reset (u_system/system_i/iq_demodulator_0/inst/o_i_sum_reg[0]). This is preventing the possibility of merging these registers in to the DSP Block since the DSP block registers only possess synchronous reset capability.  It is suggested to recode or change these registers to remove the reset or use a synchronous reset to get the best optimization for performance, power and area.
WARNING: [DRC DPOR-1] Asynchronous load check: DSP u_system/system_i/iq_demodulator_0/inst/i_acc0 output is connected to registers with an asynchronous reset (u_system/system_i/iq_demodulator_0/inst/o_i_sum_reg[10]). This is preventing the possibility of merging these registers in to the DSP Block since the DSP block registers only possess synchronous reset capability.  It is suggested to recode or change these registers to remove the reset or use a synchronous reset to get the best optimization for performance, power and area.
WARNING: [DRC DPOR-1] Asynchronous load check: DSP u_system/system_i/iq_demodulator_0/inst/i_acc0 output is connected to registers with an asynchronous reset (u_system/system_i/iq_demodulator_0/inst/o_i_sum_reg[11]). This is preventing the possibility of merging these registers in to the DSP Block since the DSP block registers only possess synchronous reset capability.  It is suggested to recode or change these registers to remove the reset or use a synchronous reset to get the best optimization for performance, power and area.
WARNING: [DRC DPOR-1] Asynchronous load check: DSP u_system/system_i/iq_demodulator_0/inst/i_acc0 output is connected to registers with an asynchronous reset (u_system/system_i/iq_demodulator_0/inst/o_i_sum_reg[12]). This is preventing the possibility of merging these registers in to the DSP Block since the DSP block registers only possess synchronous reset capability.  It is suggested to recode or change these registers to remove the reset or use a synchronous reset to get the best optimization for performance, power and area.
WARNING: [DRC DPOR-1] Asynchronous load check: DSP u_system/system_i/iq_demodulator_0/inst/i_acc0 output is connected to registers with an asynchronous reset (u_system/system_i/iq_demodulator_0/inst/o_i_sum_reg[13]). This is preventing the possibility of merging these registers in to the DSP Block since the DSP block registers only possess synchronous reset capability.  It is suggested to recode or change these registers to remove the reset or use a synchronous reset to get the best optimization for performance, power and area.
WARNING: [DRC DPOR-1] Asynchronous load check: DSP u_system/system_i/iq_demodulator_0/inst/i_acc0 output is connected to registers with an asynchronous reset (u_system/system_i/iq_demodulator_0/inst/o_i_sum_reg[14]). This is preventing the possibility of merging these registers in to the DSP Block since the DSP block registers only possess synchronous reset capability.  It is suggested to recode or change these registers to remove the reset or use a synchronous reset to get the best optimization for performance, power and area.
WARNING: [DRC DPOR-1] Asynchronous load check: DSP u_system/system_i/iq_demodulator_0/inst/i_acc0 output is connected to registers with an asynchronous reset (u_system/system_i/iq_demodulator_0/inst/o_i_sum_reg[15]). This is preventing the possibility of merging these registers in to the DSP Block since the DSP block registers only possess synchronous reset capability.  It is suggested to recode or change these registers to remove the reset or use a synchronous reset to get the best optimization for performance, power and area.
WARNING: [DRC DPOR-1] Asynchronous load check: DSP u_system/system_i/iq_demodulator_0/inst/i_acc0 output is connected to registers with an asynchronous reset (u_system/system_i/iq_demodulator_0/inst/o_i_sum_reg[16]). This is preventing the possibility of merging these registers in to the DSP Block since the DSP block registers only possess synchronous reset capability.  It is suggested to recode or change these registers to remove the reset or use a synchronous reset to get the best optimization for performance, power and area.
WARNING: [DRC DPOR-1] Asynchronous load check: DSP u_system/system_i/iq_demodulator_0/inst/i_acc0 output is connected to registers with an asynchronous reset (u_system/system_i/iq_demodulator_0/inst/o_i_sum_reg[17]). This is preventing the possibility of merging these registers in to the DSP Block since the DSP block registers only possess synchronous reset capability.  It is suggested to recode or change these registers to remove the reset or use a synchronous reset to get the best optimization for performance, power and area.
WARNING: [DRC DPOR-1] Asynchronous load check: DSP u_system/system_i/iq_demodulator_0/inst/i_acc0 output is connected to registers with an asynchronous reset (u_system/system_i/iq_demodulator_0/inst/o_i_sum_reg[18]). This is preventing the possibility of merging these registers in to the DSP Block since the DSP block registers only possess synchronous reset capability.  It is suggested to recode or change these registers to remove the reset or use a synchronous reset to get the best optimization for performance, power and area.
WARNING: [DRC DPOR-1] Asynchronous load check: DSP u_system/system_i/iq_demodulator_0/inst/i_acc0 output is connected to registers with an asynchronous reset (u_system/system_i/iq_demodulator_0/inst/o_i_sum_reg[19]). This is preventing the possibility of merging these registers in to the DSP Block since the DSP block registers only possess synchronous reset capability.  It is suggested to recode or change these registers to remove the reset or use a synchronous reset to get the best optimization for performance, power and area.
WARNING: [DRC DPOR-1] Asynchronous load check: DSP u_system/system_i/iq_demodulator_0/inst/i_acc0 output is connected to registers with an asynchronous reset (u_system/system_i/iq_demodulator_0/inst/o_i_sum_reg[1]). This is preventing the possibility of merging these registers in to the DSP Block since the DSP block registers only possess synchronous reset capability.  It is suggested to recode or change these registers to remove the reset or use a synchronous reset to get the best optimization for performance, power and area.
WARNING: [DRC DPOR-1] Asynchronous load check: DSP u_system/system_i/iq_demodulator_0/inst/i_acc0 output is connected to registers with an asynchronous reset (u_system/system_i/iq_demodulator_0/inst/o_i_sum_reg[20]). This is preventing the possibility of merging these registers in to the DSP Block since the DSP block registers only possess synchronous reset capability.  It is suggested to recode or change these registers to remove the reset or use a synchronous reset to get the best optimization for performance, power and area.
WARNING: [DRC DPOR-1] Asynchronous load check: DSP u_system/system_i/iq_demodulator_0/inst/i_acc0 output is connected to registers with an asynchronous reset (u_system/system_i/iq_demodulator_0/inst/o_i_sum_reg[21]). This is preventing the possibility of merging these registers in to the DSP Block since the DSP block registers only possess synchronous reset capability.  It is suggested to recode or change these registers to remove the reset or use a synchronous reset to get the best optimization for performance, power and area.
WARNING: [DRC DPOR-1] Asynchronous load check: DSP u_system/system_i/iq_demodulator_0/inst/i_acc0 output is connected to registers with an asynchronous reset (u_system/system_i/iq_demodulator_0/inst/o_i_sum_reg[22]). This is preventing the possibility of merging these registers in to the DSP Block since the DSP block registers only possess synchronous reset capability.  It is suggested to recode or change these registers to remove the reset or use a synchronous reset to get the best optimization for performance, power and area.
WARNING: [DRC DPOR-1] Asynchronous load check: DSP u_system/system_i/iq_demodulator_0/inst/i_acc0 output is connected to registers with an asynchronous reset (u_system/system_i/iq_demodulator_0/inst/o_i_sum_reg[23]). This is preventing the possibility of merging these registers in to the DSP Block since the DSP block registers only possess synchronous reset capability.  It is suggested to recode or change these registers to remove the reset or use a synchronous reset to get the best optimization for performance, power and area.
WARNING: [DRC DPOR-1] Asynchronous load check: DSP u_system/system_i/iq_demodulator_0/inst/i_acc0 output is connected to registers with an asynchronous reset (u_system/system_i/iq_demodulator_0/inst/o_i_sum_reg[24]). This is preventing the possibility of merging these registers in to the DSP Block since the DSP block registers only possess synchronous reset capability.  It is suggested to recode or change these registers to remove the reset or use a synchronous reset to get the best optimization for performance, power and area.
WARNING: [DRC DPOR-1] Asynchronous load check: DSP u_system/system_i/iq_demodulator_0/inst/i_acc0 output is connected to registers with an asynchronous reset (u_system/system_i/iq_demodulator_0/inst/o_i_sum_reg[25]). This is preventing the possibility of merging these registers in to the DSP Block since the DSP block registers only possess synchronous reset capability.  It is suggested to recode or change these registers to remove the reset or use a synchronous reset to get the best optimization for performance, power and area.
WARNING: [DRC DPOR-1] Asynchronous load check: DSP u_system/system_i/iq_demodulator_0/inst/i_acc0 output is connected to registers with an asynchronous reset (u_system/system_i/iq_demodulator_0/inst/o_i_sum_reg[26]). This is preventing the possibility of merging these registers in to the DSP Block since the DSP block registers only possess synchronous reset capability.  It is suggested to recode or change these registers to remove the reset or use a synchronous reset to get the best optimization for performance, power and area.
WARNING: [DRC DPOR-1] Asynchronous load check: DSP u_system/system_i/iq_demodulator_0/inst/i_acc0 output is connected to registers with an asynchronous reset (u_system/system_i/iq_demodulator_0/inst/o_i_sum_reg[27]). This is preventing the possibility of merging these registers in to the DSP Block since the DSP block registers only possess synchronous reset capability.  It is suggested to recode or change these registers to remove the reset or use a synchronous reset to get the best optimization for performance, power and area.
WARNING: [DRC DPOR-1] Asynchronous load check: DSP u_system/system_i/iq_demodulator_0/inst/i_acc0 output is connected to registers with an asynchronous reset (u_system/system_i/iq_demodulator_0/inst/o_i_sum_reg[28]). This is preventing the possibility of merging these registers in to the DSP Block since the DSP block registers only possess synchronous reset capability.  It is suggested to recode or change these registers to remove the reset or use a synchronous reset to get the best optimization for performance, power and area.
WARNING: [DRC DPOR-1] Asynchronous load check: DSP u_system/system_i/iq_demodulator_0/inst/i_acc0 output is connected to registers with an asynchronous reset (u_system/system_i/iq_demodulator_0/inst/o_i_sum_reg[29]). This is preventing the possibility of merging these registers in to the DSP Block since the DSP block registers only possess synchronous reset capability.  It is suggested to recode or change these registers to remove the reset or use a synchronous reset to get the best optimization for performance, power and area.
WARNING: [DRC DPOR-1] Asynchronous load check: DSP u_system/system_i/iq_demodulator_0/inst/i_acc0 output is connected to registers with an asynchronous reset (u_system/system_i/iq_demodulator_0/inst/o_i_sum_reg[2]). This is preventing the possibility of merging these registers in to the DSP Block since the DSP block registers only possess synchronous reset capability.  It is suggested to recode or change these registers to remove the reset or use a synchronous reset to get the best optimization for performance, power and area.
WARNING: [DRC DPOR-1] Asynchronous load check: DSP u_system/system_i/iq_demodulator_0/inst/i_acc0 output is connected to registers with an asynchronous reset (u_system/system_i/iq_demodulator_0/inst/o_i_sum_reg[30]). This is preventing the possibility of merging these registers in to the DSP Block since the DSP block registers only possess synchronous reset capability.  It is suggested to recode or change these registers to remove the reset or use a synchronous reset to get the best optimization for performance, power and area.
WARNING: [DRC DPOR-1] Asynchronous load check: DSP u_system/system_i/iq_demodulator_0/inst/i_acc0 output is connected to registers with an asynchronous reset (u_system/system_i/iq_demodulator_0/inst/o_i_sum_reg[31]). This is preventing the possibility of merging these registers in to the DSP Block since the DSP block registers only possess synchronous reset capability.  It is suggested to recode or change these registers to remove the reset or use a synchronous reset to get the best optimization for performance, power and area.
WARNING: [DRC DPOR-1] Asynchronous load check: DSP u_system/system_i/iq_demodulator_0/inst/i_acc0 output is connected to registers with an asynchronous reset (u_system/system_i/iq_demodulator_0/inst/o_i_sum_reg[32]). This is preventing the possibility of merging these registers in to the DSP Block since the DSP block registers only possess synchronous reset capability.  It is suggested to recode or change these registers to remove the reset or use a synchronous reset to get the best optimization for performance, power and area.
WARNING: [DRC DPOR-1] Asynchronous load check: DSP u_system/system_i/iq_demodulator_0/inst/i_acc0 output is connected to registers with an asynchronous reset (u_system/system_i/iq_demodulator_0/inst/o_i_sum_reg[33]). This is preventing the possibility of merging these registers in to the DSP Block since the DSP block registers only possess synchronous reset capability.  It is suggested to recode or change these registers to remove the reset or use a synchronous reset to get the best optimization for performance, power and area.
WARNING: [DRC DPOR-1] Asynchronous load check: DSP u_system/system_i/iq_demodulator_0/inst/i_acc0 output is connected to registers with an asynchronous reset (u_system/system_i/iq_demodulator_0/inst/o_i_sum_reg[34]). This is preventing the possibility of merging these registers in to the DSP Block since the DSP block registers only possess synchronous reset capability.  It is suggested to recode or change these registers to remove the reset or use a synchronous reset to get the best optimization for performance, power and area.
WARNING: [DRC DPOR-1] Asynchronous load check: DSP u_system/system_i/iq_demodulator_0/inst/i_acc0 output is connected to registers with an asynchronous reset (u_system/system_i/iq_demodulator_0/inst/o_i_sum_reg[35]). This is preventing the possibility of merging these registers in to the DSP Block since the DSP block registers only possess synchronous reset capability.  It is suggested to recode or change these registers to remove the reset or use a synchronous reset to get the best optimization for performance, power and area.
WARNING: [DRC DPOR-1] Asynchronous load check: DSP u_system/system_i/iq_demodulator_0/inst/i_acc0 output is connected to registers with an asynchronous reset (u_system/system_i/iq_demodulator_0/inst/o_i_sum_reg[36]). This is preventing the possibility of merging these registers in to the DSP Block since the DSP block registers only possess synchronous reset capability.  It is suggested to recode or change these registers to remove the reset or use a synchronous reset to get the best optimization for performance, power and area.
WARNING: [DRC DPOR-1] Asynchronous load check: DSP u_system/system_i/iq_demodulator_0/inst/i_acc0 output is connected to registers with an asynchronous reset (u_system/system_i/iq_demodulator_0/inst/o_i_sum_reg[37]). This is preventing the possibility of merging these registers in to the DSP Block since the DSP block registers only possess synchronous reset capability.  It is suggested to recode or change these registers to remove the reset or use a synchronous reset to get the best optimization for performance, power and area.
WARNING: [DRC DPOR-1] Asynchronous load check: DSP u_system/system_i/iq_demodulator_0/inst/i_acc0 output is connected to registers with an asynchronous reset (u_system/system_i/iq_demodulator_0/inst/o_i_sum_reg[38]). This is preventing the possibility of merging these registers in to the DSP Block since the DSP block registers only possess synchronous reset capability.  It is suggested to recode or change these registers to remove the reset or use a synchronous reset to get the best optimization for performance, power and area.
WARNING: [DRC DPOR-1] Asynchronous load check: DSP u_system/system_i/iq_demodulator_0/inst/i_acc0 output is connected to registers with an asynchronous reset (u_system/system_i/iq_demodulator_0/inst/o_i_sum_reg[39]). This is preventing the possibility of merging these registers in to the DSP Block since the DSP block registers only possess synchronous reset capability.  It is suggested to recode or change these registers to remove the reset or use a synchronous reset to get the best optimization for performance, power and area.
WARNING: [DRC DPOR-1] Asynchronous load check: DSP u_system/system_i/iq_demodulator_0/inst/i_acc0 output is connected to registers with an asynchronous reset (u_system/system_i/iq_demodulator_0/inst/o_i_sum_reg[3]). This is preventing the possibility of merging these registers in to the DSP Block since the DSP block registers only possess synchronous reset capability.  It is suggested to recode or change these registers to remove the reset or use a synchronous reset to get the best optimization for performance, power and area.
WARNING: [DRC DPOR-1] Asynchronous load check: DSP u_system/system_i/iq_demodulator_0/inst/i_acc0 output is connected to registers with an asynchronous reset (u_system/system_i/iq_demodulator_0/inst/o_i_sum_reg[40]). This is preventing the possibility of merging these registers in to the DSP Block since the DSP block registers only possess synchronous reset capability.  It is suggested to recode or change these registers to remove the reset or use a synchronous reset to get the best optimization for performance, power and area.
WARNING: [DRC DPOR-1] Asynchronous load check: DSP u_system/system_i/iq_demodulator_0/inst/i_acc0 output is connected to registers with an asynchronous reset (u_system/system_i/iq_demodulator_0/inst/o_i_sum_reg[41]). This is preventing the possibility of merging these registers in to the DSP Block since the DSP block registers only possess synchronous reset capability.  It is suggested to recode or change these registers to remove the reset or use a synchronous reset to get the best optimization for performance, power and area.
WARNING: [DRC DPOR-1] Asynchronous load check: DSP u_system/system_i/iq_demodulator_0/inst/i_acc0 output is connected to registers with an asynchronous reset (u_system/system_i/iq_demodulator_0/inst/o_i_sum_reg[42]). This is preventing the possibility of merging these registers in to the DSP Block since the DSP block registers only possess synchronous reset capability.  It is suggested to recode or change these registers to remove the reset or use a synchronous reset to get the best optimization for performance, power and area.
WARNING: [DRC DPOR-1] Asynchronous load check: DSP u_system/system_i/iq_demodulator_0/inst/i_acc0 output is connected to registers with an asynchronous reset (u_system/system_i/iq_demodulator_0/inst/o_i_sum_reg[43]). This is preventing the possibility of merging these registers in to the DSP Block since the DSP block registers only possess synchronous reset capability.  It is suggested to recode or change these registers to remove the reset or use a synchronous reset to get the best optimization for performance, power and area.
WARNING: [DRC DPOR-1] Asynchronous load check: DSP u_system/system_i/iq_demodulator_0/inst/i_acc0 output is connected to registers with an asynchronous reset (u_system/system_i/iq_demodulator_0/inst/o_i_sum_reg[44]). This is preventing the possibility of merging these registers in to the DSP Block since the DSP block registers only possess synchronous reset capability.  It is suggested to recode or change these registers to remove the reset or use a synchronous reset to get the best optimization for performance, power and area.
WARNING: [DRC DPOR-1] Asynchronous load check: DSP u_system/system_i/iq_demodulator_0/inst/i_acc0 output is connected to registers with an asynchronous reset (u_system/system_i/iq_demodulator_0/inst/o_i_sum_reg[45]). This is preventing the possibility of merging these registers in to the DSP Block since the DSP block registers only possess synchronous reset capability.  It is suggested to recode or change these registers to remove the reset or use a synchronous reset to get the best optimization for performance, power and area.
WARNING: [DRC DPOR-1] Asynchronous load check: DSP u_system/system_i/iq_demodulator_0/inst/i_acc0 output is connected to registers with an asynchronous reset (u_system/system_i/iq_demodulator_0/inst/o_i_sum_reg[46]). This is preventing the possibility of merging these registers in to the DSP Block since the DSP block registers only possess synchronous reset capability.  It is suggested to recode or change these registers to remove the reset or use a synchronous reset to get the best optimization for performance, power and area.
WARNING: [DRC DPOR-1] Asynchronous load check: DSP u_system/system_i/iq_demodulator_0/inst/i_acc0 output is connected to registers with an asynchronous reset (u_system/system_i/iq_demodulator_0/inst/o_i_sum_reg[47]). This is preventing the possibility of merging these registers in to the DSP Block since the DSP block registers only possess synchronous reset capability.  It is suggested to recode or change these registers to remove the reset or use a synchronous reset to get the best optimization for performance, power and area.
WARNING: [DRC DPOR-1] Asynchronous load check: DSP u_system/system_i/iq_demodulator_0/inst/i_acc0 output is connected to registers with an asynchronous reset (u_system/system_i/iq_demodulator_0/inst/o_i_sum_reg[4]). This is preventing the possibility of merging these registers in to the DSP Block since the DSP block registers only possess synchronous reset capability.  It is suggested to recode or change these registers to remove the reset or use a synchronous reset to get the best optimization for performance, power and area.
WARNING: [DRC DPOR-1] Asynchronous load check: DSP u_system/system_i/iq_demodulator_0/inst/i_acc0 output is connected to registers with an asynchronous reset (u_system/system_i/iq_demodulator_0/inst/o_i_sum_reg[5]). This is preventing the possibility of merging these registers in to the DSP Block since the DSP block registers only possess synchronous reset capability.  It is suggested to recode or change these registers to remove the reset or use a synchronous reset to get the best optimization for performance, power and area.
WARNING: [DRC DPOR-1] Asynchronous load check: DSP u_system/system_i/iq_demodulator_0/inst/i_acc0 output is connected to registers with an asynchronous reset (u_system/system_i/iq_demodulator_0/inst/o_i_sum_reg[6]). This is preventing the possibility of merging these registers in to the DSP Block since the DSP block registers only possess synchronous reset capability.  It is suggested to recode or change these registers to remove the reset or use a synchronous reset to get the best optimization for performance, power and area.
WARNING: [DRC DPOR-1] Asynchronous load check: DSP u_system/system_i/iq_demodulator_0/inst/i_acc0 output is connected to registers with an asynchronous reset (u_system/system_i/iq_demodulator_0/inst/o_i_sum_reg[7]). This is preventing the possibility of merging these registers in to the DSP Block since the DSP block registers only possess synchronous reset capability.  It is suggested to recode or change these registers to remove the reset or use a synchronous reset to get the best optimization for performance, power and area.
WARNING: [DRC DPOR-1] Asynchronous load check: DSP u_system/system_i/iq_demodulator_0/inst/i_acc0 output is connected to registers with an asynchronous reset (u_system/system_i/iq_demodulator_0/inst/o_i_sum_reg[8]). This is preventing the possibility of merging these registers in to the DSP Block since the DSP block registers only possess synchronous reset capability.  It is suggested to recode or change these registers to remove the reset or use a synchronous reset to get the best optimization for performance, power and area.
WARNING: [DRC DPOR-1] Asynchronous load check: DSP u_system/system_i/iq_demodulator_0/inst/i_acc0 output is connected to registers with an asynchronous reset (u_system/system_i/iq_demodulator_0/inst/o_i_sum_reg[9]). This is preventing the possibility of merging these registers in to the DSP Block since the DSP block registers only possess synchronous reset capability.  It is suggested to recode or change these registers to remove the reset or use a synchronous reset to get the best optimization for performance, power and area.
WARNING: [DRC DPOR-1] Asynchronous load check: DSP u_system/system_i/iq_demodulator_0/inst/q_acc0 output is connected to registers with an asynchronous reset (u_system/system_i/iq_demodulator_0/inst/o_q_sum_reg[0]). This is preventing the possibility of merging these registers in to the DSP Block since the DSP block registers only possess synchronous reset capability.  It is suggested to recode or change these registers to remove the reset or use a synchronous reset to get the best optimization for performance, power and area.
WARNING: [DRC DPOR-1] Asynchronous load check: DSP u_system/system_i/iq_demodulator_0/inst/q_acc0 output is connected to registers with an asynchronous reset (u_system/system_i/iq_demodulator_0/inst/o_q_sum_reg[10]). This is preventing the possibility of merging these registers in to the DSP Block since the DSP block registers only possess synchronous reset capability.  It is suggested to recode or change these registers to remove the reset or use a synchronous reset to get the best optimization for performance, power and area.
WARNING: [DRC DPOR-1] Asynchronous load check: DSP u_system/system_i/iq_demodulator_0/inst/q_acc0 output is connected to registers with an asynchronous reset (u_system/system_i/iq_demodulator_0/inst/o_q_sum_reg[11]). This is preventing the possibility of merging these registers in to the DSP Block since the DSP block registers only possess synchronous reset capability.  It is suggested to recode or change these registers to remove the reset or use a synchronous reset to get the best optimization for performance, power and area.
WARNING: [DRC DPOR-1] Asynchronous load check: DSP u_system/system_i/iq_demodulator_0/inst/q_acc0 output is connected to registers with an asynchronous reset (u_system/system_i/iq_demodulator_0/inst/o_q_sum_reg[12]). This is preventing the possibility of merging these registers in to the DSP Block since the DSP block registers only possess synchronous reset capability.  It is suggested to recode or change these registers to remove the reset or use a synchronous reset to get the best optimization for performance, power and area.
WARNING: [DRC DPOR-1] Asynchronous load check: DSP u_system/system_i/iq_demodulator_0/inst/q_acc0 output is connected to registers with an asynchronous reset (u_system/system_i/iq_demodulator_0/inst/o_q_sum_reg[13]). This is preventing the possibility of merging these registers in to the DSP Block since the DSP block registers only possess synchronous reset capability.  It is suggested to recode or change these registers to remove the reset or use a synchronous reset to get the best optimization for performance, power and area.
WARNING: [DRC DPOR-1] Asynchronous load check: DSP u_system/system_i/iq_demodulator_0/inst/q_acc0 output is connected to registers with an asynchronous reset (u_system/system_i/iq_demodulator_0/inst/o_q_sum_reg[14]). This is preventing the possibility of merging these registers in to the DSP Block since the DSP block registers only possess synchronous reset capability.  It is suggested to recode or change these registers to remove the reset or use a synchronous reset to get the best optimization for performance, power and area.
WARNING: [DRC DPOR-1] Asynchronous load check: DSP u_system/system_i/iq_demodulator_0/inst/q_acc0 output is connected to registers with an asynchronous reset (u_system/system_i/iq_demodulator_0/inst/o_q_sum_reg[15]). This is preventing the possibility of merging these registers in to the DSP Block since the DSP block registers only possess synchronous reset capability.  It is suggested to recode or change these registers to remove the reset or use a synchronous reset to get the best optimization for performance, power and area.
WARNING: [DRC DPOR-1] Asynchronous load check: DSP u_system/system_i/iq_demodulator_0/inst/q_acc0 output is connected to registers with an asynchronous reset (u_system/system_i/iq_demodulator_0/inst/o_q_sum_reg[16]). This is preventing the possibility of merging these registers in to the DSP Block since the DSP block registers only possess synchronous reset capability.  It is suggested to recode or change these registers to remove the reset or use a synchronous reset to get the best optimization for performance, power and area.
WARNING: [DRC DPOR-1] Asynchronous load check: DSP u_system/system_i/iq_demodulator_0/inst/q_acc0 output is connected to registers with an asynchronous reset (u_system/system_i/iq_demodulator_0/inst/o_q_sum_reg[17]). This is preventing the possibility of merging these registers in to the DSP Block since the DSP block registers only possess synchronous reset capability.  It is suggested to recode or change these registers to remove the reset or use a synchronous reset to get the best optimization for performance, power and area.
WARNING: [DRC DPOR-1] Asynchronous load check: DSP u_system/system_i/iq_demodulator_0/inst/q_acc0 output is connected to registers with an asynchronous reset (u_system/system_i/iq_demodulator_0/inst/o_q_sum_reg[18]). This is preventing the possibility of merging these registers in to the DSP Block since the DSP block registers only possess synchronous reset capability.  It is suggested to recode or change these registers to remove the reset or use a synchronous reset to get the best optimization for performance, power and area.
WARNING: [DRC DPOR-1] Asynchronous load check: DSP u_system/system_i/iq_demodulator_0/inst/q_acc0 output is connected to registers with an asynchronous reset (u_system/system_i/iq_demodulator_0/inst/o_q_sum_reg[19]). This is preventing the possibility of merging these registers in to the DSP Block since the DSP block registers only possess synchronous reset capability.  It is suggested to recode or change these registers to remove the reset or use a synchronous reset to get the best optimization for performance, power and area.
WARNING: [DRC DPOR-1] Asynchronous load check: DSP u_system/system_i/iq_demodulator_0/inst/q_acc0 output is connected to registers with an asynchronous reset (u_system/system_i/iq_demodulator_0/inst/o_q_sum_reg[1]). This is preventing the possibility of merging these registers in to the DSP Block since the DSP block registers only possess synchronous reset capability.  It is suggested to recode or change these registers to remove the reset or use a synchronous reset to get the best optimization for performance, power and area.
WARNING: [DRC DPOR-1] Asynchronous load check: DSP u_system/system_i/iq_demodulator_0/inst/q_acc0 output is connected to registers with an asynchronous reset (u_system/system_i/iq_demodulator_0/inst/o_q_sum_reg[20]). This is preventing the possibility of merging these registers in to the DSP Block since the DSP block registers only possess synchronous reset capability.  It is suggested to recode or change these registers to remove the reset or use a synchronous reset to get the best optimization for performance, power and area.
WARNING: [DRC DPOR-1] Asynchronous load check: DSP u_system/system_i/iq_demodulator_0/inst/q_acc0 output is connected to registers with an asynchronous reset (u_system/system_i/iq_demodulator_0/inst/o_q_sum_reg[21]). This is preventing the possibility of merging these registers in to the DSP Block since the DSP block registers only possess synchronous reset capability.  It is suggested to recode or change these registers to remove the reset or use a synchronous reset to get the best optimization for performance, power and area.
WARNING: [DRC DPOR-1] Asynchronous load check: DSP u_system/system_i/iq_demodulator_0/inst/q_acc0 output is connected to registers with an asynchronous reset (u_system/system_i/iq_demodulator_0/inst/o_q_sum_reg[22]). This is preventing the possibility of merging these registers in to the DSP Block since the DSP block registers only possess synchronous reset capability.  It is suggested to recode or change these registers to remove the reset or use a synchronous reset to get the best optimization for performance, power and area.
WARNING: [DRC DPOR-1] Asynchronous load check: DSP u_system/system_i/iq_demodulator_0/inst/q_acc0 output is connected to registers with an asynchronous reset (u_system/system_i/iq_demodulator_0/inst/o_q_sum_reg[23]). This is preventing the possibility of merging these registers in to the DSP Block since the DSP block registers only possess synchronous reset capability.  It is suggested to recode or change these registers to remove the reset or use a synchronous reset to get the best optimization for performance, power and area.
WARNING: [DRC DPOR-1] Asynchronous load check: DSP u_system/system_i/iq_demodulator_0/inst/q_acc0 output is connected to registers with an asynchronous reset (u_system/system_i/iq_demodulator_0/inst/o_q_sum_reg[24]). This is preventing the possibility of merging these registers in to the DSP Block since the DSP block registers only possess synchronous reset capability.  It is suggested to recode or change these registers to remove the reset or use a synchronous reset to get the best optimization for performance, power and area.
WARNING: [DRC DPOR-1] Asynchronous load check: DSP u_system/system_i/iq_demodulator_0/inst/q_acc0 output is connected to registers with an asynchronous reset (u_system/system_i/iq_demodulator_0/inst/o_q_sum_reg[25]). This is preventing the possibility of merging these registers in to the DSP Block since the DSP block registers only possess synchronous reset capability.  It is suggested to recode or change these registers to remove the reset or use a synchronous reset to get the best optimization for performance, power and area.
WARNING: [DRC DPOR-1] Asynchronous load check: DSP u_system/system_i/iq_demodulator_0/inst/q_acc0 output is connected to registers with an asynchronous reset (u_system/system_i/iq_demodulator_0/inst/o_q_sum_reg[26]). This is preventing the possibility of merging these registers in to the DSP Block since the DSP block registers only possess synchronous reset capability.  It is suggested to recode or change these registers to remove the reset or use a synchronous reset to get the best optimization for performance, power and area.
WARNING: [DRC DPOR-1] Asynchronous load check: DSP u_system/system_i/iq_demodulator_0/inst/q_acc0 output is connected to registers with an asynchronous reset (u_system/system_i/iq_demodulator_0/inst/o_q_sum_reg[27]). This is preventing the possibility of merging these registers in to the DSP Block since the DSP block registers only possess synchronous reset capability.  It is suggested to recode or change these registers to remove the reset or use a synchronous reset to get the best optimization for performance, power and area.
WARNING: [DRC DPOR-1] Asynchronous load check: DSP u_system/system_i/iq_demodulator_0/inst/q_acc0 output is connected to registers with an asynchronous reset (u_system/system_i/iq_demodulator_0/inst/o_q_sum_reg[28]). This is preventing the possibility of merging these registers in to the DSP Block since the DSP block registers only possess synchronous reset capability.  It is suggested to recode or change these registers to remove the reset or use a synchronous reset to get the best optimization for performance, power and area.
WARNING: [DRC DPOR-1] Asynchronous load check: DSP u_system/system_i/iq_demodulator_0/inst/q_acc0 output is connected to registers with an asynchronous reset (u_system/system_i/iq_demodulator_0/inst/o_q_sum_reg[29]). This is preventing the possibility of merging these registers in to the DSP Block since the DSP block registers only possess synchronous reset capability.  It is suggested to recode or change these registers to remove the reset or use a synchronous reset to get the best optimization for performance, power and area.
WARNING: [DRC DPOR-1] Asynchronous load check: DSP u_system/system_i/iq_demodulator_0/inst/q_acc0 output is connected to registers with an asynchronous reset (u_system/system_i/iq_demodulator_0/inst/o_q_sum_reg[2]). This is preventing the possibility of merging these registers in to the DSP Block since the DSP block registers only possess synchronous reset capability.  It is suggested to recode or change these registers to remove the reset or use a synchronous reset to get the best optimization for performance, power and area.
WARNING: [DRC DPOR-1] Asynchronous load check: DSP u_system/system_i/iq_demodulator_0/inst/q_acc0 output is connected to registers with an asynchronous reset (u_system/system_i/iq_demodulator_0/inst/o_q_sum_reg[30]). This is preventing the possibility of merging these registers in to the DSP Block since the DSP block registers only possess synchronous reset capability.  It is suggested to recode or change these registers to remove the reset or use a synchronous reset to get the best optimization for performance, power and area.
WARNING: [DRC DPOR-1] Asynchronous load check: DSP u_system/system_i/iq_demodulator_0/inst/q_acc0 output is connected to registers with an asynchronous reset (u_system/system_i/iq_demodulator_0/inst/o_q_sum_reg[31]). This is preventing the possibility of merging these registers in to the DSP Block since the DSP block registers only possess synchronous reset capability.  It is suggested to recode or change these registers to remove the reset or use a synchronous reset to get the best optimization for performance, power and area.
WARNING: [DRC DPOR-1] Asynchronous load check: DSP u_system/system_i/iq_demodulator_0/inst/q_acc0 output is connected to registers with an asynchronous reset (u_system/system_i/iq_demodulator_0/inst/o_q_sum_reg[32]). This is preventing the possibility of merging these registers in to the DSP Block since the DSP block registers only possess synchronous reset capability.  It is suggested to recode or change these registers to remove the reset or use a synchronous reset to get the best optimization for performance, power and area.
WARNING: [DRC DPOR-1] Asynchronous load check: DSP u_system/system_i/iq_demodulator_0/inst/q_acc0 output is connected to registers with an asynchronous reset (u_system/system_i/iq_demodulator_0/inst/o_q_sum_reg[33]). This is preventing the possibility of merging these registers in to the DSP Block since the DSP block registers only possess synchronous reset capability.  It is suggested to recode or change these registers to remove the reset or use a synchronous reset to get the best optimization for performance, power and area.
WARNING: [DRC DPOR-1] Asynchronous load check: DSP u_system/system_i/iq_demodulator_0/inst/q_acc0 output is connected to registers with an asynchronous reset (u_system/system_i/iq_demodulator_0/inst/o_q_sum_reg[34]). This is preventing the possibility of merging these registers in to the DSP Block since the DSP block registers only possess synchronous reset capability.  It is suggested to recode or change these registers to remove the reset or use a synchronous reset to get the best optimization for performance, power and area.
WARNING: [DRC DPOR-1] Asynchronous load check: DSP u_system/system_i/iq_demodulator_0/inst/q_acc0 output is connected to registers with an asynchronous reset (u_system/system_i/iq_demodulator_0/inst/o_q_sum_reg[35]). This is preventing the possibility of merging these registers in to the DSP Block since the DSP block registers only possess synchronous reset capability.  It is suggested to recode or change these registers to remove the reset or use a synchronous reset to get the best optimization for performance, power and area.
WARNING: [DRC DPOR-1] Asynchronous load check: DSP u_system/system_i/iq_demodulator_0/inst/q_acc0 output is connected to registers with an asynchronous reset (u_system/system_i/iq_demodulator_0/inst/o_q_sum_reg[36]). This is preventing the possibility of merging these registers in to the DSP Block since the DSP block registers only possess synchronous reset capability.  It is suggested to recode or change these registers to remove the reset or use a synchronous reset to get the best optimization for performance, power and area.
WARNING: [DRC DPOR-1] Asynchronous load check: DSP u_system/system_i/iq_demodulator_0/inst/q_acc0 output is connected to registers with an asynchronous reset (u_system/system_i/iq_demodulator_0/inst/o_q_sum_reg[37]). This is preventing the possibility of merging these registers in to the DSP Block since the DSP block registers only possess synchronous reset capability.  It is suggested to recode or change these registers to remove the reset or use a synchronous reset to get the best optimization for performance, power and area.
WARNING: [DRC DPOR-1] Asynchronous load check: DSP u_system/system_i/iq_demodulator_0/inst/q_acc0 output is connected to registers with an asynchronous reset (u_system/system_i/iq_demodulator_0/inst/o_q_sum_reg[38]). This is preventing the possibility of merging these registers in to the DSP Block since the DSP block registers only possess synchronous reset capability.  It is suggested to recode or change these registers to remove the reset or use a synchronous reset to get the best optimization for performance, power and area.
WARNING: [DRC DPOR-1] Asynchronous load check: DSP u_system/system_i/iq_demodulator_0/inst/q_acc0 output is connected to registers with an asynchronous reset (u_system/system_i/iq_demodulator_0/inst/o_q_sum_reg[39]). This is preventing the possibility of merging these registers in to the DSP Block since the DSP block registers only possess synchronous reset capability.  It is suggested to recode or change these registers to remove the reset or use a synchronous reset to get the best optimization for performance, power and area.
WARNING: [DRC DPOR-1] Asynchronous load check: DSP u_system/system_i/iq_demodulator_0/inst/q_acc0 output is connected to registers with an asynchronous reset (u_system/system_i/iq_demodulator_0/inst/o_q_sum_reg[3]). This is preventing the possibility of merging these registers in to the DSP Block since the DSP block registers only possess synchronous reset capability.  It is suggested to recode or change these registers to remove the reset or use a synchronous reset to get the best optimization for performance, power and area.
WARNING: [DRC DPOR-1] Asynchronous load check: DSP u_system/system_i/iq_demodulator_0/inst/q_acc0 output is connected to registers with an asynchronous reset (u_system/system_i/iq_demodulator_0/inst/o_q_sum_reg[40]). This is preventing the possibility of merging these registers in to the DSP Block since the DSP block registers only possess synchronous reset capability.  It is suggested to recode or change these registers to remove the reset or use a synchronous reset to get the best optimization for performance, power and area.
WARNING: [DRC DPOR-1] Asynchronous load check: DSP u_system/system_i/iq_demodulator_0/inst/q_acc0 output is connected to registers with an asynchronous reset (u_system/system_i/iq_demodulator_0/inst/o_q_sum_reg[41]). This is preventing the possibility of merging these registers in to the DSP Block since the DSP block registers only possess synchronous reset capability.  It is suggested to recode or change these registers to remove the reset or use a synchronous reset to get the best optimization for performance, power and area.
WARNING: [DRC DPOR-1] Asynchronous load check: DSP u_system/system_i/iq_demodulator_0/inst/q_acc0 output is connected to registers with an asynchronous reset (u_system/system_i/iq_demodulator_0/inst/o_q_sum_reg[42]). This is preventing the possibility of merging these registers in to the DSP Block since the DSP block registers only possess synchronous reset capability.  It is suggested to recode or change these registers to remove the reset or use a synchronous reset to get the best optimization for performance, power and area.
WARNING: [DRC DPOR-1] Asynchronous load check: DSP u_system/system_i/iq_demodulator_0/inst/q_acc0 output is connected to registers with an asynchronous reset (u_system/system_i/iq_demodulator_0/inst/o_q_sum_reg[43]). This is preventing the possibility of merging these registers in to the DSP Block since the DSP block registers only possess synchronous reset capability.  It is suggested to recode or change these registers to remove the reset or use a synchronous reset to get the best optimization for performance, power and area.
WARNING: [DRC DPOR-1] Asynchronous load check: DSP u_system/system_i/iq_demodulator_0/inst/q_acc0 output is connected to registers with an asynchronous reset (u_system/system_i/iq_demodulator_0/inst/o_q_sum_reg[44]). This is preventing the possibility of merging these registers in to the DSP Block since the DSP block registers only possess synchronous reset capability.  It is suggested to recode or change these registers to remove the reset or use a synchronous reset to get the best optimization for performance, power and area.
WARNING: [DRC DPOR-1] Asynchronous load check: DSP u_system/system_i/iq_demodulator_0/inst/q_acc0 output is connected to registers with an asynchronous reset (u_system/system_i/iq_demodulator_0/inst/o_q_sum_reg[45]). This is preventing the possibility of merging these registers in to the DSP Block since the DSP block registers only possess synchronous reset capability.  It is suggested to recode or change these registers to remove the reset or use a synchronous reset to get the best optimization for performance, power and area.
WARNING: [DRC DPOR-1] Asynchronous load check: DSP u_system/system_i/iq_demodulator_0/inst/q_acc0 output is connected to registers with an asynchronous reset (u_system/system_i/iq_demodulator_0/inst/o_q_sum_reg[46]). This is preventing the possibility of merging these registers in to the DSP Block since the DSP block registers only possess synchronous reset capability.  It is suggested to recode or change these registers to remove the reset or use a synchronous reset to get the best optimization for performance, power and area.
WARNING: [DRC DPOR-1] Asynchronous load check: DSP u_system/system_i/iq_demodulator_0/inst/q_acc0 output is connected to registers with an asynchronous reset (u_system/system_i/iq_demodulator_0/inst/o_q_sum_reg[47]). This is preventing the possibility of merging these registers in to the DSP Block since the DSP block registers only possess synchronous reset capability.  It is suggested to recode or change these registers to remove the reset or use a synchronous reset to get the best optimization for performance, power and area.
WARNING: [DRC DPOR-1] Asynchronous load check: DSP u_system/system_i/iq_demodulator_0/inst/q_acc0 output is connected to registers with an asynchronous reset (u_system/system_i/iq_demodulator_0/inst/o_q_sum_reg[4]). This is preventing the possibility of merging these registers in to the DSP Block since the DSP block registers only possess synchronous reset capability.  It is suggested to recode or change these registers to remove the reset or use a synchronous reset to get the best optimization for performance, power and area.
WARNING: [DRC DPOR-1] Asynchronous load check: DSP u_system/system_i/iq_demodulator_0/inst/q_acc0 output is connected to registers with an asynchronous reset (u_system/system_i/iq_demodulator_0/inst/o_q_sum_reg[5]). This is preventing the possibility of merging these registers in to the DSP Block since the DSP block registers only possess synchronous reset capability.  It is suggested to recode or change these registers to remove the reset or use a synchronous reset to get the best optimization for performance, power and area.
WARNING: [DRC DPOR-1] Asynchronous load check: DSP u_system/system_i/iq_demodulator_0/inst/q_acc0 output is connected to registers with an asynchronous reset (u_system/system_i/iq_demodulator_0/inst/o_q_sum_reg[6]). This is preventing the possibility of merging these registers in to the DSP Block since the DSP block registers only possess synchronous reset capability.  It is suggested to recode or change these registers to remove the reset or use a synchronous reset to get the best optimization for performance, power and area.
WARNING: [DRC DPOR-1] Asynchronous load check: DSP u_system/system_i/iq_demodulator_0/inst/q_acc0 output is connected to registers with an asynchronous reset (u_system/system_i/iq_demodulator_0/inst/o_q_sum_reg[7]). This is preventing the possibility of merging these registers in to the DSP Block since the DSP block registers only possess synchronous reset capability.  It is suggested to recode or change these registers to remove the reset or use a synchronous reset to get the best optimization for performance, power and area.
WARNING: [DRC DPOR-1] Asynchronous load check: DSP u_system/system_i/iq_demodulator_0/inst/q_acc0 output is connected to registers with an asynchronous reset (u_system/system_i/iq_demodulator_0/inst/o_q_sum_reg[8]). This is preventing the possibility of merging these registers in to the DSP Block since the DSP block registers only possess synchronous reset capability.  It is suggested to recode or change these registers to remove the reset or use a synchronous reset to get the best optimization for performance, power and area.
WARNING: [DRC DPOR-1] Asynchronous load check: DSP u_system/system_i/iq_demodulator_0/inst/q_acc0 output is connected to registers with an asynchronous reset (u_system/system_i/iq_demodulator_0/inst/o_q_sum_reg[9]). This is preventing the possibility of merging these registers in to the DSP Block since the DSP block registers only possess synchronous reset capability.  It is suggested to recode or change these registers to remove the reset or use a synchronous reset to get the best optimization for performance, power and area.
WARNING: [DRC REQP-1839] RAMB36 async control check: The RAMB36E1 u_h_top/sine_a/U0/inst_blk_mem_gen/gnbram.gnativebmg.native_blk_mem_gen/valid.cstr/ramloop[0].ram.r/prim_init.ram/DEVICE_7SERIES.NO_BMM_INFO.SP.SIMPLE_PRIM36.ram has an input control pin u_h_top/sine_a/U0/inst_blk_mem_gen/gnbram.gnativebmg.native_blk_mem_gen/valid.cstr/ramloop[0].ram.r/prim_init.ram/DEVICE_7SERIES.NO_BMM_INFO.SP.SIMPLE_PRIM36.ram/ADDRARDADDR[10] (net: u_h_top/sine_a/U0/inst_blk_mem_gen/gnbram.gnativebmg.native_blk_mem_gen/valid.cstr/ramloop[0].ram.r/prim_init.ram/addra[7]) which is driven by a register (u_h_top/u_dac_dds/inst/phase_acc_a_reg[27]) that has an active asychronous set or reset. This may cause corruption of the memory contents and/or read values when the set/reset is asserted and is not analyzed by the default static timing analysis. It is suggested to eliminate the use of a set/reset to registers driving this RAMB pin or else use a synchronous reset in which the assertion of the reset is timed by default.
WARNING: [DRC REQP-1839] RAMB36 async control check: The RAMB36E1 u_h_top/sine_a/U0/inst_blk_mem_gen/gnbram.gnativebmg.native_blk_mem_gen/valid.cstr/ramloop[0].ram.r/prim_init.ram/DEVICE_7SERIES.NO_BMM_INFO.SP.SIMPLE_PRIM36.ram has an input control pin u_h_top/sine_a/U0/inst_blk_mem_gen/gnbram.gnativebmg.native_blk_mem_gen/valid.cstr/ramloop[0].ram.r/prim_init.ram/DEVICE_7SERIES.NO_BMM_INFO.SP.SIMPLE_PRIM36.ram/ADDRARDADDR[11] (net: u_h_top/sine_a/U0/inst_blk_mem_gen/gnbram.gnativebmg.native_blk_mem_gen/valid.cstr/ramloop[0].ram.r/prim_init.ram/addra[8]) which is driven by a register (u_h_top/u_dac_dds/inst/phase_acc_a_reg[28]) that has an active asychronous set or reset. This may cause corruption of the memory contents and/or read values when the set/reset is asserted and is not analyzed by the default static timing analysis. It is suggested to eliminate the use of a set/reset to registers driving this RAMB pin or else use a synchronous reset in which the assertion of the reset is timed by default.
WARNING: [DRC REQP-1839] RAMB36 async control check: The RAMB36E1 u_h_top/sine_a/U0/inst_blk_mem_gen/gnbram.gnativebmg.native_blk_mem_gen/valid.cstr/ramloop[0].ram.r/prim_init.ram/DEVICE_7SERIES.NO_BMM_INFO.SP.SIMPLE_PRIM36.ram has an input control pin u_h_top/sine_a/U0/inst_blk_mem_gen/gnbram.gnativebmg.native_blk_mem_gen/valid.cstr/ramloop[0].ram.r/prim_init.ram/DEVICE_7SERIES.NO_BMM_INFO.SP.SIMPLE_PRIM36.ram/ADDRARDADDR[12] (net: u_h_top/sine_a/U0/inst_blk_mem_gen/gnbram.gnativebmg.native_blk_mem_gen/valid.cstr/ramloop[0].ram.r/prim_init.ram/addra[9]) which is driven by a register (u_h_top/u_dac_dds/inst/phase_acc_a_reg[29]) that has an active asychronous set or reset. This may cause corruption of the memory contents and/or read values when the set/reset is asserted and is not analyzed by the default static timing analysis. It is suggested to eliminate the use of a set/reset to registers driving this RAMB pin or else use a synchronous reset in which the assertion of the reset is timed by default.
WARNING: [DRC REQP-1839] RAMB36 async control check: The RAMB36E1 u_h_top/sine_a/U0/inst_blk_mem_gen/gnbram.gnativebmg.native_blk_mem_gen/valid.cstr/ramloop[0].ram.r/prim_init.ram/DEVICE_7SERIES.NO_BMM_INFO.SP.SIMPLE_PRIM36.ram has an input control pin u_h_top/sine_a/U0/inst_blk_mem_gen/gnbram.gnativebmg.native_blk_mem_gen/valid.cstr/ramloop[0].ram.r/prim_init.ram/DEVICE_7SERIES.NO_BMM_INFO.SP.SIMPLE_PRIM36.ram/ADDRARDADDR[13] (net: u_h_top/sine_a/U0/inst_blk_mem_gen/gnbram.gnativebmg.native_blk_mem_gen/valid.cstr/ramloop[0].ram.r/prim_init.ram/addra[10]) which is driven by a register (u_h_top/u_dac_dds/inst/phase_acc_a_reg[30]) that has an active asychronous set or reset. This may cause corruption of the memory contents and/or read values when the set/reset is asserted and is not analyzed by the default static timing analysis. It is suggested to eliminate the use of a set/reset to registers driving this RAMB pin or else use a synchronous reset in which the assertion of the reset is timed by default.
WARNING: [DRC REQP-1839] RAMB36 async control check: The RAMB36E1 u_h_top/sine_a/U0/inst_blk_mem_gen/gnbram.gnativebmg.native_blk_mem_gen/valid.cstr/ramloop[0].ram.r/prim_init.ram/DEVICE_7SERIES.NO_BMM_INFO.SP.SIMPLE_PRIM36.ram has an input control pin u_h_top/sine_a/U0/inst_blk_mem_gen/gnbram.gnativebmg.native_blk_mem_gen/valid.cstr/ramloop[0].ram.r/prim_init.ram/DEVICE_7SERIES.NO_BMM_INFO.SP.SIMPLE_PRIM36.ram/ADDRARDADDR[14] (net: u_h_top/sine_a/U0/inst_blk_mem_gen/gnbram.gnativebmg.native_blk_mem_gen/valid.cstr/ramloop[0].ram.r/prim_init.ram/addra[11]) which is driven by a register (u_h_top/u_dac_dds/inst/phase_acc_a_reg[31]) that has an active asychronous set or reset. This may cause corruption of the memory contents and/or read values when the set/reset is asserted and is not analyzed by the default static timing analysis. It is suggested to eliminate the use of a set/reset to registers driving this RAMB pin or else use a synchronous reset in which the assertion of the reset is timed by default.
WARNING: [DRC REQP-1839] RAMB36 async control check: The RAMB36E1 u_h_top/sine_a/U0/inst_blk_mem_gen/gnbram.gnativebmg.native_blk_mem_gen/valid.cstr/ramloop[0].ram.r/prim_init.ram/DEVICE_7SERIES.NO_BMM_INFO.SP.SIMPLE_PRIM36.ram has an input control pin u_h_top/sine_a/U0/inst_blk_mem_gen/gnbram.gnativebmg.native_blk_mem_gen/valid.cstr/ramloop[0].ram.r/prim_init.ram/DEVICE_7SERIES.NO_BMM_INFO.SP.SIMPLE_PRIM36.ram/ADDRARDADDR[3] (net: u_h_top/sine_a/U0/inst_blk_mem_gen/gnbram.gnativebmg.native_blk_mem_gen/valid.cstr/ramloop[0].ram.r/prim_init.ram/addra[0]) which is driven by a register (u_h_top/u_dac_dds/inst/phase_acc_a_reg[20]) that has an active asychronous set or reset. This may cause corruption of the memory contents and/or read values when the set/reset is asserted and is not analyzed by the default static timing analysis. It is suggested to eliminate the use of a set/reset to registers driving this RAMB pin or else use a synchronous reset in which the assertion of the reset is timed by default.
WARNING: [DRC REQP-1839] RAMB36 async control check: The RAMB36E1 u_h_top/sine_a/U0/inst_blk_mem_gen/gnbram.gnativebmg.native_blk_mem_gen/valid.cstr/ramloop[0].ram.r/prim_init.ram/DEVICE_7SERIES.NO_BMM_INFO.SP.SIMPLE_PRIM36.ram has an input control pin u_h_top/sine_a/U0/inst_blk_mem_gen/gnbram.gnativebmg.native_blk_mem_gen/valid.cstr/ramloop[0].ram.r/prim_init.ram/DEVICE_7SERIES.NO_BMM_INFO.SP.SIMPLE_PRIM36.ram/ADDRARDADDR[4] (net: u_h_top/sine_a/U0/inst_blk_mem_gen/gnbram.gnativebmg.native_blk_mem_gen/valid.cstr/ramloop[0].ram.r/prim_init.ram/addra[1]) which is driven by a register (u_h_top/u_dac_dds/inst/phase_acc_a_reg[21]) that has an active asychronous set or reset. This may cause corruption of the memory contents and/or read values when the set/reset is asserted and is not analyzed by the default static timing analysis. It is suggested to eliminate the use of a set/reset to registers driving this RAMB pin or else use a synchronous reset in which the assertion of the reset is timed by default.
WARNING: [DRC REQP-1839] RAMB36 async control check: The RAMB36E1 u_h_top/sine_a/U0/inst_blk_mem_gen/gnbram.gnativebmg.native_blk_mem_gen/valid.cstr/ramloop[0].ram.r/prim_init.ram/DEVICE_7SERIES.NO_BMM_INFO.SP.SIMPLE_PRIM36.ram has an input control pin u_h_top/sine_a/U0/inst_blk_mem_gen/gnbram.gnativebmg.native_blk_mem_gen/valid.cstr/ramloop[0].ram.r/prim_init.ram/DEVICE_7SERIES.NO_BMM_INFO.SP.SIMPLE_PRIM36.ram/ADDRARDADDR[5] (net: u_h_top/sine_a/U0/inst_blk_mem_gen/gnbram.gnativebmg.native_blk_mem_gen/valid.cstr/ramloop[0].ram.r/prim_init.ram/addra[2]) which is driven by a register (u_h_top/u_dac_dds/inst/phase_acc_a_reg[22]) that has an active asychronous set or reset. This may cause corruption of the memory contents and/or read values when the set/reset is asserted and is not analyzed by the default static timing analysis. It is suggested to eliminate the use of a set/reset to registers driving this RAMB pin or else use a synchronous reset in which the assertion of the reset is timed by default.
WARNING: [DRC REQP-1839] RAMB36 async control check: The RAMB36E1 u_h_top/sine_a/U0/inst_blk_mem_gen/gnbram.gnativebmg.native_blk_mem_gen/valid.cstr/ramloop[0].ram.r/prim_init.ram/DEVICE_7SERIES.NO_BMM_INFO.SP.SIMPLE_PRIM36.ram has an input control pin u_h_top/sine_a/U0/inst_blk_mem_gen/gnbram.gnativebmg.native_blk_mem_gen/valid.cstr/ramloop[0].ram.r/prim_init.ram/DEVICE_7SERIES.NO_BMM_INFO.SP.SIMPLE_PRIM36.ram/ADDRARDADDR[6] (net: u_h_top/sine_a/U0/inst_blk_mem_gen/gnbram.gnativebmg.native_blk_mem_gen/valid.cstr/ramloop[0].ram.r/prim_init.ram/addra[3]) which is driven by a register (u_h_top/u_dac_dds/inst/phase_acc_a_reg[23]) that has an active asychronous set or reset. This may cause corruption of the memory contents and/or read values when the set/reset is asserted and is not analyzed by the default static timing analysis. It is suggested to eliminate the use of a set/reset to registers driving this RAMB pin or else use a synchronous reset in which the assertion of the reset is timed by default.
WARNING: [DRC REQP-1839] RAMB36 async control check: The RAMB36E1 u_h_top/sine_a/U0/inst_blk_mem_gen/gnbram.gnativebmg.native_blk_mem_gen/valid.cstr/ramloop[0].ram.r/prim_init.ram/DEVICE_7SERIES.NO_BMM_INFO.SP.SIMPLE_PRIM36.ram has an input control pin u_h_top/sine_a/U0/inst_blk_mem_gen/gnbram.gnativebmg.native_blk_mem_gen/valid.cstr/ramloop[0].ram.r/prim_init.ram/DEVICE_7SERIES.NO_BMM_INFO.SP.SIMPLE_PRIM36.ram/ADDRARDADDR[7] (net: u_h_top/sine_a/U0/inst_blk_mem_gen/gnbram.gnativebmg.native_blk_mem_gen/valid.cstr/ramloop[0].ram.r/prim_init.ram/addra[4]) which is driven by a register (u_h_top/u_dac_dds/inst/phase_acc_a_reg[24]) that has an active asychronous set or reset. This may cause corruption of the memory contents and/or read values when the set/reset is asserted and is not analyzed by the default static timing analysis. It is suggested to eliminate the use of a set/reset to registers driving this RAMB pin or else use a synchronous reset in which the assertion of the reset is timed by default.
WARNING: [DRC REQP-1839] RAMB36 async control check: The RAMB36E1 u_h_top/sine_a/U0/inst_blk_mem_gen/gnbram.gnativebmg.native_blk_mem_gen/valid.cstr/ramloop[0].ram.r/prim_init.ram/DEVICE_7SERIES.NO_BMM_INFO.SP.SIMPLE_PRIM36.ram has an input control pin u_h_top/sine_a/U0/inst_blk_mem_gen/gnbram.gnativebmg.native_blk_mem_gen/valid.cstr/ramloop[0].ram.r/prim_init.ram/DEVICE_7SERIES.NO_BMM_INFO.SP.SIMPLE_PRIM36.ram/ADDRARDADDR[8] (net: u_h_top/sine_a/U0/inst_blk_mem_gen/gnbram.gnativebmg.native_blk_mem_gen/valid.cstr/ramloop[0].ram.r/prim_init.ram/addra[5]) which is driven by a register (u_h_top/u_dac_dds/inst/phase_acc_a_reg[25]) that has an active asychronous set or reset. This may cause corruption of the memory contents and/or read values when the set/reset is asserted and is not analyzed by the default static timing analysis. It is suggested to eliminate the use of a set/reset to registers driving this RAMB pin or else use a synchronous reset in which the assertion of the reset is timed by default.
WARNING: [DRC REQP-1839] RAMB36 async control check: The RAMB36E1 u_h_top/sine_a/U0/inst_blk_mem_gen/gnbram.gnativebmg.native_blk_mem_gen/valid.cstr/ramloop[0].ram.r/prim_init.ram/DEVICE_7SERIES.NO_BMM_INFO.SP.SIMPLE_PRIM36.ram has an input control pin u_h_top/sine_a/U0/inst_blk_mem_gen/gnbram.gnativebmg.native_blk_mem_gen/valid.cstr/ramloop[0].ram.r/prim_init.ram/DEVICE_7SERIES.NO_BMM_INFO.SP.SIMPLE_PRIM36.ram/ADDRARDADDR[9] (net: u_h_top/sine_a/U0/inst_blk_mem_gen/gnbram.gnativebmg.native_blk_mem_gen/valid.cstr/ramloop[0].ram.r/prim_init.ram/addra[6]) which is driven by a register (u_h_top/u_dac_dds/inst/phase_acc_a_reg[26]) that has an active asychronous set or reset. This may cause corruption of the memory contents and/or read values when the set/reset is asserted and is not analyzed by the default static timing analysis. It is suggested to eliminate the use of a set/reset to registers driving this RAMB pin or else use a synchronous reset in which the assertion of the reset is timed by default.
WARNING: [DRC REQP-1839] RAMB36 async control check: The RAMB36E1 u_h_top/sine_a/U0/inst_blk_mem_gen/gnbram.gnativebmg.native_blk_mem_gen/valid.cstr/ramloop[1].ram.r/prim_init.ram/DEVICE_7SERIES.NO_BMM_INFO.SP.SIMPLE_PRIM36.ram has an input control pin u_h_top/sine_a/U0/inst_blk_mem_gen/gnbram.gnativebmg.native_blk_mem_gen/valid.cstr/ramloop[1].ram.r/prim_init.ram/DEVICE_7SERIES.NO_BMM_INFO.SP.SIMPLE_PRIM36.ram/ADDRARDADDR[10] (net: u_h_top/sine_a/U0/inst_blk_mem_gen/gnbram.gnativebmg.native_blk_mem_gen/valid.cstr/ramloop[1].ram.r/prim_init.ram/addra[7]) which is driven by a register (u_h_top/u_dac_dds/inst/phase_acc_a_reg[27]) that has an active asychronous set or reset. This may cause corruption of the memory contents and/or read values when the set/reset is asserted and is not analyzed by the default static timing analysis. It is suggested to eliminate the use of a set/reset to registers driving this RAMB pin or else use a synchronous reset in which the assertion of the reset is timed by default.
WARNING: [DRC REQP-1839] RAMB36 async control check: The RAMB36E1 u_h_top/sine_a/U0/inst_blk_mem_gen/gnbram.gnativebmg.native_blk_mem_gen/valid.cstr/ramloop[1].ram.r/prim_init.ram/DEVICE_7SERIES.NO_BMM_INFO.SP.SIMPLE_PRIM36.ram has an input control pin u_h_top/sine_a/U0/inst_blk_mem_gen/gnbram.gnativebmg.native_blk_mem_gen/valid.cstr/ramloop[1].ram.r/prim_init.ram/DEVICE_7SERIES.NO_BMM_INFO.SP.SIMPLE_PRIM36.ram/ADDRARDADDR[11] (net: u_h_top/sine_a/U0/inst_blk_mem_gen/gnbram.gnativebmg.native_blk_mem_gen/valid.cstr/ramloop[1].ram.r/prim_init.ram/addra[8]) which is driven by a register (u_h_top/u_dac_dds/inst/phase_acc_a_reg[28]) that has an active asychronous set or reset. This may cause corruption of the memory contents and/or read values when the set/reset is asserted and is not analyzed by the default static timing analysis. It is suggested to eliminate the use of a set/reset to registers driving this RAMB pin or else use a synchronous reset in which the assertion of the reset is timed by default.
WARNING: [DRC REQP-1839] RAMB36 async control check: The RAMB36E1 u_h_top/sine_a/U0/inst_blk_mem_gen/gnbram.gnativebmg.native_blk_mem_gen/valid.cstr/ramloop[1].ram.r/prim_init.ram/DEVICE_7SERIES.NO_BMM_INFO.SP.SIMPLE_PRIM36.ram has an input control pin u_h_top/sine_a/U0/inst_blk_mem_gen/gnbram.gnativebmg.native_blk_mem_gen/valid.cstr/ramloop[1].ram.r/prim_init.ram/DEVICE_7SERIES.NO_BMM_INFO.SP.SIMPLE_PRIM36.ram/ADDRARDADDR[12] (net: u_h_top/sine_a/U0/inst_blk_mem_gen/gnbram.gnativebmg.native_blk_mem_gen/valid.cstr/ramloop[1].ram.r/prim_init.ram/addra[9]) which is driven by a register (u_h_top/u_dac_dds/inst/phase_acc_a_reg[29]) that has an active asychronous set or reset. This may cause corruption of the memory contents and/or read values when the set/reset is asserted and is not analyzed by the default static timing analysis. It is suggested to eliminate the use of a set/reset to registers driving this RAMB pin or else use a synchronous reset in which the assertion of the reset is timed by default.
WARNING: [DRC REQP-1839] RAMB36 async control check: The RAMB36E1 u_h_top/sine_a/U0/inst_blk_mem_gen/gnbram.gnativebmg.native_blk_mem_gen/valid.cstr/ramloop[1].ram.r/prim_init.ram/DEVICE_7SERIES.NO_BMM_INFO.SP.SIMPLE_PRIM36.ram has an input control pin u_h_top/sine_a/U0/inst_blk_mem_gen/gnbram.gnativebmg.native_blk_mem_gen/valid.cstr/ramloop[1].ram.r/prim_init.ram/DEVICE_7SERIES.NO_BMM_INFO.SP.SIMPLE_PRIM36.ram/ADDRARDADDR[13] (net: u_h_top/sine_a/U0/inst_blk_mem_gen/gnbram.gnativebmg.native_blk_mem_gen/valid.cstr/ramloop[1].ram.r/prim_init.ram/addra[10]) which is driven by a register (u_h_top/u_dac_dds/inst/phase_acc_a_reg[30]) that has an active asychronous set or reset. This may cause corruption of the memory contents and/or read values when the set/reset is asserted and is not analyzed by the default static timing analysis. It is suggested to eliminate the use of a set/reset to registers driving this RAMB pin or else use a synchronous reset in which the assertion of the reset is timed by default.
WARNING: [DRC REQP-1839] RAMB36 async control check: The RAMB36E1 u_h_top/sine_a/U0/inst_blk_mem_gen/gnbram.gnativebmg.native_blk_mem_gen/valid.cstr/ramloop[1].ram.r/prim_init.ram/DEVICE_7SERIES.NO_BMM_INFO.SP.SIMPLE_PRIM36.ram has an input control pin u_h_top/sine_a/U0/inst_blk_mem_gen/gnbram.gnativebmg.native_blk_mem_gen/valid.cstr/ramloop[1].ram.r/prim_init.ram/DEVICE_7SERIES.NO_BMM_INFO.SP.SIMPLE_PRIM36.ram/ADDRARDADDR[14] (net: u_h_top/sine_a/U0/inst_blk_mem_gen/gnbram.gnativebmg.native_blk_mem_gen/valid.cstr/ramloop[1].ram.r/prim_init.ram/addra[11]) which is driven by a register (u_h_top/u_dac_dds/inst/phase_acc_a_reg[31]) that has an active asychronous set or reset. This may cause corruption of the memory contents and/or read values when the set/reset is asserted and is not analyzed by the default static timing analysis. It is suggested to eliminate the use of a set/reset to registers driving this RAMB pin or else use a synchronous reset in which the assertion of the reset is timed by default.
WARNING: [DRC REQP-1839] RAMB36 async control check: The RAMB36E1 u_h_top/sine_a/U0/inst_blk_mem_gen/gnbram.gnativebmg.native_blk_mem_gen/valid.cstr/ramloop[1].ram.r/prim_init.ram/DEVICE_7SERIES.NO_BMM_INFO.SP.SIMPLE_PRIM36.ram has an input control pin u_h_top/sine_a/U0/inst_blk_mem_gen/gnbram.gnativebmg.native_blk_mem_gen/valid.cstr/ramloop[1].ram.r/prim_init.ram/DEVICE_7SERIES.NO_BMM_INFO.SP.SIMPLE_PRIM36.ram/ADDRARDADDR[7] (net: u_h_top/sine_a/U0/inst_blk_mem_gen/gnbram.gnativebmg.native_blk_mem_gen/valid.cstr/ramloop[1].ram.r/prim_init.ram/addra[4]) which is driven by a register (u_h_top/u_dac_dds/inst/phase_acc_a_reg[24]) that has an active asychronous set or reset. This may cause corruption of the memory contents and/or read values when the set/reset is asserted and is not analyzed by the default static timing analysis. It is suggested to eliminate the use of a set/reset to registers driving this RAMB pin or else use a synchronous reset in which the assertion of the reset is timed by default.
WARNING: [DRC REQP-1839] RAMB36 async control check: The RAMB36E1 u_h_top/sine_a/U0/inst_blk_mem_gen/gnbram.gnativebmg.native_blk_mem_gen/valid.cstr/ramloop[1].ram.r/prim_init.ram/DEVICE_7SERIES.NO_BMM_INFO.SP.SIMPLE_PRIM36.ram has an input control pin u_h_top/sine_a/U0/inst_blk_mem_gen/gnbram.gnativebmg.native_blk_mem_gen/valid.cstr/ramloop[1].ram.r/prim_init.ram/DEVICE_7SERIES.NO_BMM_INFO.SP.SIMPLE_PRIM36.ram/ADDRARDADDR[8] (net: u_h_top/sine_a/U0/inst_blk_mem_gen/gnbram.gnativebmg.native_blk_mem_gen/valid.cstr/ramloop[1].ram.r/prim_init.ram/addra[5]) which is driven by a register (u_h_top/u_dac_dds/inst/phase_acc_a_reg[25]) that has an active asychronous set or reset. This may cause corruption of the memory contents and/or read values when the set/reset is asserted and is not analyzed by the default static timing analysis. It is suggested to eliminate the use of a set/reset to registers driving this RAMB pin or else use a synchronous reset in which the assertion of the reset is timed by default.
WARNING: [DRC REQP-1839] RAMB36 async control check: The RAMB36E1 u_h_top/sine_a/U0/inst_blk_mem_gen/gnbram.gnativebmg.native_blk_mem_gen/valid.cstr/ramloop[1].ram.r/prim_init.ram/DEVICE_7SERIES.NO_BMM_INFO.SP.SIMPLE_PRIM36.ram has an input control pin u_h_top/sine_a/U0/inst_blk_mem_gen/gnbram.gnativebmg.native_blk_mem_gen/valid.cstr/ramloop[1].ram.r/prim_init.ram/DEVICE_7SERIES.NO_BMM_INFO.SP.SIMPLE_PRIM36.ram/ADDRARDADDR[9] (net: u_h_top/sine_a/U0/inst_blk_mem_gen/gnbram.gnativebmg.native_blk_mem_gen/valid.cstr/ramloop[1].ram.r/prim_init.ram/addra[6]) which is driven by a register (u_h_top/u_dac_dds/inst/phase_acc_a_reg[26]) that has an active asychronous set or reset. This may cause corruption of the memory contents and/or read values when the set/reset is asserted and is not analyzed by the default static timing analysis. It is suggested to eliminate the use of a set/reset to registers driving this RAMB pin or else use a synchronous reset in which the assertion of the reset is timed by default.
WARNING: [DRC RTSTAT-10] No routable loads: 11 net(s) have no routable loads. The problem bus(es) and/or net(s) are u_h_top/u_ad_fifo/inst/u_fifo/my_fifo_ip/U0/inst_fifo_gen/gconvfifo.rf/grf.rf/gntv_or_sync_fifo.mem/gbm.gbmg.gbmgb.ngecc.bmg/inst_blk_mem_gen/gnbram.gnativebmg.native_blk_mem_gen/valid.cstr/ramloop[1].ram.r/ENA_dly_D, u_h_top/u_ad_fifo/inst/u_fifo/my_fifo_ip/U0/inst_fifo_gen/gconvfifo.rf/grf.rf/gntv_or_sync_fifo.gl0.rd/gr1.gr1_int.rfwft/aempty_fwft_i, u_h_top/u_ad_fifo/inst/u_fifo/my_fifo_ip/U0/inst_fifo_gen/gconvfifo.rf/grf.rf/gntv_or_sync_fifo.gl0.rd/gr1.gr1_int.rfwft/empty_fwft_i, u_h_top/u_ad_fifo/inst/u_fifo/my_fifo_ip/U0/inst_fifo_gen/gconvfifo.rf/grf.rf/gntv_or_sync_fifo.gl0.rd/gras.rsts/ram_empty_i, u_h_top/u_ad_fifo/inst/u_fifo/my_fifo_ip/U0/inst_fifo_gen/gconvfifo.rf/grf.rf/rstblk/rd_rst_reg[2:0], u_h_top/u_ad_fifo/inst/u_fifo/my_fifo_ip/U0/inst_fifo_gen/gconvfifo.rf/grf.rf/gntv_or_sync_fifo.gl0.rd/gr1.gr1_int.rfwft/user_valid, and u_h_top/u_ad_fifo/inst/u_fifo/my_fifo_ip/U0/inst_fifo_gen/gconvfifo.rf/grf.rf/rstblk/wr_rst_reg[2:0].
INFO: [DRC REQP-165] writefirst: Synchronous clocking is detected for BRAM (u_system/system_i/axi_dma_adc/U0/I_PRMRY_DATAMOVER/GEN_S2MM_FULL.I_S2MM_FULL_WRAPPER/GEN_ENABLE_INDET_BTT_SF.I_INDET_BTT/I_DATA_FIFO/BLK_MEM.I_SYNC_FIFOGEN_FIFO/xpm_fifo_instance.xpm_fifo_sync_inst/xpm_fifo_base_inst/gen_sdpram.xpm_memory_base_inst/gen_wr_a.gen_word_narrow.mem_reg_1) in SDP mode with WRITE_FIRST write-mode. This is the preferred mode for best power characteristics, however it may exhibit address collisions if the same address appears on both read and write ports resulting in unknown or corrupted read data. It is suggested to confirm via simulation that an address collision never occurs and if so it is suggested to try and avoid this situation. If address collisions cannot be avoided, the write-mode may be set to READ_FIRST which guarantees that the read data is the prior contents of the memory at the cost of additional power in the design. See the FPGA Memory Resources User Guide for additional information.
INFO: [DRC REQP-181] writefirst: Synchronous clocking is detected for BRAM (u_system/system_i/axi_dma_adc/U0/I_PRMRY_DATAMOVER/GEN_S2MM_FULL.I_S2MM_FULL_WRAPPER/GEN_ENABLE_INDET_BTT_SF.I_INDET_BTT/I_DATA_FIFO/BLK_MEM.I_SYNC_FIFOGEN_FIFO/xpm_fifo_instance.xpm_fifo_sync_inst/xpm_fifo_base_inst/gen_sdpram.xpm_memory_base_inst/gen_wr_a.gen_word_narrow.mem_reg_0) in SDP mode with WRITE_FIRST write-mode. This is the preferred mode for best power characteristics, however it may exhibit address collisions if the same address appears on both read and write ports resulting in unknown or corrupted read data. It is suggested to confirm via simulation that an address collision never occurs and if so it is suggested to try and avoid this situation. If address collisions cannot be avoided, the write-mode may be set to READ_FIRST which guarantees that the read data is the prior contents of the memory at the cost of additional power in the design. See the FPGA Memory Resources User Guide for additional information.
INFO: [Vivado 12-3199] DRC finished with 0 Errors, 136 Warnings, 2 Advisories
INFO: [Vivado 12-3200] Please refer to the DRC report (report_drc) for more information.
INFO: [Designutils 20-2272] Running write_bitstream with 8 threads.
Loading data files...
Loading site data...
Loading route data...
Processing options...
Creating bitmap...
Creating bitstream...
Writing bitstream ./top.bit...
INFO: [Vivado 12-1842] Bitgen Completed Successfully.
INFO: [Project 1-120] WebTalk data collection is mandatory when using a WebPACK part without a full Vivado license. To see the specific WebTalk data collected for your design, open the usage_statistics_webtalk.html or usage_statistics_webtalk.xml file in the implementation directory.
INFO: [Common 17-83] Releasing license: Implementation
27 Infos, 136 Warnings, 0 Critical Warnings and 0 Errors encountered.
write_bitstream completed successfully
write_bitstream: Time (s): cpu = 00:00:06 ; elapsed = 00:00:13 . Memory (MB): peak = 2696.289 ; gain = 205.516
INFO: [Common 17-206] Exiting Vivado at Fri Jul 24 20:27:25 2026...
[Fri Jul 24 20:27:26 2026] impl_1 finished
wait_on_run: Time (s): cpu = 00:00:00 ; elapsed = 00:02:26 . Memory (MB): peak = 1106.246 ; gain = 0.000
# progress "checking generated top.bit"
2026-07-24 20:27:26 PL build: checking generated top.bit
# require_file $bit_file "Generated bitstream"
# progress "exporting hardware platform with bitstream to top.xsa"
2026-07-24 20:27:26 PL build: exporting hardware platform with bitstream to top.xsa
# write_hw_platform -fixed -include_bit -force -file $xsa_file
INFO: [Vivado 12-4895] Creating Hardware Platform: E:/7020_Project/25G/25G_PL/top.xsa ...
INFO: [Hsi 55-2053] elapsed time for repository (D:/FPGA/Xilinx/Vivado/2020.2/data\embeddedsw) loading 0 seconds
INFO: [Vivado 12-12467] The Hardware Platform can be used for Hardware
INFO: [Vivado 12-4896] Successfully created Hardware Platform: E:/7020_Project/25G/25G_PL/top.xsa
# pl_automation::close_if_opened $opened_by_script
# progress "DONE: generated $bit_file and exported $xsa_file with the bitstream"
2026-07-24 20:27:29 PL build: DONE: generated E:/7020_Project/25G/25G_PL/25G_PL.runs/impl_1/top.bit and exported E:/7020_Project/25G/25G_PL/top.xsa with the bitstream
INFO: [Common 17-206] Exiting Vivado at Fri Jul 24 20:27:29 2026...
