Copyright 1986-2020 Xilinx, Inc. All Rights Reserved.
-------------------------------------------------------------------------------------------------------------------------
| Tool Version : Vivado v.2020.2 (win64) Build 3064766 Wed Nov 18 09:12:45 MST 2020
| Date         : Fri Jul 31 01:12:58 2026
| Host         : Calvin running 64-bit major release  (build 9200)
| Command      : report_cdc -details -file D:/DianSai/2026_calvin/tmp/hardware/jay_2026g_hmi_final_repro_5b6ecdf/cdc.rpt
| Design       : top
| Device       : 7z020-clg400
| Speed File   : -2  PRODUCTION 1.12 2019-11-22
-------------------------------------------------------------------------------------------------------------------------

CDC Report

ID      Severity  Count  Description
------  --------  -----  -------------------------------------------------------
CDC-1   Critical     62  1-bit unknown CDC circuitry
CDC-2   Warning       7  1-bit synchronized with missing ASYNC_REG property
CDC-3   Info         29  1-bit synchronized with ASYNC_REG property
CDC-7   Critical     29  Asynchronous reset unknown CDC circuitry
CDC-9   Info          3  Asynchronous reset synchronized with ASYNC_REG property
CDC-10  Critical     62  Combinational logic detected before a synchronizer
CDC-11  Critical      2  Fan-out from launch flop to destination clock
CDC-15  Warning     688  Clock enable controlled CDC structure detected

Source Clock: clk_pll_phase_PLL_AD
Destination Clock: clk_fpga_0
CDC Type: No Common Primary Clock

Row  ID      Severity  Description                                         Depth  Exception   Source (From)                                                                                                                                        Destination (To)
---  ------  --------  --------------------------------------------------  -----  ----------  ---------------------------------------------------------------------------------------------------------------------------------------------------  ---------------------------------------------------------------------------------------------------------------------------------------------------------------------------------
  1  CDC-3   Info      1-bit synchronized with ASYNC_REG property              7  False Path  u_h_top/u_ad_fifo/inst/u_fifo/my_fifo_ip/U0/inst_fifo_gen/gconvfifo.rf/grf.rf/rstblk/ngwrdrst.grst.g7serrst.gsckt_wrst.gic_rst.sckt_wr_rst_ic_reg/C  u_h_top/u_ad_fifo/inst/u_fifo/my_fifo_ip/U0/inst_fifo_gen/gconvfifo.rf/grf.rf/rstblk/ngwrdrst.grst.g7serrst.gsckt_wrst.gic_rst.xpm_cdc_single_inst_wrst_rd/syncstages_ff_reg[0]/D
  2  CDC-3   Info      1-bit synchronized with ASYNC_REG property              5  False Path  u_h_top/u_ad_fifo/inst/u_fifo/rst_fifo_n_reg_inv/C                                                                                                   u_h_top/u_ad_fifo/inst/u_fifo/my_fifo_ip/U0/inst_fifo_gen/gconvfifo.rf/grf.rf/rstblk/ngwrdrst.grst.g7serrst.gsckt_wrst.gic_rst.xpm_cdc_sync_rst_inst_wrst/syncstages_ff_reg[0]/D
  3  CDC-15  Warning   Clock enable controlled CDC structure detected          0  False Path  u_system/system_i/ad_fifo_monitor_axi_0/inst/monitor_axi_inst/monitor_core/adc_sample_hold_reg[0]/C                                                  u_system/system_i/ad_fifo_monitor_axi_0/inst/monitor_axi_inst/monitor_core/adc_sample_count_reg[0]/D
  4  CDC-15  Warning   Clock enable controlled CDC structure detected          0  False Path  u_system/system_i/ad_fifo_monitor_axi_0/inst/monitor_axi_inst/monitor_core/adc_sample_hold_reg[1]/C                                                  u_system/system_i/ad_fifo_monitor_axi_0/inst/monitor_axi_inst/monitor_core/adc_sample_count_reg[1]/D
  5  CDC-15  Warning   Clock enable controlled CDC structure detected          0  False Path  u_system/system_i/ad_fifo_monitor_axi_0/inst/monitor_axi_inst/monitor_core/adc_sample_hold_reg[2]/C                                                  u_system/system_i/ad_fifo_monitor_axi_0/inst/monitor_axi_inst/monitor_core/adc_sample_count_reg[2]/D
  6  CDC-15  Warning   Clock enable controlled CDC structure detected          0  False Path  u_system/system_i/ad_fifo_monitor_axi_0/inst/monitor_axi_inst/monitor_core/adc_sample_hold_reg[3]/C                                                  u_system/system_i/ad_fifo_monitor_axi_0/inst/monitor_axi_inst/monitor_core/adc_sample_count_reg[3]/D
  7  CDC-15  Warning   Clock enable controlled CDC structure detected          0  False Path  u_system/system_i/ad_fifo_monitor_axi_0/inst/monitor_axi_inst/monitor_core/adc_sample_hold_reg[4]/C                                                  u_system/system_i/ad_fifo_monitor_axi_0/inst/monitor_axi_inst/monitor_core/adc_sample_count_reg[4]/D
  8  CDC-15  Warning   Clock enable controlled CDC structure detected          0  False Path  u_system/system_i/ad_fifo_monitor_axi_0/inst/monitor_axi_inst/monitor_core/adc_sample_hold_reg[5]/C                                                  u_system/system_i/ad_fifo_monitor_axi_0/inst/monitor_axi_inst/monitor_core/adc_sample_count_reg[5]/D
  9  CDC-15  Warning   Clock enable controlled CDC structure detected          0  False Path  u_system/system_i/ad_fifo_monitor_axi_0/inst/monitor_axi_inst/monitor_core/adc_sample_hold_reg[6]/C                                                  u_system/system_i/ad_fifo_monitor_axi_0/inst/monitor_axi_inst/monitor_core/adc_sample_count_reg[6]/D
 10  CDC-15  Warning   Clock enable controlled CDC structure detected          0  False Path  u_system/system_i/ad_fifo_monitor_axi_0/inst/monitor_axi_inst/monitor_core/adc_sample_hold_reg[7]/C                                                  u_system/system_i/ad_fifo_monitor_axi_0/inst/monitor_axi_inst/monitor_core/adc_sample_count_reg[7]/D
 11  CDC-15  Warning   Clock enable controlled CDC structure detected          0  False Path  u_system/system_i/ad_fifo_monitor_axi_0/inst/monitor_axi_inst/monitor_core/adc_sample_hold_reg[8]/C                                                  u_system/system_i/ad_fifo_monitor_axi_0/inst/monitor_axi_inst/monitor_core/adc_sample_count_reg[8]/D
 12  CDC-15  Warning   Clock enable controlled CDC structure detected          0  False Path  u_system/system_i/ad_fifo_monitor_axi_0/inst/monitor_axi_inst/monitor_core/adc_sample_hold_reg[9]/C                                                  u_system/system_i/ad_fifo_monitor_axi_0/inst/monitor_axi_inst/monitor_core/adc_sample_count_reg[9]/D
 13  CDC-15  Warning   Clock enable controlled CDC structure detected          0  False Path  u_system/system_i/ad_fifo_monitor_axi_0/inst/monitor_axi_inst/monitor_core/adc_sample_hold_reg[10]/C                                                 u_system/system_i/ad_fifo_monitor_axi_0/inst/monitor_axi_inst/monitor_core/adc_sample_count_reg[10]/D
 14  CDC-15  Warning   Clock enable controlled CDC structure detected          0  False Path  u_system/system_i/ad_fifo_monitor_axi_0/inst/monitor_axi_inst/monitor_core/adc_sample_hold_reg[11]/C                                                 u_system/system_i/ad_fifo_monitor_axi_0/inst/monitor_axi_inst/monitor_core/adc_sample_count_reg[11]/D
 15  CDC-15  Warning   Clock enable controlled CDC structure detected          0  False Path  u_system/system_i/ad_fifo_monitor_axi_0/inst/monitor_axi_inst/monitor_core/adc_sample_hold_reg[12]/C                                                 u_system/system_i/ad_fifo_monitor_axi_0/inst/monitor_axi_inst/monitor_core/adc_sample_count_reg[12]/D
 16  CDC-15  Warning   Clock enable controlled CDC structure detected          0  False Path  u_system/system_i/ad_fifo_monitor_axi_0/inst/monitor_axi_inst/monitor_core/adc_sample_hold_reg[13]/C                                                 u_system/system_i/ad_fifo_monitor_axi_0/inst/monitor_axi_inst/monitor_core/adc_sample_count_reg[13]/D
 17  CDC-15  Warning   Clock enable controlled CDC structure detected          0  False Path  u_system/system_i/ad_fifo_monitor_axi_0/inst/monitor_axi_inst/monitor_core/adc_sample_hold_reg[14]/C                                                 u_system/system_i/ad_fifo_monitor_axi_0/inst/monitor_axi_inst/monitor_core/adc_sample_count_reg[14]/D
 18  CDC-15  Warning   Clock enable controlled CDC structure detected          0  False Path  u_system/system_i/ad_fifo_monitor_axi_0/inst/monitor_axi_inst/monitor_core/adc_sample_hold_reg[15]/C                                                 u_system/system_i/ad_fifo_monitor_axi_0/inst/monitor_axi_inst/monitor_core/adc_sample_count_reg[15]/D
 19  CDC-15  Warning   Clock enable controlled CDC structure detected          0  False Path  u_system/system_i/ad_fifo_monitor_axi_0/inst/monitor_axi_inst/monitor_core/adc_sample_hold_reg[16]/C                                                 u_system/system_i/ad_fifo_monitor_axi_0/inst/monitor_axi_inst/monitor_core/adc_sample_count_reg[16]/D
 20  CDC-15  Warning   Clock enable controlled CDC structure detected          0  False Path  u_system/system_i/ad_fifo_monitor_axi_0/inst/monitor_axi_inst/monitor_core/adc_sample_hold_reg[17]/C                                                 u_system/system_i/ad_fifo_monitor_axi_0/inst/monitor_axi_inst/monitor_core/adc_sample_count_reg[17]/D
 21  CDC-15  Warning   Clock enable controlled CDC structure detected          0  False Path  u_system/system_i/ad_fifo_monitor_axi_0/inst/monitor_axi_inst/monitor_core/adc_sample_hold_reg[18]/C                                                 u_system/system_i/ad_fifo_monitor_axi_0/inst/monitor_axi_inst/monitor_core/adc_sample_count_reg[18]/D
 22  CDC-15  Warning   Clock enable controlled CDC structure detected          0  False Path  u_system/system_i/ad_fifo_monitor_axi_0/inst/monitor_axi_inst/monitor_core/adc_sample_hold_reg[19]/C                                                 u_system/system_i/ad_fifo_monitor_axi_0/inst/monitor_axi_inst/monitor_core/adc_sample_count_reg[19]/D
 23  CDC-15  Warning   Clock enable controlled CDC structure detected          0  False Path  u_system/system_i/ad_fifo_monitor_axi_0/inst/monitor_axi_inst/monitor_core/adc_sample_hold_reg[20]/C                                                 u_system/system_i/ad_fifo_monitor_axi_0/inst/monitor_axi_inst/monitor_core/adc_sample_count_reg[20]/D
 24  CDC-15  Warning   Clock enable controlled CDC structure detected          0  False Path  u_system/system_i/ad_fifo_monitor_axi_0/inst/monitor_axi_inst/monitor_core/adc_sample_hold_reg[21]/C                                                 u_system/system_i/ad_fifo_monitor_axi_0/inst/monitor_axi_inst/monitor_core/adc_sample_count_reg[21]/D
 25  CDC-15  Warning   Clock enable controlled CDC structure detected          0  False Path  u_system/system_i/ad_fifo_monitor_axi_0/inst/monitor_axi_inst/monitor_core/adc_sample_hold_reg[22]/C                                                 u_system/system_i/ad_fifo_monitor_axi_0/inst/monitor_axi_inst/monitor_core/adc_sample_count_reg[22]/D
 26  CDC-15  Warning   Clock enable controlled CDC structure detected          0  False Path  u_system/system_i/ad_fifo_monitor_axi_0/inst/monitor_axi_inst/monitor_core/adc_sample_hold_reg[23]/C                                                 u_system/system_i/ad_fifo_monitor_axi_0/inst/monitor_axi_inst/monitor_core/adc_sample_count_reg[23]/D
 27  CDC-15  Warning   Clock enable controlled CDC structure detected          0  False Path  u_system/system_i/ad_fifo_monitor_axi_0/inst/monitor_axi_inst/monitor_core/adc_sample_hold_reg[24]/C                                                 u_system/system_i/ad_fifo_monitor_axi_0/inst/monitor_axi_inst/monitor_core/adc_sample_count_reg[24]/D
 28  CDC-15  Warning   Clock enable controlled CDC structure detected          0  False Path  u_system/system_i/ad_fifo_monitor_axi_0/inst/monitor_axi_inst/monitor_core/adc_sample_hold_reg[25]/C                                                 u_system/system_i/ad_fifo_monitor_axi_0/inst/monitor_axi_inst/monitor_core/adc_sample_count_reg[25]/D
 29  CDC-15  Warning   Clock enable controlled CDC structure detected          0  False Path  u_system/system_i/ad_fifo_monitor_axi_0/inst/monitor_axi_inst/monitor_core/adc_sample_hold_reg[26]/C                                                 u_system/system_i/ad_fifo_monitor_axi_0/inst/monitor_axi_inst/monitor_core/adc_sample_count_reg[26]/D
 30  CDC-15  Warning   Clock enable controlled CDC structure detected          0  False Path  u_system/system_i/ad_fifo_monitor_axi_0/inst/monitor_axi_inst/monitor_core/adc_sample_hold_reg[27]/C                                                 u_system/system_i/ad_fifo_monitor_axi_0/inst/monitor_axi_inst/monitor_core/adc_sample_count_reg[27]/D
 31  CDC-15  Warning   Clock enable controlled CDC structure detected          0  False Path  u_system/system_i/ad_fifo_monitor_axi_0/inst/monitor_axi_inst/monitor_core/adc_sample_hold_reg[28]/C                                                 u_system/system_i/ad_fifo_monitor_axi_0/inst/monitor_axi_inst/monitor_core/adc_sample_count_reg[28]/D
 32  CDC-15  Warning   Clock enable controlled CDC structure detected          0  False Path  u_system/system_i/ad_fifo_monitor_axi_0/inst/monitor_axi_inst/monitor_core/adc_sample_hold_reg[29]/C                                                 u_system/system_i/ad_fifo_monitor_axi_0/inst/monitor_axi_inst/monitor_core/adc_sample_count_reg[29]/D
 33  CDC-15  Warning   Clock enable controlled CDC structure detected          0  False Path  u_system/system_i/ad_fifo_monitor_axi_0/inst/monitor_axi_inst/monitor_core/adc_sample_hold_reg[30]/C                                                 u_system/system_i/ad_fifo_monitor_axi_0/inst/monitor_axi_inst/monitor_core/adc_sample_count_reg[30]/D
 34  CDC-15  Warning   Clock enable controlled CDC structure detected          0  False Path  u_system/system_i/ad_fifo_monitor_axi_0/inst/monitor_axi_inst/monitor_core/adc_sample_hold_reg[31]/C                                                 u_system/system_i/ad_fifo_monitor_axi_0/inst/monitor_axi_inst/monitor_core/adc_sample_count_reg[31]/D
 35  CDC-15  Warning   Clock enable controlled CDC structure detected          0  False Path  u_system/system_i/ad_fifo_monitor_axi_0/inst/monitor_axi_inst/monitor_core/adc_sample_hold_reg[32]/C                                                 u_system/system_i/ad_fifo_monitor_axi_0/inst/monitor_axi_inst/monitor_core/adc_sample_count_reg[32]/D
 36  CDC-15  Warning   Clock enable controlled CDC structure detected          0  False Path  u_system/system_i/ad_fifo_monitor_axi_0/inst/monitor_axi_inst/monitor_core/adc_sample_hold_reg[33]/C                                                 u_system/system_i/ad_fifo_monitor_axi_0/inst/monitor_axi_inst/monitor_core/adc_sample_count_reg[33]/D
 37  CDC-15  Warning   Clock enable controlled CDC structure detected          0  False Path  u_system/system_i/ad_fifo_monitor_axi_0/inst/monitor_axi_inst/monitor_core/adc_sample_hold_reg[34]/C                                                 u_system/system_i/ad_fifo_monitor_axi_0/inst/monitor_axi_inst/monitor_core/adc_sample_count_reg[34]/D
 38  CDC-15  Warning   Clock enable controlled CDC structure detected          0  False Path  u_system/system_i/ad_fifo_monitor_axi_0/inst/monitor_axi_inst/monitor_core/adc_sample_hold_reg[35]/C                                                 u_system/system_i/ad_fifo_monitor_axi_0/inst/monitor_axi_inst/monitor_core/adc_sample_count_reg[35]/D
 39  CDC-15  Warning   Clock enable controlled CDC structure detected          0  False Path  u_system/system_i/ad_fifo_monitor_axi_0/inst/monitor_axi_inst/monitor_core/adc_sample_hold_reg[36]/C                                                 u_system/system_i/ad_fifo_monitor_axi_0/inst/monitor_axi_inst/monitor_core/adc_sample_count_reg[36]/D
 40  CDC-15  Warning   Clock enable controlled CDC structure detected          0  False Path  u_system/system_i/ad_fifo_monitor_axi_0/inst/monitor_axi_inst/monitor_core/adc_sample_hold_reg[37]/C                                                 u_system/system_i/ad_fifo_monitor_axi_0/inst/monitor_axi_inst/monitor_core/adc_sample_count_reg[37]/D
 41  CDC-15  Warning   Clock enable controlled CDC structure detected          0  False Path  u_system/system_i/ad_fifo_monitor_axi_0/inst/monitor_axi_inst/monitor_core/adc_sample_hold_reg[38]/C                                                 u_system/system_i/ad_fifo_monitor_axi_0/inst/monitor_axi_inst/monitor_core/adc_sample_count_reg[38]/D
 42  CDC-15  Warning   Clock enable controlled CDC structure detected          0  False Path  u_system/system_i/ad_fifo_monitor_axi_0/inst/monitor_axi_inst/monitor_core/adc_sample_hold_reg[39]/C                                                 u_system/system_i/ad_fifo_monitor_axi_0/inst/monitor_axi_inst/monitor_core/adc_sample_count_reg[39]/D
 43  CDC-15  Warning   Clock enable controlled CDC structure detected          0  False Path  u_system/system_i/ad_fifo_monitor_axi_0/inst/monitor_axi_inst/monitor_core/adc_sample_hold_reg[40]/C                                                 u_system/system_i/ad_fifo_monitor_axi_0/inst/monitor_axi_inst/monitor_core/adc_sample_count_reg[40]/D
 44  CDC-15  Warning   Clock enable controlled CDC structure detected          0  False Path  u_system/system_i/ad_fifo_monitor_axi_0/inst/monitor_axi_inst/monitor_core/adc_sample_hold_reg[41]/C                                                 u_system/system_i/ad_fifo_monitor_axi_0/inst/monitor_axi_inst/monitor_core/adc_sample_count_reg[41]/D
 45  CDC-15  Warning   Clock enable controlled CDC structure detected          0  False Path  u_system/system_i/ad_fifo_monitor_axi_0/inst/monitor_axi_inst/monitor_core/adc_sample_hold_reg[42]/C                                                 u_system/system_i/ad_fifo_monitor_axi_0/inst/monitor_axi_inst/monitor_core/adc_sample_count_reg[42]/D
 46  CDC-15  Warning   Clock enable controlled CDC structure detected          0  False Path  u_system/system_i/ad_fifo_monitor_axi_0/inst/monitor_axi_inst/monitor_core/adc_sample_hold_reg[43]/C                                                 u_system/system_i/ad_fifo_monitor_axi_0/inst/monitor_axi_inst/monitor_core/adc_sample_count_reg[43]/D
 47  CDC-15  Warning   Clock enable controlled CDC structure detected          0  False Path  u_system/system_i/ad_fifo_monitor_axi_0/inst/monitor_axi_inst/monitor_core/adc_sample_hold_reg[44]/C                                                 u_system/system_i/ad_fifo_monitor_axi_0/inst/monitor_axi_inst/monitor_core/adc_sample_count_reg[44]/D
 48  CDC-15  Warning   Clock enable controlled CDC structure detected          0  False Path  u_system/system_i/ad_fifo_monitor_axi_0/inst/monitor_axi_inst/monitor_core/adc_sample_hold_reg[45]/C                                                 u_system/system_i/ad_fifo_monitor_axi_0/inst/monitor_axi_inst/monitor_core/adc_sample_count_reg[45]/D
 49  CDC-15  Warning   Clock enable controlled CDC structure detected          0  False Path  u_system/system_i/ad_fifo_monitor_axi_0/inst/monitor_axi_inst/monitor_core/adc_sample_hold_reg[46]/C                                                 u_system/system_i/ad_fifo_monitor_axi_0/inst/monitor_axi_inst/monitor_core/adc_sample_count_reg[46]/D
 50  CDC-15  Warning   Clock enable controlled CDC structure detected          0  False Path  u_system/system_i/ad_fifo_monitor_axi_0/inst/monitor_axi_inst/monitor_core/adc_sample_hold_reg[47]/C                                                 u_system/system_i/ad_fifo_monitor_axi_0/inst/monitor_axi_inst/monitor_core/adc_sample_count_reg[47]/D
 51  CDC-15  Warning   Clock enable controlled CDC structure detected          0  False Path  u_system/system_i/ad_fifo_monitor_axi_0/inst/monitor_axi_inst/monitor_core/adc_sample_hold_reg[48]/C                                                 u_system/system_i/ad_fifo_monitor_axi_0/inst/monitor_axi_inst/monitor_core/adc_sample_count_reg[48]/D
 52  CDC-15  Warning   Clock enable controlled CDC structure detected          0  False Path  u_system/system_i/ad_fifo_monitor_axi_0/inst/monitor_axi_inst/monitor_core/adc_sample_hold_reg[49]/C                                                 u_system/system_i/ad_fifo_monitor_axi_0/inst/monitor_axi_inst/monitor_core/adc_sample_count_reg[49]/D
 53  CDC-15  Warning   Clock enable controlled CDC structure detected          0  False Path  u_system/system_i/ad_fifo_monitor_axi_0/inst/monitor_axi_inst/monitor_core/adc_sample_hold_reg[50]/C                                                 u_system/system_i/ad_fifo_monitor_axi_0/inst/monitor_axi_inst/monitor_core/adc_sample_count_reg[50]/D
 54  CDC-15  Warning   Clock enable controlled CDC structure detected          0  False Path  u_system/system_i/ad_fifo_monitor_axi_0/inst/monitor_axi_inst/monitor_core/adc_sample_hold_reg[51]/C                                                 u_system/system_i/ad_fifo_monitor_axi_0/inst/monitor_axi_inst/monitor_core/adc_sample_count_reg[51]/D
 55  CDC-15  Warning   Clock enable controlled CDC structure detected          0  False Path  u_system/system_i/ad_fifo_monitor_axi_0/inst/monitor_axi_inst/monitor_core/adc_sample_hold_reg[52]/C                                                 u_system/system_i/ad_fifo_monitor_axi_0/inst/monitor_axi_inst/monitor_core/adc_sample_count_reg[52]/D
 56  CDC-15  Warning   Clock enable controlled CDC structure detected          0  False Path  u_system/system_i/ad_fifo_monitor_axi_0/inst/monitor_axi_inst/monitor_core/adc_sample_hold_reg[53]/C                                                 u_system/system_i/ad_fifo_monitor_axi_0/inst/monitor_axi_inst/monitor_core/adc_sample_count_reg[53]/D
 57  CDC-15  Warning   Clock enable controlled CDC structure detected          0  False Path  u_system/system_i/ad_fifo_monitor_axi_0/inst/monitor_axi_inst/monitor_core/adc_sample_hold_reg[54]/C                                                 u_system/system_i/ad_fifo_monitor_axi_0/inst/monitor_axi_inst/monitor_core/adc_sample_count_reg[54]/D
 58  CDC-15  Warning   Clock enable controlled CDC structure detected          0  False Path  u_system/system_i/ad_fifo_monitor_axi_0/inst/monitor_axi_inst/monitor_core/adc_sample_hold_reg[55]/C                                                 u_system/system_i/ad_fifo_monitor_axi_0/inst/monitor_axi_inst/monitor_core/adc_sample_count_reg[55]/D
 59  CDC-15  Warning   Clock enable controlled CDC structure detected          0  False Path  u_system/system_i/ad_fifo_monitor_axi_0/inst/monitor_axi_inst/monitor_core/adc_sample_hold_reg[56]/C                                                 u_system/system_i/ad_fifo_monitor_axi_0/inst/monitor_axi_inst/monitor_core/adc_sample_count_reg[56]/D
 60  CDC-15  Warning   Clock enable controlled CDC structure detected          0  False Path  u_system/system_i/ad_fifo_monitor_axi_0/inst/monitor_axi_inst/monitor_core/adc_sample_hold_reg[57]/C                                                 u_system/system_i/ad_fifo_monitor_axi_0/inst/monitor_axi_inst/monitor_core/adc_sample_count_reg[57]/D
 61  CDC-15  Warning   Clock enable controlled CDC structure detected          0  False Path  u_system/system_i/ad_fifo_monitor_axi_0/inst/monitor_axi_inst/monitor_core/adc_sample_hold_reg[58]/C                                                 u_system/system_i/ad_fifo_monitor_axi_0/inst/monitor_axi_inst/monitor_core/adc_sample_count_reg[58]/D
 62  CDC-15  Warning   Clock enable controlled CDC structure detected          0  False Path  u_system/system_i/ad_fifo_monitor_axi_0/inst/monitor_axi_inst/monitor_core/adc_sample_hold_reg[59]/C                                                 u_system/system_i/ad_fifo_monitor_axi_0/inst/monitor_axi_inst/monitor_core/adc_sample_count_reg[59]/D
 63  CDC-15  Warning   Clock enable controlled CDC structure detected          0  False Path  u_system/system_i/ad_fifo_monitor_axi_0/inst/monitor_axi_inst/monitor_core/adc_sample_hold_reg[60]/C                                                 u_system/system_i/ad_fifo_monitor_axi_0/inst/monitor_axi_inst/monitor_core/adc_sample_count_reg[60]/D
 64  CDC-15  Warning   Clock enable controlled CDC structure detected          0  False Path  u_system/system_i/ad_fifo_monitor_axi_0/inst/monitor_axi_inst/monitor_core/adc_sample_hold_reg[61]/C                                                 u_system/system_i/ad_fifo_monitor_axi_0/inst/monitor_axi_inst/monitor_core/adc_sample_count_reg[61]/D
 65  CDC-15  Warning   Clock enable controlled CDC structure detected          0  False Path  u_system/system_i/ad_fifo_monitor_axi_0/inst/monitor_axi_inst/monitor_core/adc_sample_hold_reg[62]/C                                                 u_system/system_i/ad_fifo_monitor_axi_0/inst/monitor_axi_inst/monitor_core/adc_sample_count_reg[62]/D
 66  CDC-15  Warning   Clock enable controlled CDC structure detected          0  False Path  u_system/system_i/ad_fifo_monitor_axi_0/inst/monitor_axi_inst/monitor_core/adc_sample_hold_reg[63]/C                                                 u_system/system_i/ad_fifo_monitor_axi_0/inst/monitor_axi_inst/monitor_core/adc_sample_count_reg[63]/D
 67  CDC-15  Warning   Clock enable controlled CDC structure detected          0  False Path  u_system/system_i/ad_fifo_monitor_axi_0/inst/monitor_axi_inst/monitor_core/blocked_high_watermark_hold_reg[0]/C                                      u_system/system_i/ad_fifo_monitor_axi_0/inst/monitor_axi_inst/monitor_core/blocked_high_watermark_count_reg[0]/D
 68  CDC-15  Warning   Clock enable controlled CDC structure detected          0  False Path  u_system/system_i/ad_fifo_monitor_axi_0/inst/monitor_axi_inst/monitor_core/blocked_high_watermark_hold_reg[1]/C                                      u_system/system_i/ad_fifo_monitor_axi_0/inst/monitor_axi_inst/monitor_core/blocked_high_watermark_count_reg[1]/D
 69  CDC-15  Warning   Clock enable controlled CDC structure detected          0  False Path  u_system/system_i/ad_fifo_monitor_axi_0/inst/monitor_axi_inst/monitor_core/blocked_high_watermark_hold_reg[2]/C                                      u_system/system_i/ad_fifo_monitor_axi_0/inst/monitor_axi_inst/monitor_core/blocked_high_watermark_count_reg[2]/D
 70  CDC-15  Warning   Clock enable controlled CDC structure detected          0  False Path  u_system/system_i/ad_fifo_monitor_axi_0/inst/monitor_axi_inst/monitor_core/blocked_high_watermark_hold_reg[3]/C                                      u_system/system_i/ad_fifo_monitor_axi_0/inst/monitor_axi_inst/monitor_core/blocked_high_watermark_count_reg[3]/D
 71  CDC-15  Warning   Clock enable controlled CDC structure detected          0  False Path  u_system/system_i/ad_fifo_monitor_axi_0/inst/monitor_axi_inst/monitor_core/blocked_high_watermark_hold_reg[4]/C                                      u_system/system_i/ad_fifo_monitor_axi_0/inst/monitor_axi_inst/monitor_core/blocked_high_watermark_count_reg[4]/D
 72  CDC-15  Warning   Clock enable controlled CDC structure detected          0  False Path  u_system/system_i/ad_fifo_monitor_axi_0/inst/monitor_axi_inst/monitor_core/blocked_high_watermark_hold_reg[5]/C                                      u_system/system_i/ad_fifo_monitor_axi_0/inst/monitor_axi_inst/monitor_core/blocked_high_watermark_count_reg[5]/D
 73  CDC-15  Warning   Clock enable controlled CDC structure detected          0  False Path  u_system/system_i/ad_fifo_monitor_axi_0/inst/monitor_axi_inst/monitor_core/blocked_high_watermark_hold_reg[6]/C                                      u_system/system_i/ad_fifo_monitor_axi_0/inst/monitor_axi_inst/monitor_core/blocked_high_watermark_count_reg[6]/D
 74  CDC-15  Warning   Clock enable controlled CDC structure detected          0  False Path  u_system/system_i/ad_fifo_monitor_axi_0/inst/monitor_axi_inst/monitor_core/blocked_high_watermark_hold_reg[7]/C                                      u_system/system_i/ad_fifo_monitor_axi_0/inst/monitor_axi_inst/monitor_core/blocked_high_watermark_count_reg[7]/D
 75  CDC-15  Warning   Clock enable controlled CDC structure detected          0  False Path  u_system/system_i/ad_fifo_monitor_axi_0/inst/monitor_axi_inst/monitor_core/blocked_high_watermark_hold_reg[8]/C                                      u_system/system_i/ad_fifo_monitor_axi_0/inst/monitor_axi_inst/monitor_core/blocked_high_watermark_count_reg[8]/D
 76  CDC-15  Warning   Clock enable controlled CDC structure detected          0  False Path  u_system/system_i/ad_fifo_monitor_axi_0/inst/monitor_axi_inst/monitor_core/blocked_high_watermark_hold_reg[9]/C                                      u_system/system_i/ad_fifo_monitor_axi_0/inst/monitor_axi_inst/monitor_core/blocked_high_watermark_count_reg[9]/D
 77  CDC-15  Warning   Clock enable controlled CDC structure detected          0  False Path  u_system/system_i/ad_fifo_monitor_axi_0/inst/monitor_axi_inst/monitor_core/blocked_high_watermark_hold_reg[10]/C                                     u_system/system_i/ad_fifo_monitor_axi_0/inst/monitor_axi_inst/monitor_core/blocked_high_watermark_count_reg[10]/D
 78  CDC-15  Warning   Clock enable controlled CDC structure detected          0  False Path  u_system/system_i/ad_fifo_monitor_axi_0/inst/monitor_axi_inst/monitor_core/blocked_high_watermark_hold_reg[11]/C                                     u_system/system_i/ad_fifo_monitor_axi_0/inst/monitor_axi_inst/monitor_core/blocked_high_watermark_count_reg[11]/D
 79  CDC-15  Warning   Clock enable controlled CDC structure detected          0  False Path  u_system/system_i/ad_fifo_monitor_axi_0/inst/monitor_axi_inst/monitor_core/blocked_high_watermark_hold_reg[12]/C                                     u_system/system_i/ad_fifo_monitor_axi_0/inst/monitor_axi_inst/monitor_core/blocked_high_watermark_count_reg[12]/D
 80  CDC-15  Warning   Clock enable controlled CDC structure detected          0  False Path  u_system/system_i/ad_fifo_monitor_axi_0/inst/monitor_axi_inst/monitor_core/blocked_high_watermark_hold_reg[13]/C                                     u_system/system_i/ad_fifo_monitor_axi_0/inst/monitor_axi_inst/monitor_core/blocked_high_watermark_count_reg[13]/D
 81  CDC-15  Warning   Clock enable controlled CDC structure detected          0  False Path  u_system/system_i/ad_fifo_monitor_axi_0/inst/monitor_axi_inst/monitor_core/blocked_high_watermark_hold_reg[14]/C                                     u_system/system_i/ad_fifo_monitor_axi_0/inst/monitor_axi_inst/monitor_core/blocked_high_watermark_count_reg[14]/D
 82  CDC-15  Warning   Clock enable controlled CDC structure detected          0  False Path  u_system/system_i/ad_fifo_monitor_axi_0/inst/monitor_axi_inst/monitor_core/blocked_high_watermark_hold_reg[15]/C                                     u_system/system_i/ad_fifo_monitor_axi_0/inst/monitor_axi_inst/monitor_core/blocked_high_watermark_count_reg[15]/D
 83  CDC-15  Warning   Clock enable controlled CDC structure detected          0  False Path  u_system/system_i/ad_fifo_monitor_axi_0/inst/monitor_axi_inst/monitor_core/blocked_high_watermark_hold_reg[16]/C                                     u_system/system_i/ad_fifo_monitor_axi_0/inst/monitor_axi_inst/monitor_core/blocked_high_watermark_count_reg[16]/D
 84  CDC-15  Warning   Clock enable controlled CDC structure detected          0  False Path  u_system/system_i/ad_fifo_monitor_axi_0/inst/monitor_axi_inst/monitor_core/blocked_high_watermark_hold_reg[17]/C                                     u_system/system_i/ad_fifo_monitor_axi_0/inst/monitor_axi_inst/monitor_core/blocked_high_watermark_count_reg[17]/D
 85  CDC-15  Warning   Clock enable controlled CDC structure detected          0  False Path  u_system/system_i/ad_fifo_monitor_axi_0/inst/monitor_axi_inst/monitor_core/blocked_high_watermark_hold_reg[18]/C                                     u_system/system_i/ad_fifo_monitor_axi_0/inst/monitor_axi_inst/monitor_core/blocked_high_watermark_count_reg[18]/D
 86  CDC-15  Warning   Clock enable controlled CDC structure detected          0  False Path  u_system/system_i/ad_fifo_monitor_axi_0/inst/monitor_axi_inst/monitor_core/blocked_high_watermark_hold_reg[19]/C                                     u_system/system_i/ad_fifo_monitor_axi_0/inst/monitor_axi_inst/monitor_core/blocked_high_watermark_count_reg[19]/D
 87  CDC-15  Warning   Clock enable controlled CDC structure detected          0  False Path  u_system/system_i/ad_fifo_monitor_axi_0/inst/monitor_axi_inst/monitor_core/blocked_high_watermark_hold_reg[20]/C                                     u_system/system_i/ad_fifo_monitor_axi_0/inst/monitor_axi_inst/monitor_core/blocked_high_watermark_count_reg[20]/D
 88  CDC-15  Warning   Clock enable controlled CDC structure detected          0  False Path  u_system/system_i/ad_fifo_monitor_axi_0/inst/monitor_axi_inst/monitor_core/blocked_high_watermark_hold_reg[21]/C                                     u_system/system_i/ad_fifo_monitor_axi_0/inst/monitor_axi_inst/monitor_core/blocked_high_watermark_count_reg[21]/D
 89  CDC-15  Warning   Clock enable controlled CDC structure detected          0  False Path  u_system/system_i/ad_fifo_monitor_axi_0/inst/monitor_axi_inst/monitor_core/blocked_high_watermark_hold_reg[22]/C                                     u_system/system_i/ad_fifo_monitor_axi_0/inst/monitor_axi_inst/monitor_core/blocked_high_watermark_count_reg[22]/D
 90  CDC-15  Warning   Clock enable controlled CDC structure detected          0  False Path  u_system/system_i/ad_fifo_monitor_axi_0/inst/monitor_axi_inst/monitor_core/blocked_high_watermark_hold_reg[23]/C                                     u_system/system_i/ad_fifo_monitor_axi_0/inst/monitor_axi_inst/monitor_core/blocked_high_watermark_count_reg[23]/D
 91  CDC-15  Warning   Clock enable controlled CDC structure detected          0  False Path  u_system/system_i/ad_fifo_monitor_axi_0/inst/monitor_axi_inst/monitor_core/blocked_high_watermark_hold_reg[24]/C                                     u_system/system_i/ad_fifo_monitor_axi_0/inst/monitor_axi_inst/monitor_core/blocked_high_watermark_count_reg[24]/D
 92  CDC-15  Warning   Clock enable controlled CDC structure detected          0  False Path  u_system/system_i/ad_fifo_monitor_axi_0/inst/monitor_axi_inst/monitor_core/blocked_high_watermark_hold_reg[25]/C                                     u_system/system_i/ad_fifo_monitor_axi_0/inst/monitor_axi_inst/monitor_core/blocked_high_watermark_count_reg[25]/D
 93  CDC-15  Warning   Clock enable controlled CDC structure detected          0  False Path  u_system/system_i/ad_fifo_monitor_axi_0/inst/monitor_axi_inst/monitor_core/blocked_high_watermark_hold_reg[26]/C                                     u_system/system_i/ad_fifo_monitor_axi_0/inst/monitor_axi_inst/monitor_core/blocked_high_watermark_count_reg[26]/D
 94  CDC-15  Warning   Clock enable controlled CDC structure detected          0  False Path  u_system/system_i/ad_fifo_monitor_axi_0/inst/monitor_axi_inst/monitor_core/blocked_high_watermark_hold_reg[27]/C                                     u_system/system_i/ad_fifo_monitor_axi_0/inst/monitor_axi_inst/monitor_core/blocked_high_watermark_count_reg[27]/D
 95  CDC-15  Warning   Clock enable controlled CDC structure detected          0  False Path  u_system/system_i/ad_fifo_monitor_axi_0/inst/monitor_axi_inst/monitor_core/blocked_high_watermark_hold_reg[28]/C                                     u_system/system_i/ad_fifo_monitor_axi_0/inst/monitor_axi_inst/monitor_core/blocked_high_watermark_count_reg[28]/D
 96  CDC-15  Warning   Clock enable controlled CDC structure detected          0  False Path  u_system/system_i/ad_fifo_monitor_axi_0/inst/monitor_axi_inst/monitor_core/blocked_high_watermark_hold_reg[29]/C                                     u_system/system_i/ad_fifo_monitor_axi_0/inst/monitor_axi_inst/monitor_core/blocked_high_watermark_count_reg[29]/D
 97  CDC-15  Warning   Clock enable controlled CDC structure detected          0  False Path  u_system/system_i/ad_fifo_monitor_axi_0/inst/monitor_axi_inst/monitor_core/blocked_high_watermark_hold_reg[30]/C                                     u_system/system_i/ad_fifo_monitor_axi_0/inst/monitor_axi_inst/monitor_core/blocked_high_watermark_count_reg[30]/D
 98  CDC-15  Warning   Clock enable controlled CDC structure detected          0  False Path  u_system/system_i/ad_fifo_monitor_axi_0/inst/monitor_axi_inst/monitor_core/blocked_high_watermark_hold_reg[31]/C                                     u_system/system_i/ad_fifo_monitor_axi_0/inst/monitor_axi_inst/monitor_core/blocked_high_watermark_count_reg[31]/D
 99  CDC-15  Warning   Clock enable controlled CDC structure detected          0  False Path  u_system/system_i/ad_fifo_monitor_axi_0/inst/monitor_axi_inst/monitor_core/blocked_high_watermark_hold_reg[32]/C                                     u_system/system_i/ad_fifo_monitor_axi_0/inst/monitor_axi_inst/monitor_core/blocked_high_watermark_count_reg[32]/D
100  CDC-15  Warning   Clock enable controlled CDC structure detected          0  False Path  u_system/system_i/ad_fifo_monitor_axi_0/inst/monitor_axi_inst/monitor_core/blocked_high_watermark_hold_reg[33]/C                                     u_system/system_i/ad_fifo_monitor_axi_0/inst/monitor_axi_inst/monitor_core/blocked_high_watermark_count_reg[33]/D
101  CDC-15  Warning   Clock enable controlled CDC structure detected          0  False Path  u_system/system_i/ad_fifo_monitor_axi_0/inst/monitor_axi_inst/monitor_core/blocked_high_watermark_hold_reg[34]/C                                     u_system/system_i/ad_fifo_monitor_axi_0/inst/monitor_axi_inst/monitor_core/blocked_high_watermark_count_reg[34]/D
102  CDC-15  Warning   Clock enable controlled CDC structure detected          0  False Path  u_system/system_i/ad_fifo_monitor_axi_0/inst/monitor_axi_inst/monitor_core/blocked_high_watermark_hold_reg[35]/C                                     u_system/system_i/ad_fifo_monitor_axi_0/inst/monitor_axi_inst/monitor_core/blocked_high_watermark_count_reg[35]/D
103  CDC-15  Warning   Clock enable controlled CDC structure detected          0  False Path  u_system/system_i/ad_fifo_monitor_axi_0/inst/monitor_axi_inst/monitor_core/blocked_high_watermark_hold_reg[36]/C                                     u_system/system_i/ad_fifo_monitor_axi_0/inst/monitor_axi_inst/monitor_core/blocked_high_watermark_count_reg[36]/D
104  CDC-15  Warning   Clock enable controlled CDC structure detected          0  False Path  u_system/system_i/ad_fifo_monitor_axi_0/inst/monitor_axi_inst/monitor_core/blocked_high_watermark_hold_reg[37]/C                                     u_system/system_i/ad_fifo_monitor_axi_0/inst/monitor_axi_inst/monitor_core/blocked_high_watermark_count_reg[37]/D
105  CDC-15  Warning   Clock enable controlled CDC structure detected          0  False Path  u_system/system_i/ad_fifo_monitor_axi_0/inst/monitor_axi_inst/monitor_core/blocked_high_watermark_hold_reg[38]/C                                     u_system/system_i/ad_fifo_monitor_axi_0/inst/monitor_axi_inst/monitor_core/blocked_high_watermark_count_reg[38]/D
106  CDC-15  Warning   Clock enable controlled CDC structure detected          0  False Path  u_system/system_i/ad_fifo_monitor_axi_0/inst/monitor_axi_inst/monitor_core/blocked_high_watermark_hold_reg[39]/C                                     u_system/system_i/ad_fifo_monitor_axi_0/inst/monitor_axi_inst/monitor_core/blocked_high_watermark_count_reg[39]/D
107  CDC-15  Warning   Clock enable controlled CDC structure detected          0  False Path  u_system/system_i/ad_fifo_monitor_axi_0/inst/monitor_axi_inst/monitor_core/blocked_high_watermark_hold_reg[40]/C                                     u_system/system_i/ad_fifo_monitor_axi_0/inst/monitor_axi_inst/monitor_core/blocked_high_watermark_count_reg[40]/D
108  CDC-15  Warning   Clock enable controlled CDC structure detected          0  False Path  u_system/system_i/ad_fifo_monitor_axi_0/inst/monitor_axi_inst/monitor_core/blocked_high_watermark_hold_reg[41]/C                                     u_system/system_i/ad_fifo_monitor_axi_0/inst/monitor_axi_inst/monitor_core/blocked_high_watermark_count_reg[41]/D
109  CDC-15  Warning   Clock enable controlled CDC structure detected          0  False Path  u_system/system_i/ad_fifo_monitor_axi_0/inst/monitor_axi_inst/monitor_core/blocked_high_watermark_hold_reg[42]/C                                     u_system/system_i/ad_fifo_monitor_axi_0/inst/monitor_axi_inst/monitor_core/blocked_high_watermark_count_reg[42]/D
110  CDC-15  Warning   Clock enable controlled CDC structure detected          0  False Path  u_system/system_i/ad_fifo_monitor_axi_0/inst/monitor_axi_inst/monitor_core/blocked_high_watermark_hold_reg[43]/C                                     u_system/system_i/ad_fifo_monitor_axi_0/inst/monitor_axi_inst/monitor_core/blocked_high_watermark_count_reg[43]/D
111  CDC-15  Warning   Clock enable controlled CDC structure detected          0  False Path  u_system/system_i/ad_fifo_monitor_axi_0/inst/monitor_axi_inst/monitor_core/blocked_high_watermark_hold_reg[44]/C                                     u_system/system_i/ad_fifo_monitor_axi_0/inst/monitor_axi_inst/monitor_core/blocked_high_watermark_count_reg[44]/D
112  CDC-15  Warning   Clock enable controlled CDC structure detected          0  False Path  u_system/system_i/ad_fifo_monitor_axi_0/inst/monitor_axi_inst/monitor_core/blocked_high_watermark_hold_reg[45]/C                                     u_system/system_i/ad_fifo_monitor_axi_0/inst/monitor_axi_inst/monitor_core/blocked_high_watermark_count_reg[45]/D
113  CDC-15  Warning   Clock enable controlled CDC structure detected          0  False Path  u_system/system_i/ad_fifo_monitor_axi_0/inst/monitor_axi_inst/monitor_core/blocked_high_watermark_hold_reg[46]/C                                     u_system/system_i/ad_fifo_monitor_axi_0/inst/monitor_axi_inst/monitor_core/blocked_high_watermark_count_reg[46]/D
114  CDC-15  Warning   Clock enable controlled CDC structure detected          0  False Path  u_system/system_i/ad_fifo_monitor_axi_0/inst/monitor_axi_inst/monitor_core/blocked_high_watermark_hold_reg[47]/C                                     u_system/system_i/ad_fifo_monitor_axi_0/inst/monitor_axi_inst/monitor_core/blocked_high_watermark_count_reg[47]/D
115  CDC-15  Warning   Clock enable controlled CDC structure detected          0  False Path  u_system/system_i/ad_fifo_monitor_axi_0/inst/monitor_axi_inst/monitor_core/blocked_high_watermark_hold_reg[48]/C                                     u_system/system_i/ad_fifo_monitor_axi_0/inst/monitor_axi_inst/monitor_core/blocked_high_watermark_count_reg[48]/D
116  CDC-15  Warning   Clock enable controlled CDC structure detected          0  False Path  u_system/system_i/ad_fifo_monitor_axi_0/inst/monitor_axi_inst/monitor_core/blocked_high_watermark_hold_reg[49]/C                                     u_system/system_i/ad_fifo_monitor_axi_0/inst/monitor_axi_inst/monitor_core/blocked_high_watermark_count_reg[49]/D
117  CDC-15  Warning   Clock enable controlled CDC structure detected          0  False Path  u_system/system_i/ad_fifo_monitor_axi_0/inst/monitor_axi_inst/monitor_core/blocked_high_watermark_hold_reg[50]/C                                     u_system/system_i/ad_fifo_monitor_axi_0/inst/monitor_axi_inst/monitor_core/blocked_high_watermark_count_reg[50]/D
118  CDC-15  Warning   Clock enable controlled CDC structure detected          0  False Path  u_system/system_i/ad_fifo_monitor_axi_0/inst/monitor_axi_inst/monitor_core/blocked_high_watermark_hold_reg[51]/C                                     u_system/system_i/ad_fifo_monitor_axi_0/inst/monitor_axi_inst/monitor_core/blocked_high_watermark_count_reg[51]/D
119  CDC-15  Warning   Clock enable controlled CDC structure detected          0  False Path  u_system/system_i/ad_fifo_monitor_axi_0/inst/monitor_axi_inst/monitor_core/blocked_high_watermark_hold_reg[52]/C                                     u_system/system_i/ad_fifo_monitor_axi_0/inst/monitor_axi_inst/monitor_core/blocked_high_watermark_count_reg[52]/D
120  CDC-15  Warning   Clock enable controlled CDC structure detected          0  False Path  u_system/system_i/ad_fifo_monitor_axi_0/inst/monitor_axi_inst/monitor_core/blocked_high_watermark_hold_reg[53]/C                                     u_system/system_i/ad_fifo_monitor_axi_0/inst/monitor_axi_inst/monitor_core/blocked_high_watermark_count_reg[53]/D
121  CDC-15  Warning   Clock enable controlled CDC structure detected          0  False Path  u_system/system_i/ad_fifo_monitor_axi_0/inst/monitor_axi_inst/monitor_core/blocked_high_watermark_hold_reg[54]/C                                     u_system/system_i/ad_fifo_monitor_axi_0/inst/monitor_axi_inst/monitor_core/blocked_high_watermark_count_reg[54]/D
122  CDC-15  Warning   Clock enable controlled CDC structure detected          0  False Path  u_system/system_i/ad_fifo_monitor_axi_0/inst/monitor_axi_inst/monitor_core/blocked_high_watermark_hold_reg[55]/C                                     u_system/system_i/ad_fifo_monitor_axi_0/inst/monitor_axi_inst/monitor_core/blocked_high_watermark_count_reg[55]/D
123  CDC-15  Warning   Clock enable controlled CDC structure detected          0  False Path  u_system/system_i/ad_fifo_monitor_axi_0/inst/monitor_axi_inst/monitor_core/blocked_high_watermark_hold_reg[56]/C                                     u_system/system_i/ad_fifo_monitor_axi_0/inst/monitor_axi_inst/monitor_core/blocked_high_watermark_count_reg[56]/D
124  CDC-15  Warning   Clock enable controlled CDC structure detected          0  False Path  u_system/system_i/ad_fifo_monitor_axi_0/inst/monitor_axi_inst/monitor_core/blocked_high_watermark_hold_reg[57]/C                                     u_system/system_i/ad_fifo_monitor_axi_0/inst/monitor_axi_inst/monitor_core/blocked_high_watermark_count_reg[57]/D
125  CDC-15  Warning   Clock enable controlled CDC structure detected          0  False Path  u_system/system_i/ad_fifo_monitor_axi_0/inst/monitor_axi_inst/monitor_core/blocked_high_watermark_hold_reg[58]/C                                     u_system/system_i/ad_fifo_monitor_axi_0/inst/monitor_axi_inst/monitor_core/blocked_high_watermark_count_reg[58]/D
126  CDC-15  Warning   Clock enable controlled CDC structure detected          0  False Path  u_system/system_i/ad_fifo_monitor_axi_0/inst/monitor_axi_inst/monitor_core/blocked_high_watermark_hold_reg[59]/C                                     u_system/system_i/ad_fifo_monitor_axi_0/inst/monitor_axi_inst/monitor_core/blocked_high_watermark_count_reg[59]/D
127  CDC-15  Warning   Clock enable controlled CDC structure detected          0  False Path  u_system/system_i/ad_fifo_monitor_axi_0/inst/monitor_axi_inst/monitor_core/blocked_high_watermark_hold_reg[60]/C                                     u_system/system_i/ad_fifo_monitor_axi_0/inst/monitor_axi_inst/monitor_core/blocked_high_watermark_count_reg[60]/D
128  CDC-15  Warning   Clock enable controlled CDC structure detected          0  False Path  u_system/system_i/ad_fifo_monitor_axi_0/inst/monitor_axi_inst/monitor_core/blocked_high_watermark_hold_reg[61]/C                                     u_system/system_i/ad_fifo_monitor_axi_0/inst/monitor_axi_inst/monitor_core/blocked_high_watermark_count_reg[61]/D
129  CDC-15  Warning   Clock enable controlled CDC structure detected          0  False Path  u_system/system_i/ad_fifo_monitor_axi_0/inst/monitor_axi_inst/monitor_core/blocked_high_watermark_hold_reg[62]/C                                     u_system/system_i/ad_fifo_monitor_axi_0/inst/monitor_axi_inst/monitor_core/blocked_high_watermark_count_reg[62]/D
130  CDC-15  Warning   Clock enable controlled CDC structure detected          0  False Path  u_system/system_i/ad_fifo_monitor_axi_0/inst/monitor_axi_inst/monitor_core/blocked_high_watermark_hold_reg[63]/C                                     u_system/system_i/ad_fifo_monitor_axi_0/inst/monitor_axi_inst/monitor_core/blocked_high_watermark_count_reg[63]/D
131  CDC-15  Warning   Clock enable controlled CDC structure detected          0  False Path  u_system/system_i/ad_fifo_monitor_axi_0/inst/monitor_axi_inst/monitor_core/blocked_reset_hold_reg[0]/C                                               u_system/system_i/ad_fifo_monitor_axi_0/inst/monitor_axi_inst/monitor_core/blocked_reset_count_reg[0]/D
132  CDC-15  Warning   Clock enable controlled CDC structure detected          0  False Path  u_system/system_i/ad_fifo_monitor_axi_0/inst/monitor_axi_inst/monitor_core/blocked_reset_hold_reg[1]/C                                               u_system/system_i/ad_fifo_monitor_axi_0/inst/monitor_axi_inst/monitor_core/blocked_reset_count_reg[1]/D
133  CDC-15  Warning   Clock enable controlled CDC structure detected          0  False Path  u_system/system_i/ad_fifo_monitor_axi_0/inst/monitor_axi_inst/monitor_core/blocked_reset_hold_reg[2]/C                                               u_system/system_i/ad_fifo_monitor_axi_0/inst/monitor_axi_inst/monitor_core/blocked_reset_count_reg[2]/D
134  CDC-15  Warning   Clock enable controlled CDC structure detected          0  False Path  u_system/system_i/ad_fifo_monitor_axi_0/inst/monitor_axi_inst/monitor_core/blocked_reset_hold_reg[3]/C                                               u_system/system_i/ad_fifo_monitor_axi_0/inst/monitor_axi_inst/monitor_core/blocked_reset_count_reg[3]/D
135  CDC-15  Warning   Clock enable controlled CDC structure detected          0  False Path  u_system/system_i/ad_fifo_monitor_axi_0/inst/monitor_axi_inst/monitor_core/blocked_reset_hold_reg[4]/C                                               u_system/system_i/ad_fifo_monitor_axi_0/inst/monitor_axi_inst/monitor_core/blocked_reset_count_reg[4]/D
136  CDC-15  Warning   Clock enable controlled CDC structure detected          0  False Path  u_system/system_i/ad_fifo_monitor_axi_0/inst/monitor_axi_inst/monitor_core/blocked_reset_hold_reg[5]/C                                               u_system/system_i/ad_fifo_monitor_axi_0/inst/monitor_axi_inst/monitor_core/blocked_reset_count_reg[5]/D
137  CDC-15  Warning   Clock enable controlled CDC structure detected          0  False Path  u_system/system_i/ad_fifo_monitor_axi_0/inst/monitor_axi_inst/monitor_core/blocked_reset_hold_reg[6]/C                                               u_system/system_i/ad_fifo_monitor_axi_0/inst/monitor_axi_inst/monitor_core/blocked_reset_count_reg[6]/D
138  CDC-15  Warning   Clock enable controlled CDC structure detected          0  False Path  u_system/system_i/ad_fifo_monitor_axi_0/inst/monitor_axi_inst/monitor_core/blocked_reset_hold_reg[7]/C                                               u_system/system_i/ad_fifo_monitor_axi_0/inst/monitor_axi_inst/monitor_core/blocked_reset_count_reg[7]/D
139  CDC-15  Warning   Clock enable controlled CDC structure detected          0  False Path  u_system/system_i/ad_fifo_monitor_axi_0/inst/monitor_axi_inst/monitor_core/blocked_reset_hold_reg[8]/C                                               u_system/system_i/ad_fifo_monitor_axi_0/inst/monitor_axi_inst/monitor_core/blocked_reset_count_reg[8]/D
140  CDC-15  Warning   Clock enable controlled CDC structure detected          0  False Path  u_system/system_i/ad_fifo_monitor_axi_0/inst/monitor_axi_inst/monitor_core/blocked_reset_hold_reg[9]/C                                               u_system/system_i/ad_fifo_monitor_axi_0/inst/monitor_axi_inst/monitor_core/blocked_reset_count_reg[9]/D
141  CDC-15  Warning   Clock enable controlled CDC structure detected          0  False Path  u_system/system_i/ad_fifo_monitor_axi_0/inst/monitor_axi_inst/monitor_core/blocked_reset_hold_reg[10]/C                                              u_system/system_i/ad_fifo_monitor_axi_0/inst/monitor_axi_inst/monitor_core/blocked_reset_count_reg[10]/D
142  CDC-15  Warning   Clock enable controlled CDC structure detected          0  False Path  u_system/system_i/ad_fifo_monitor_axi_0/inst/monitor_axi_inst/monitor_core/blocked_reset_hold_reg[11]/C                                              u_system/system_i/ad_fifo_monitor_axi_0/inst/monitor_axi_inst/monitor_core/blocked_reset_count_reg[11]/D
143  CDC-15  Warning   Clock enable controlled CDC structure detected          0  False Path  u_system/system_i/ad_fifo_monitor_axi_0/inst/monitor_axi_inst/monitor_core/blocked_reset_hold_reg[12]/C                                              u_system/system_i/ad_fifo_monitor_axi_0/inst/monitor_axi_inst/monitor_core/blocked_reset_count_reg[12]/D
144  CDC-15  Warning   Clock enable controlled CDC structure detected          0  False Path  u_system/system_i/ad_fifo_monitor_axi_0/inst/monitor_axi_inst/monitor_core/blocked_reset_hold_reg[13]/C                                              u_system/system_i/ad_fifo_monitor_axi_0/inst/monitor_axi_inst/monitor_core/blocked_reset_count_reg[13]/D
145  CDC-15  Warning   Clock enable controlled CDC structure detected          0  False Path  u_system/system_i/ad_fifo_monitor_axi_0/inst/monitor_axi_inst/monitor_core/blocked_reset_hold_reg[14]/C                                              u_system/system_i/ad_fifo_monitor_axi_0/inst/monitor_axi_inst/monitor_core/blocked_reset_count_reg[14]/D
146  CDC-15  Warning   Clock enable controlled CDC structure detected          0  False Path  u_system/system_i/ad_fifo_monitor_axi_0/inst/monitor_axi_inst/monitor_core/blocked_reset_hold_reg[15]/C                                              u_system/system_i/ad_fifo_monitor_axi_0/inst/monitor_axi_inst/monitor_core/blocked_reset_count_reg[15]/D
147  CDC-15  Warning   Clock enable controlled CDC structure detected          0  False Path  u_system/system_i/ad_fifo_monitor_axi_0/inst/monitor_axi_inst/monitor_core/blocked_reset_hold_reg[16]/C                                              u_system/system_i/ad_fifo_monitor_axi_0/inst/monitor_axi_inst/monitor_core/blocked_reset_count_reg[16]/D
148  CDC-15  Warning   Clock enable controlled CDC structure detected          0  False Path  u_system/system_i/ad_fifo_monitor_axi_0/inst/monitor_axi_inst/monitor_core/blocked_reset_hold_reg[17]/C                                              u_system/system_i/ad_fifo_monitor_axi_0/inst/monitor_axi_inst/monitor_core/blocked_reset_count_reg[17]/D
149  CDC-15  Warning   Clock enable controlled CDC structure detected          0  False Path  u_system/system_i/ad_fifo_monitor_axi_0/inst/monitor_axi_inst/monitor_core/blocked_reset_hold_reg[18]/C                                              u_system/system_i/ad_fifo_monitor_axi_0/inst/monitor_axi_inst/monitor_core/blocked_reset_count_reg[18]/D
150  CDC-15  Warning   Clock enable controlled CDC structure detected          0  False Path  u_system/system_i/ad_fifo_monitor_axi_0/inst/monitor_axi_inst/monitor_core/blocked_reset_hold_reg[19]/C                                              u_system/system_i/ad_fifo_monitor_axi_0/inst/monitor_axi_inst/monitor_core/blocked_reset_count_reg[19]/D
151  CDC-15  Warning   Clock enable controlled CDC structure detected          0  False Path  u_system/system_i/ad_fifo_monitor_axi_0/inst/monitor_axi_inst/monitor_core/blocked_reset_hold_reg[20]/C                                              u_system/system_i/ad_fifo_monitor_axi_0/inst/monitor_axi_inst/monitor_core/blocked_reset_count_reg[20]/D
152  CDC-15  Warning   Clock enable controlled CDC structure detected          0  False Path  u_system/system_i/ad_fifo_monitor_axi_0/inst/monitor_axi_inst/monitor_core/blocked_reset_hold_reg[21]/C                                              u_system/system_i/ad_fifo_monitor_axi_0/inst/monitor_axi_inst/monitor_core/blocked_reset_count_reg[21]/D
153  CDC-15  Warning   Clock enable controlled CDC structure detected          0  False Path  u_system/system_i/ad_fifo_monitor_axi_0/inst/monitor_axi_inst/monitor_core/blocked_reset_hold_reg[22]/C                                              u_system/system_i/ad_fifo_monitor_axi_0/inst/monitor_axi_inst/monitor_core/blocked_reset_count_reg[22]/D
154  CDC-15  Warning   Clock enable controlled CDC structure detected          0  False Path  u_system/system_i/ad_fifo_monitor_axi_0/inst/monitor_axi_inst/monitor_core/blocked_reset_hold_reg[23]/C                                              u_system/system_i/ad_fifo_monitor_axi_0/inst/monitor_axi_inst/monitor_core/blocked_reset_count_reg[23]/D
155  CDC-15  Warning   Clock enable controlled CDC structure detected          0  False Path  u_system/system_i/ad_fifo_monitor_axi_0/inst/monitor_axi_inst/monitor_core/blocked_reset_hold_reg[24]/C                                              u_system/system_i/ad_fifo_monitor_axi_0/inst/monitor_axi_inst/monitor_core/blocked_reset_count_reg[24]/D
156  CDC-15  Warning   Clock enable controlled CDC structure detected          0  False Path  u_system/system_i/ad_fifo_monitor_axi_0/inst/monitor_axi_inst/monitor_core/blocked_reset_hold_reg[25]/C                                              u_system/system_i/ad_fifo_monitor_axi_0/inst/monitor_axi_inst/monitor_core/blocked_reset_count_reg[25]/D
157  CDC-15  Warning   Clock enable controlled CDC structure detected          0  False Path  u_system/system_i/ad_fifo_monitor_axi_0/inst/monitor_axi_inst/monitor_core/blocked_reset_hold_reg[26]/C                                              u_system/system_i/ad_fifo_monitor_axi_0/inst/monitor_axi_inst/monitor_core/blocked_reset_count_reg[26]/D
158  CDC-15  Warning   Clock enable controlled CDC structure detected          0  False Path  u_system/system_i/ad_fifo_monitor_axi_0/inst/monitor_axi_inst/monitor_core/blocked_reset_hold_reg[27]/C                                              u_system/system_i/ad_fifo_monitor_axi_0/inst/monitor_axi_inst/monitor_core/blocked_reset_count_reg[27]/D
159  CDC-15  Warning   Clock enable controlled CDC structure detected          0  False Path  u_system/system_i/ad_fifo_monitor_axi_0/inst/monitor_axi_inst/monitor_core/blocked_reset_hold_reg[28]/C                                              u_system/system_i/ad_fifo_monitor_axi_0/inst/monitor_axi_inst/monitor_core/blocked_reset_count_reg[28]/D
160  CDC-15  Warning   Clock enable controlled CDC structure detected          0  False Path  u_system/system_i/ad_fifo_monitor_axi_0/inst/monitor_axi_inst/monitor_core/blocked_reset_hold_reg[29]/C                                              u_system/system_i/ad_fifo_monitor_axi_0/inst/monitor_axi_inst/monitor_core/blocked_reset_count_reg[29]/D
161  CDC-15  Warning   Clock enable controlled CDC structure detected          0  False Path  u_system/system_i/ad_fifo_monitor_axi_0/inst/monitor_axi_inst/monitor_core/blocked_reset_hold_reg[30]/C                                              u_system/system_i/ad_fifo_monitor_axi_0/inst/monitor_axi_inst/monitor_core/blocked_reset_count_reg[30]/D
162  CDC-15  Warning   Clock enable controlled CDC structure detected          0  False Path  u_system/system_i/ad_fifo_monitor_axi_0/inst/monitor_axi_inst/monitor_core/blocked_reset_hold_reg[31]/C                                              u_system/system_i/ad_fifo_monitor_axi_0/inst/monitor_axi_inst/monitor_core/blocked_reset_count_reg[31]/D
163  CDC-15  Warning   Clock enable controlled CDC structure detected          0  False Path  u_system/system_i/ad_fifo_monitor_axi_0/inst/monitor_axi_inst/monitor_core/blocked_reset_hold_reg[32]/C                                              u_system/system_i/ad_fifo_monitor_axi_0/inst/monitor_axi_inst/monitor_core/blocked_reset_count_reg[32]/D
164  CDC-15  Warning   Clock enable controlled CDC structure detected          0  False Path  u_system/system_i/ad_fifo_monitor_axi_0/inst/monitor_axi_inst/monitor_core/blocked_reset_hold_reg[33]/C                                              u_system/system_i/ad_fifo_monitor_axi_0/inst/monitor_axi_inst/monitor_core/blocked_reset_count_reg[33]/D
165  CDC-15  Warning   Clock enable controlled CDC structure detected          0  False Path  u_system/system_i/ad_fifo_monitor_axi_0/inst/monitor_axi_inst/monitor_core/blocked_reset_hold_reg[34]/C                                              u_system/system_i/ad_fifo_monitor_axi_0/inst/monitor_axi_inst/monitor_core/blocked_reset_count_reg[34]/D
166  CDC-15  Warning   Clock enable controlled CDC structure detected          0  False Path  u_system/system_i/ad_fifo_monitor_axi_0/inst/monitor_axi_inst/monitor_core/blocked_reset_hold_reg[35]/C                                              u_system/system_i/ad_fifo_monitor_axi_0/inst/monitor_axi_inst/monitor_core/blocked_reset_count_reg[35]/D
167  CDC-15  Warning   Clock enable controlled CDC structure detected          0  False Path  u_system/system_i/ad_fifo_monitor_axi_0/inst/monitor_axi_inst/monitor_core/blocked_reset_hold_reg[36]/C                                              u_system/system_i/ad_fifo_monitor_axi_0/inst/monitor_axi_inst/monitor_core/blocked_reset_count_reg[36]/D
168  CDC-15  Warning   Clock enable controlled CDC structure detected          0  False Path  u_system/system_i/ad_fifo_monitor_axi_0/inst/monitor_axi_inst/monitor_core/blocked_reset_hold_reg[37]/C                                              u_system/system_i/ad_fifo_monitor_axi_0/inst/monitor_axi_inst/monitor_core/blocked_reset_count_reg[37]/D
169  CDC-15  Warning   Clock enable controlled CDC structure detected          0  False Path  u_system/system_i/ad_fifo_monitor_axi_0/inst/monitor_axi_inst/monitor_core/blocked_reset_hold_reg[38]/C                                              u_system/system_i/ad_fifo_monitor_axi_0/inst/monitor_axi_inst/monitor_core/blocked_reset_count_reg[38]/D
170  CDC-15  Warning   Clock enable controlled CDC structure detected          0  False Path  u_system/system_i/ad_fifo_monitor_axi_0/inst/monitor_axi_inst/monitor_core/blocked_reset_hold_reg[39]/C                                              u_system/system_i/ad_fifo_monitor_axi_0/inst/monitor_axi_inst/monitor_core/blocked_reset_count_reg[39]/D
171  CDC-15  Warning   Clock enable controlled CDC structure detected          0  False Path  u_system/system_i/ad_fifo_monitor_axi_0/inst/monitor_axi_inst/monitor_core/blocked_reset_hold_reg[40]/C                                              u_system/system_i/ad_fifo_monitor_axi_0/inst/monitor_axi_inst/monitor_core/blocked_reset_count_reg[40]/D
172  CDC-15  Warning   Clock enable controlled CDC structure detected          0  False Path  u_system/system_i/ad_fifo_monitor_axi_0/inst/monitor_axi_inst/monitor_core/blocked_reset_hold_reg[41]/C                                              u_system/system_i/ad_fifo_monitor_axi_0/inst/monitor_axi_inst/monitor_core/blocked_reset_count_reg[41]/D
173  CDC-15  Warning   Clock enable controlled CDC structure detected          0  False Path  u_system/system_i/ad_fifo_monitor_axi_0/inst/monitor_axi_inst/monitor_core/blocked_reset_hold_reg[42]/C                                              u_system/system_i/ad_fifo_monitor_axi_0/inst/monitor_axi_inst/monitor_core/blocked_reset_count_reg[42]/D
174  CDC-15  Warning   Clock enable controlled CDC structure detected          0  False Path  u_system/system_i/ad_fifo_monitor_axi_0/inst/monitor_axi_inst/monitor_core/blocked_reset_hold_reg[43]/C                                              u_system/system_i/ad_fifo_monitor_axi_0/inst/monitor_axi_inst/monitor_core/blocked_reset_count_reg[43]/D
175  CDC-15  Warning   Clock enable controlled CDC structure detected          0  False Path  u_system/system_i/ad_fifo_monitor_axi_0/inst/monitor_axi_inst/monitor_core/blocked_reset_hold_reg[44]/C                                              u_system/system_i/ad_fifo_monitor_axi_0/inst/monitor_axi_inst/monitor_core/blocked_reset_count_reg[44]/D
176  CDC-15  Warning   Clock enable controlled CDC structure detected          0  False Path  u_system/system_i/ad_fifo_monitor_axi_0/inst/monitor_axi_inst/monitor_core/blocked_reset_hold_reg[45]/C                                              u_system/system_i/ad_fifo_monitor_axi_0/inst/monitor_axi_inst/monitor_core/blocked_reset_count_reg[45]/D
177  CDC-15  Warning   Clock enable controlled CDC structure detected          0  False Path  u_system/system_i/ad_fifo_monitor_axi_0/inst/monitor_axi_inst/monitor_core/blocked_reset_hold_reg[46]/C                                              u_system/system_i/ad_fifo_monitor_axi_0/inst/monitor_axi_inst/monitor_core/blocked_reset_count_reg[46]/D
178  CDC-15  Warning   Clock enable controlled CDC structure detected          0  False Path  u_system/system_i/ad_fifo_monitor_axi_0/inst/monitor_axi_inst/monitor_core/blocked_reset_hold_reg[47]/C                                              u_system/system_i/ad_fifo_monitor_axi_0/inst/monitor_axi_inst/monitor_core/blocked_reset_count_reg[47]/D
179  CDC-15  Warning   Clock enable controlled CDC structure detected          0  False Path  u_system/system_i/ad_fifo_monitor_axi_0/inst/monitor_axi_inst/monitor_core/blocked_reset_hold_reg[48]/C                                              u_system/system_i/ad_fifo_monitor_axi_0/inst/monitor_axi_inst/monitor_core/blocked_reset_count_reg[48]/D
180  CDC-15  Warning   Clock enable controlled CDC structure detected          0  False Path  u_system/system_i/ad_fifo_monitor_axi_0/inst/monitor_axi_inst/monitor_core/blocked_reset_hold_reg[49]/C                                              u_system/system_i/ad_fifo_monitor_axi_0/inst/monitor_axi_inst/monitor_core/blocked_reset_count_reg[49]/D
181  CDC-15  Warning   Clock enable controlled CDC structure detected          0  False Path  u_system/system_i/ad_fifo_monitor_axi_0/inst/monitor_axi_inst/monitor_core/blocked_reset_hold_reg[50]/C                                              u_system/system_i/ad_fifo_monitor_axi_0/inst/monitor_axi_inst/monitor_core/blocked_reset_count_reg[50]/D
182  CDC-15  Warning   Clock enable controlled CDC structure detected          0  False Path  u_system/system_i/ad_fifo_monitor_axi_0/inst/monitor_axi_inst/monitor_core/blocked_reset_hold_reg[51]/C                                              u_system/system_i/ad_fifo_monitor_axi_0/inst/monitor_axi_inst/monitor_core/blocked_reset_count_reg[51]/D
183  CDC-15  Warning   Clock enable controlled CDC structure detected          0  False Path  u_system/system_i/ad_fifo_monitor_axi_0/inst/monitor_axi_inst/monitor_core/blocked_reset_hold_reg[52]/C                                              u_system/system_i/ad_fifo_monitor_axi_0/inst/monitor_axi_inst/monitor_core/blocked_reset_count_reg[52]/D
184  CDC-15  Warning   Clock enable controlled CDC structure detected          0  False Path  u_system/system_i/ad_fifo_monitor_axi_0/inst/monitor_axi_inst/monitor_core/blocked_reset_hold_reg[53]/C                                              u_system/system_i/ad_fifo_monitor_axi_0/inst/monitor_axi_inst/monitor_core/blocked_reset_count_reg[53]/D
185  CDC-15  Warning   Clock enable controlled CDC structure detected          0  False Path  u_system/system_i/ad_fifo_monitor_axi_0/inst/monitor_axi_inst/monitor_core/blocked_reset_hold_reg[54]/C                                              u_system/system_i/ad_fifo_monitor_axi_0/inst/monitor_axi_inst/monitor_core/blocked_reset_count_reg[54]/D
186  CDC-15  Warning   Clock enable controlled CDC structure detected          0  False Path  u_system/system_i/ad_fifo_monitor_axi_0/inst/monitor_axi_inst/monitor_core/blocked_reset_hold_reg[55]/C                                              u_system/system_i/ad_fifo_monitor_axi_0/inst/monitor_axi_inst/monitor_core/blocked_reset_count_reg[55]/D
187  CDC-15  Warning   Clock enable controlled CDC structure detected          0  False Path  u_system/system_i/ad_fifo_monitor_axi_0/inst/monitor_axi_inst/monitor_core/blocked_reset_hold_reg[56]/C                                              u_system/system_i/ad_fifo_monitor_axi_0/inst/monitor_axi_inst/monitor_core/blocked_reset_count_reg[56]/D
188  CDC-15  Warning   Clock enable controlled CDC structure detected          0  False Path  u_system/system_i/ad_fifo_monitor_axi_0/inst/monitor_axi_inst/monitor_core/blocked_reset_hold_reg[57]/C                                              u_system/system_i/ad_fifo_monitor_axi_0/inst/monitor_axi_inst/monitor_core/blocked_reset_count_reg[57]/D
189  CDC-15  Warning   Clock enable controlled CDC structure detected          0  False Path  u_system/system_i/ad_fifo_monitor_axi_0/inst/monitor_axi_inst/monitor_core/blocked_reset_hold_reg[58]/C                                              u_system/system_i/ad_fifo_monitor_axi_0/inst/monitor_axi_inst/monitor_core/blocked_reset_count_reg[58]/D
190  CDC-15  Warning   Clock enable controlled CDC structure detected          0  False Path  u_system/system_i/ad_fifo_monitor_axi_0/inst/monitor_axi_inst/monitor_core/blocked_reset_hold_reg[59]/C                                              u_system/system_i/ad_fifo_monitor_axi_0/inst/monitor_axi_inst/monitor_core/blocked_reset_count_reg[59]/D
191  CDC-15  Warning   Clock enable controlled CDC structure detected          0  False Path  u_system/system_i/ad_fifo_monitor_axi_0/inst/monitor_axi_inst/monitor_core/blocked_reset_hold_reg[60]/C                                              u_system/system_i/ad_fifo_monitor_axi_0/inst/monitor_axi_inst/monitor_core/blocked_reset_count_reg[60]/D
192  CDC-15  Warning   Clock enable controlled CDC structure detected          0  False Path  u_system/system_i/ad_fifo_monitor_axi_0/inst/monitor_axi_inst/monitor_core/blocked_reset_hold_reg[61]/C                                              u_system/system_i/ad_fifo_monitor_axi_0/inst/monitor_axi_inst/monitor_core/blocked_reset_count_reg[61]/D
193  CDC-15  Warning   Clock enable controlled CDC structure detected          0  False Path  u_system/system_i/ad_fifo_monitor_axi_0/inst/monitor_axi_inst/monitor_core/blocked_reset_hold_reg[62]/C                                              u_system/system_i/ad_fifo_monitor_axi_0/inst/monitor_axi_inst/monitor_core/blocked_reset_count_reg[62]/D
194  CDC-15  Warning   Clock enable controlled CDC structure detected          0  False Path  u_system/system_i/ad_fifo_monitor_axi_0/inst/monitor_axi_inst/monitor_core/blocked_reset_hold_reg[63]/C                                              u_system/system_i/ad_fifo_monitor_axi_0/inst/monitor_axi_inst/monitor_core/blocked_reset_count_reg[63]/D
195  CDC-3   Info      1-bit synchronized with ASYNC_REG property              2  False Path  u_system/system_i/ad_fifo_monitor_axi_0/inst/monitor_axi_inst/monitor_core/write_blocked_sticky_adc_reg/C                                            u_system/system_i/ad_fifo_monitor_axi_0/inst/monitor_axi_inst/monitor_core/blocked_sticky_sync_reg[0]/D
196  CDC-3   Info      1-bit synchronized with ASYNC_REG property              2  False Path  u_system/system_i/ad_fifo_monitor_axi_0/inst/monitor_axi_inst/monitor_core/clear_ack_toggle_reg/C                                                    u_system/system_i/ad_fifo_monitor_axi_0/inst/monitor_axi_inst/monitor_core/clear_ack_sync_reg[0]/D
197  CDC-3   Info      1-bit synchronized with ASYNC_REG property              2  False Path  u_h_top/u_ad_fifo/inst/u_fifo/my_fifo_ip/U0/inst_fifo_gen/gconvfifo.rf/grf.rf/gntv_or_sync_fifo.gl0.wr/gwas.wsts/ram_full_i_reg/C                    u_system/system_i/ad_fifo_monitor_axi_0/inst/monitor_axi_inst/monitor_core/fifo_full_sync_reg[0]/D
198  CDC-15  Warning   Clock enable controlled CDC structure detected          0  False Path  u_system/system_i/ad_fifo_monitor_axi_0/inst/monitor_axi_inst/monitor_core/fifo_write_hold_reg[0]/C                                                  u_system/system_i/ad_fifo_monitor_axi_0/inst/monitor_axi_inst/monitor_core/fifo_write_count_reg[0]/D
199  CDC-15  Warning   Clock enable controlled CDC structure detected          0  False Path  u_system/system_i/ad_fifo_monitor_axi_0/inst/monitor_axi_inst/monitor_core/fifo_write_hold_reg[1]/C                                                  u_system/system_i/ad_fifo_monitor_axi_0/inst/monitor_axi_inst/monitor_core/fifo_write_count_reg[1]/D
200  CDC-15  Warning   Clock enable controlled CDC structure detected          0  False Path  u_system/system_i/ad_fifo_monitor_axi_0/inst/monitor_axi_inst/monitor_core/fifo_write_hold_reg[2]/C                                                  u_system/system_i/ad_fifo_monitor_axi_0/inst/monitor_axi_inst/monitor_core/fifo_write_count_reg[2]/D
201  CDC-15  Warning   Clock enable controlled CDC structure detected          0  False Path  u_system/system_i/ad_fifo_monitor_axi_0/inst/monitor_axi_inst/monitor_core/fifo_write_hold_reg[3]/C                                                  u_system/system_i/ad_fifo_monitor_axi_0/inst/monitor_axi_inst/monitor_core/fifo_write_count_reg[3]/D
202  CDC-15  Warning   Clock enable controlled CDC structure detected          0  False Path  u_system/system_i/ad_fifo_monitor_axi_0/inst/monitor_axi_inst/monitor_core/fifo_write_hold_reg[4]/C                                                  u_system/system_i/ad_fifo_monitor_axi_0/inst/monitor_axi_inst/monitor_core/fifo_write_count_reg[4]/D
203  CDC-15  Warning   Clock enable controlled CDC structure detected          0  False Path  u_system/system_i/ad_fifo_monitor_axi_0/inst/monitor_axi_inst/monitor_core/fifo_write_hold_reg[5]/C                                                  u_system/system_i/ad_fifo_monitor_axi_0/inst/monitor_axi_inst/monitor_core/fifo_write_count_reg[5]/D
204  CDC-15  Warning   Clock enable controlled CDC structure detected          0  False Path  u_system/system_i/ad_fifo_monitor_axi_0/inst/monitor_axi_inst/monitor_core/fifo_write_hold_reg[6]/C                                                  u_system/system_i/ad_fifo_monitor_axi_0/inst/monitor_axi_inst/monitor_core/fifo_write_count_reg[6]/D
205  CDC-15  Warning   Clock enable controlled CDC structure detected          0  False Path  u_system/system_i/ad_fifo_monitor_axi_0/inst/monitor_axi_inst/monitor_core/fifo_write_hold_reg[7]/C                                                  u_system/system_i/ad_fifo_monitor_axi_0/inst/monitor_axi_inst/monitor_core/fifo_write_count_reg[7]/D
206  CDC-15  Warning   Clock enable controlled CDC structure detected          0  False Path  u_system/system_i/ad_fifo_monitor_axi_0/inst/monitor_axi_inst/monitor_core/fifo_write_hold_reg[8]/C                                                  u_system/system_i/ad_fifo_monitor_axi_0/inst/monitor_axi_inst/monitor_core/fifo_write_count_reg[8]/D
207  CDC-15  Warning   Clock enable controlled CDC structure detected          0  False Path  u_system/system_i/ad_fifo_monitor_axi_0/inst/monitor_axi_inst/monitor_core/fifo_write_hold_reg[9]/C                                                  u_system/system_i/ad_fifo_monitor_axi_0/inst/monitor_axi_inst/monitor_core/fifo_write_count_reg[9]/D
208  CDC-15  Warning   Clock enable controlled CDC structure detected          0  False Path  u_system/system_i/ad_fifo_monitor_axi_0/inst/monitor_axi_inst/monitor_core/fifo_write_hold_reg[10]/C                                                 u_system/system_i/ad_fifo_monitor_axi_0/inst/monitor_axi_inst/monitor_core/fifo_write_count_reg[10]/D
209  CDC-15  Warning   Clock enable controlled CDC structure detected          0  False Path  u_system/system_i/ad_fifo_monitor_axi_0/inst/monitor_axi_inst/monitor_core/fifo_write_hold_reg[11]/C                                                 u_system/system_i/ad_fifo_monitor_axi_0/inst/monitor_axi_inst/monitor_core/fifo_write_count_reg[11]/D
210  CDC-15  Warning   Clock enable controlled CDC structure detected          0  False Path  u_system/system_i/ad_fifo_monitor_axi_0/inst/monitor_axi_inst/monitor_core/fifo_write_hold_reg[12]/C                                                 u_system/system_i/ad_fifo_monitor_axi_0/inst/monitor_axi_inst/monitor_core/fifo_write_count_reg[12]/D
211  CDC-15  Warning   Clock enable controlled CDC structure detected          0  False Path  u_system/system_i/ad_fifo_monitor_axi_0/inst/monitor_axi_inst/monitor_core/fifo_write_hold_reg[13]/C                                                 u_system/system_i/ad_fifo_monitor_axi_0/inst/monitor_axi_inst/monitor_core/fifo_write_count_reg[13]/D
212  CDC-15  Warning   Clock enable controlled CDC structure detected          0  False Path  u_system/system_i/ad_fifo_monitor_axi_0/inst/monitor_axi_inst/monitor_core/fifo_write_hold_reg[14]/C                                                 u_system/system_i/ad_fifo_monitor_axi_0/inst/monitor_axi_inst/monitor_core/fifo_write_count_reg[14]/D
213  CDC-15  Warning   Clock enable controlled CDC structure detected          0  False Path  u_system/system_i/ad_fifo_monitor_axi_0/inst/monitor_axi_inst/monitor_core/fifo_write_hold_reg[15]/C                                                 u_system/system_i/ad_fifo_monitor_axi_0/inst/monitor_axi_inst/monitor_core/fifo_write_count_reg[15]/D
214  CDC-15  Warning   Clock enable controlled CDC structure detected          0  False Path  u_system/system_i/ad_fifo_monitor_axi_0/inst/monitor_axi_inst/monitor_core/fifo_write_hold_reg[16]/C                                                 u_system/system_i/ad_fifo_monitor_axi_0/inst/monitor_axi_inst/monitor_core/fifo_write_count_reg[16]/D
215  CDC-15  Warning   Clock enable controlled CDC structure detected          0  False Path  u_system/system_i/ad_fifo_monitor_axi_0/inst/monitor_axi_inst/monitor_core/fifo_write_hold_reg[17]/C                                                 u_system/system_i/ad_fifo_monitor_axi_0/inst/monitor_axi_inst/monitor_core/fifo_write_count_reg[17]/D
216  CDC-15  Warning   Clock enable controlled CDC structure detected          0  False Path  u_system/system_i/ad_fifo_monitor_axi_0/inst/monitor_axi_inst/monitor_core/fifo_write_hold_reg[18]/C                                                 u_system/system_i/ad_fifo_monitor_axi_0/inst/monitor_axi_inst/monitor_core/fifo_write_count_reg[18]/D
217  CDC-15  Warning   Clock enable controlled CDC structure detected          0  False Path  u_system/system_i/ad_fifo_monitor_axi_0/inst/monitor_axi_inst/monitor_core/fifo_write_hold_reg[19]/C                                                 u_system/system_i/ad_fifo_monitor_axi_0/inst/monitor_axi_inst/monitor_core/fifo_write_count_reg[19]/D
218  CDC-15  Warning   Clock enable controlled CDC structure detected          0  False Path  u_system/system_i/ad_fifo_monitor_axi_0/inst/monitor_axi_inst/monitor_core/fifo_write_hold_reg[20]/C                                                 u_system/system_i/ad_fifo_monitor_axi_0/inst/monitor_axi_inst/monitor_core/fifo_write_count_reg[20]/D
219  CDC-15  Warning   Clock enable controlled CDC structure detected          0  False Path  u_system/system_i/ad_fifo_monitor_axi_0/inst/monitor_axi_inst/monitor_core/fifo_write_hold_reg[21]/C                                                 u_system/system_i/ad_fifo_monitor_axi_0/inst/monitor_axi_inst/monitor_core/fifo_write_count_reg[21]/D
220  CDC-15  Warning   Clock enable controlled CDC structure detected          0  False Path  u_system/system_i/ad_fifo_monitor_axi_0/inst/monitor_axi_inst/monitor_core/fifo_write_hold_reg[22]/C                                                 u_system/system_i/ad_fifo_monitor_axi_0/inst/monitor_axi_inst/monitor_core/fifo_write_count_reg[22]/D
221  CDC-15  Warning   Clock enable controlled CDC structure detected          0  False Path  u_system/system_i/ad_fifo_monitor_axi_0/inst/monitor_axi_inst/monitor_core/fifo_write_hold_reg[23]/C                                                 u_system/system_i/ad_fifo_monitor_axi_0/inst/monitor_axi_inst/monitor_core/fifo_write_count_reg[23]/D
222  CDC-15  Warning   Clock enable controlled CDC structure detected          0  False Path  u_system/system_i/ad_fifo_monitor_axi_0/inst/monitor_axi_inst/monitor_core/fifo_write_hold_reg[24]/C                                                 u_system/system_i/ad_fifo_monitor_axi_0/inst/monitor_axi_inst/monitor_core/fifo_write_count_reg[24]/D
223  CDC-15  Warning   Clock enable controlled CDC structure detected          0  False Path  u_system/system_i/ad_fifo_monitor_axi_0/inst/monitor_axi_inst/monitor_core/fifo_write_hold_reg[25]/C                                                 u_system/system_i/ad_fifo_monitor_axi_0/inst/monitor_axi_inst/monitor_core/fifo_write_count_reg[25]/D
224  CDC-15  Warning   Clock enable controlled CDC structure detected          0  False Path  u_system/system_i/ad_fifo_monitor_axi_0/inst/monitor_axi_inst/monitor_core/fifo_write_hold_reg[26]/C                                                 u_system/system_i/ad_fifo_monitor_axi_0/inst/monitor_axi_inst/monitor_core/fifo_write_count_reg[26]/D
225  CDC-15  Warning   Clock enable controlled CDC structure detected          0  False Path  u_system/system_i/ad_fifo_monitor_axi_0/inst/monitor_axi_inst/monitor_core/fifo_write_hold_reg[27]/C                                                 u_system/system_i/ad_fifo_monitor_axi_0/inst/monitor_axi_inst/monitor_core/fifo_write_count_reg[27]/D
226  CDC-15  Warning   Clock enable controlled CDC structure detected          0  False Path  u_system/system_i/ad_fifo_monitor_axi_0/inst/monitor_axi_inst/monitor_core/fifo_write_hold_reg[28]/C                                                 u_system/system_i/ad_fifo_monitor_axi_0/inst/monitor_axi_inst/monitor_core/fifo_write_count_reg[28]/D
227  CDC-15  Warning   Clock enable controlled CDC structure detected          0  False Path  u_system/system_i/ad_fifo_monitor_axi_0/inst/monitor_axi_inst/monitor_core/fifo_write_hold_reg[29]/C                                                 u_system/system_i/ad_fifo_monitor_axi_0/inst/monitor_axi_inst/monitor_core/fifo_write_count_reg[29]/D
228  CDC-15  Warning   Clock enable controlled CDC structure detected          0  False Path  u_system/system_i/ad_fifo_monitor_axi_0/inst/monitor_axi_inst/monitor_core/fifo_write_hold_reg[30]/C                                                 u_system/system_i/ad_fifo_monitor_axi_0/inst/monitor_axi_inst/monitor_core/fifo_write_count_reg[30]/D
229  CDC-15  Warning   Clock enable controlled CDC structure detected          0  False Path  u_system/system_i/ad_fifo_monitor_axi_0/inst/monitor_axi_inst/monitor_core/fifo_write_hold_reg[31]/C                                                 u_system/system_i/ad_fifo_monitor_axi_0/inst/monitor_axi_inst/monitor_core/fifo_write_count_reg[31]/D
230  CDC-15  Warning   Clock enable controlled CDC structure detected          0  False Path  u_system/system_i/ad_fifo_monitor_axi_0/inst/monitor_axi_inst/monitor_core/fifo_write_hold_reg[32]/C                                                 u_system/system_i/ad_fifo_monitor_axi_0/inst/monitor_axi_inst/monitor_core/fifo_write_count_reg[32]/D
231  CDC-15  Warning   Clock enable controlled CDC structure detected          0  False Path  u_system/system_i/ad_fifo_monitor_axi_0/inst/monitor_axi_inst/monitor_core/fifo_write_hold_reg[33]/C                                                 u_system/system_i/ad_fifo_monitor_axi_0/inst/monitor_axi_inst/monitor_core/fifo_write_count_reg[33]/D
232  CDC-15  Warning   Clock enable controlled CDC structure detected          0  False Path  u_system/system_i/ad_fifo_monitor_axi_0/inst/monitor_axi_inst/monitor_core/fifo_write_hold_reg[34]/C                                                 u_system/system_i/ad_fifo_monitor_axi_0/inst/monitor_axi_inst/monitor_core/fifo_write_count_reg[34]/D
233  CDC-15  Warning   Clock enable controlled CDC structure detected          0  False Path  u_system/system_i/ad_fifo_monitor_axi_0/inst/monitor_axi_inst/monitor_core/fifo_write_hold_reg[35]/C                                                 u_system/system_i/ad_fifo_monitor_axi_0/inst/monitor_axi_inst/monitor_core/fifo_write_count_reg[35]/D
234  CDC-15  Warning   Clock enable controlled CDC structure detected          0  False Path  u_system/system_i/ad_fifo_monitor_axi_0/inst/monitor_axi_inst/monitor_core/fifo_write_hold_reg[36]/C                                                 u_system/system_i/ad_fifo_monitor_axi_0/inst/monitor_axi_inst/monitor_core/fifo_write_count_reg[36]/D
235  CDC-15  Warning   Clock enable controlled CDC structure detected          0  False Path  u_system/system_i/ad_fifo_monitor_axi_0/inst/monitor_axi_inst/monitor_core/fifo_write_hold_reg[37]/C                                                 u_system/system_i/ad_fifo_monitor_axi_0/inst/monitor_axi_inst/monitor_core/fifo_write_count_reg[37]/D
236  CDC-15  Warning   Clock enable controlled CDC structure detected          0  False Path  u_system/system_i/ad_fifo_monitor_axi_0/inst/monitor_axi_inst/monitor_core/fifo_write_hold_reg[38]/C                                                 u_system/system_i/ad_fifo_monitor_axi_0/inst/monitor_axi_inst/monitor_core/fifo_write_count_reg[38]/D
237  CDC-15  Warning   Clock enable controlled CDC structure detected          0  False Path  u_system/system_i/ad_fifo_monitor_axi_0/inst/monitor_axi_inst/monitor_core/fifo_write_hold_reg[39]/C                                                 u_system/system_i/ad_fifo_monitor_axi_0/inst/monitor_axi_inst/monitor_core/fifo_write_count_reg[39]/D
238  CDC-15  Warning   Clock enable controlled CDC structure detected          0  False Path  u_system/system_i/ad_fifo_monitor_axi_0/inst/monitor_axi_inst/monitor_core/fifo_write_hold_reg[40]/C                                                 u_system/system_i/ad_fifo_monitor_axi_0/inst/monitor_axi_inst/monitor_core/fifo_write_count_reg[40]/D
239  CDC-15  Warning   Clock enable controlled CDC structure detected          0  False Path  u_system/system_i/ad_fifo_monitor_axi_0/inst/monitor_axi_inst/monitor_core/fifo_write_hold_reg[41]/C                                                 u_system/system_i/ad_fifo_monitor_axi_0/inst/monitor_axi_inst/monitor_core/fifo_write_count_reg[41]/D
240  CDC-15  Warning   Clock enable controlled CDC structure detected          0  False Path  u_system/system_i/ad_fifo_monitor_axi_0/inst/monitor_axi_inst/monitor_core/fifo_write_hold_reg[42]/C                                                 u_system/system_i/ad_fifo_monitor_axi_0/inst/monitor_axi_inst/monitor_core/fifo_write_count_reg[42]/D
241  CDC-15  Warning   Clock enable controlled CDC structure detected          0  False Path  u_system/system_i/ad_fifo_monitor_axi_0/inst/monitor_axi_inst/monitor_core/fifo_write_hold_reg[43]/C                                                 u_system/system_i/ad_fifo_monitor_axi_0/inst/monitor_axi_inst/monitor_core/fifo_write_count_reg[43]/D
242  CDC-15  Warning   Clock enable controlled CDC structure detected          0  False Path  u_system/system_i/ad_fifo_monitor_axi_0/inst/monitor_axi_inst/monitor_core/fifo_write_hold_reg[44]/C                                                 u_system/system_i/ad_fifo_monitor_axi_0/inst/monitor_axi_inst/monitor_core/fifo_write_count_reg[44]/D
243  CDC-15  Warning   Clock enable controlled CDC structure detected          0  False Path  u_system/system_i/ad_fifo_monitor_axi_0/inst/monitor_axi_inst/monitor_core/fifo_write_hold_reg[45]/C                                                 u_system/system_i/ad_fifo_monitor_axi_0/inst/monitor_axi_inst/monitor_core/fifo_write_count_reg[45]/D
244  CDC-15  Warning   Clock enable controlled CDC structure detected          0  False Path  u_system/system_i/ad_fifo_monitor_axi_0/inst/monitor_axi_inst/monitor_core/fifo_write_hold_reg[46]/C                                                 u_system/system_i/ad_fifo_monitor_axi_0/inst/monitor_axi_inst/monitor_core/fifo_write_count_reg[46]/D
245  CDC-15  Warning   Clock enable controlled CDC structure detected          0  False Path  u_system/system_i/ad_fifo_monitor_axi_0/inst/monitor_axi_inst/monitor_core/fifo_write_hold_reg[47]/C                                                 u_system/system_i/ad_fifo_monitor_axi_0/inst/monitor_axi_inst/monitor_core/fifo_write_count_reg[47]/D
246  CDC-15  Warning   Clock enable controlled CDC structure detected          0  False Path  u_system/system_i/ad_fifo_monitor_axi_0/inst/monitor_axi_inst/monitor_core/fifo_write_hold_reg[48]/C                                                 u_system/system_i/ad_fifo_monitor_axi_0/inst/monitor_axi_inst/monitor_core/fifo_write_count_reg[48]/D
247  CDC-15  Warning   Clock enable controlled CDC structure detected          0  False Path  u_system/system_i/ad_fifo_monitor_axi_0/inst/monitor_axi_inst/monitor_core/fifo_write_hold_reg[49]/C                                                 u_system/system_i/ad_fifo_monitor_axi_0/inst/monitor_axi_inst/monitor_core/fifo_write_count_reg[49]/D
248  CDC-15  Warning   Clock enable controlled CDC structure detected          0  False Path  u_system/system_i/ad_fifo_monitor_axi_0/inst/monitor_axi_inst/monitor_core/fifo_write_hold_reg[50]/C                                                 u_system/system_i/ad_fifo_monitor_axi_0/inst/monitor_axi_inst/monitor_core/fifo_write_count_reg[50]/D
249  CDC-15  Warning   Clock enable controlled CDC structure detected          0  False Path  u_system/system_i/ad_fifo_monitor_axi_0/inst/monitor_axi_inst/monitor_core/fifo_write_hold_reg[51]/C                                                 u_system/system_i/ad_fifo_monitor_axi_0/inst/monitor_axi_inst/monitor_core/fifo_write_count_reg[51]/D
250  CDC-15  Warning   Clock enable controlled CDC structure detected          0  False Path  u_system/system_i/ad_fifo_monitor_axi_0/inst/monitor_axi_inst/monitor_core/fifo_write_hold_reg[52]/C                                                 u_system/system_i/ad_fifo_monitor_axi_0/inst/monitor_axi_inst/monitor_core/fifo_write_count_reg[52]/D
251  CDC-15  Warning   Clock enable controlled CDC structure detected          0  False Path  u_system/system_i/ad_fifo_monitor_axi_0/inst/monitor_axi_inst/monitor_core/fifo_write_hold_reg[53]/C                                                 u_system/system_i/ad_fifo_monitor_axi_0/inst/monitor_axi_inst/monitor_core/fifo_write_count_reg[53]/D
252  CDC-15  Warning   Clock enable controlled CDC structure detected          0  False Path  u_system/system_i/ad_fifo_monitor_axi_0/inst/monitor_axi_inst/monitor_core/fifo_write_hold_reg[54]/C                                                 u_system/system_i/ad_fifo_monitor_axi_0/inst/monitor_axi_inst/monitor_core/fifo_write_count_reg[54]/D
253  CDC-15  Warning   Clock enable controlled CDC structure detected          0  False Path  u_system/system_i/ad_fifo_monitor_axi_0/inst/monitor_axi_inst/monitor_core/fifo_write_hold_reg[55]/C                                                 u_system/system_i/ad_fifo_monitor_axi_0/inst/monitor_axi_inst/monitor_core/fifo_write_count_reg[55]/D
254  CDC-15  Warning   Clock enable controlled CDC structure detected          0  False Path  u_system/system_i/ad_fifo_monitor_axi_0/inst/monitor_axi_inst/monitor_core/fifo_write_hold_reg[56]/C                                                 u_system/system_i/ad_fifo_monitor_axi_0/inst/monitor_axi_inst/monitor_core/fifo_write_count_reg[56]/D
255  CDC-15  Warning   Clock enable controlled CDC structure detected          0  False Path  u_system/system_i/ad_fifo_monitor_axi_0/inst/monitor_axi_inst/monitor_core/fifo_write_hold_reg[57]/C                                                 u_system/system_i/ad_fifo_monitor_axi_0/inst/monitor_axi_inst/monitor_core/fifo_write_count_reg[57]/D
256  CDC-15  Warning   Clock enable controlled CDC structure detected          0  False Path  u_system/system_i/ad_fifo_monitor_axi_0/inst/monitor_axi_inst/monitor_core/fifo_write_hold_reg[58]/C                                                 u_system/system_i/ad_fifo_monitor_axi_0/inst/monitor_axi_inst/monitor_core/fifo_write_count_reg[58]/D
257  CDC-15  Warning   Clock enable controlled CDC structure detected          0  False Path  u_system/system_i/ad_fifo_monitor_axi_0/inst/monitor_axi_inst/monitor_core/fifo_write_hold_reg[59]/C                                                 u_system/system_i/ad_fifo_monitor_axi_0/inst/monitor_axi_inst/monitor_core/fifo_write_count_reg[59]/D
258  CDC-15  Warning   Clock enable controlled CDC structure detected          0  False Path  u_system/system_i/ad_fifo_monitor_axi_0/inst/monitor_axi_inst/monitor_core/fifo_write_hold_reg[60]/C                                                 u_system/system_i/ad_fifo_monitor_axi_0/inst/monitor_axi_inst/monitor_core/fifo_write_count_reg[60]/D
259  CDC-15  Warning   Clock enable controlled CDC structure detected          0  False Path  u_system/system_i/ad_fifo_monitor_axi_0/inst/monitor_axi_inst/monitor_core/fifo_write_hold_reg[61]/C                                                 u_system/system_i/ad_fifo_monitor_axi_0/inst/monitor_axi_inst/monitor_core/fifo_write_count_reg[61]/D
260  CDC-15  Warning   Clock enable controlled CDC structure detected          0  False Path  u_system/system_i/ad_fifo_monitor_axi_0/inst/monitor_axi_inst/monitor_core/fifo_write_hold_reg[62]/C                                                 u_system/system_i/ad_fifo_monitor_axi_0/inst/monitor_axi_inst/monitor_core/fifo_write_count_reg[62]/D
261  CDC-15  Warning   Clock enable controlled CDC structure detected          0  False Path  u_system/system_i/ad_fifo_monitor_axi_0/inst/monitor_axi_inst/monitor_core/fifo_write_hold_reg[63]/C                                                 u_system/system_i/ad_fifo_monitor_axi_0/inst/monitor_axi_inst/monitor_core/fifo_write_count_reg[63]/D
262  CDC-3   Info      1-bit synchronized with ASYNC_REG property              2  False Path  u_system/system_i/ad_fifo_monitor_axi_0/inst/monitor_axi_inst/monitor_core/fifo_full_sticky_adc_reg/C                                                u_system/system_i/ad_fifo_monitor_axi_0/inst/monitor_axi_inst/monitor_core/full_sticky_sync_reg[0]/D
263  CDC-3   Info      1-bit synchronized with ASYNC_REG property              2  False Path  u_h_top/u_ad_fifo/inst/u_fifo/my_fifo_ip/U0/inst_fifo_gen/gconvfifo.rf/grf.rf/gntv_or_sync_fifo.gl0.wr/gwas.gpf.wrpf/gpf2.prog_full_i_reg/C          u_system/system_i/ad_fifo_monitor_axi_0/inst/monitor_axi_inst/monitor_core/prog_full_sync_reg[0]/D
264  CDC-3   Info      1-bit synchronized with ASYNC_REG property              2  False Path  u_system/system_i/ad_fifo_monitor_axi_0/inst/monitor_axi_inst/monitor_core/snapshot_ack_toggle_reg/C                                                 u_system/system_i/ad_fifo_monitor_axi_0/inst/monitor_axi_inst/monitor_core/snapshot_ack_sync_reg[0]/D
265  CDC-3   Info      1-bit synchronized with ASYNC_REG property              2  False Path  u_h_top/u_ad_fifo/inst/u_fifo/my_fifo_ip/U0/inst_fifo_gen/gconvfifo.rf/grf.rf/rstblk/ngwrdrst.grst.g7serrst.gsckt_wrst.gic_rst.wr_rst_busy_i_reg/C   u_system/system_i/ad_fifo_monitor_axi_0/inst/monitor_axi_inst/monitor_core/wr_busy_sync_reg[0]/D
266  CDC-2   Warning   1-bit synchronized with missing ASYNC_REG property      2  False Path  u_system/system_i/ddc_stream_0/inst/cfg_ack_adc_reg/C                                                                                                u_system/system_i/ddc_stream_0/inst/cfg_ack_sync1_reg/D
267  CDC-10  Critical  Combinational logic detected before a synchronizer      2  False Path  u_system/system_i/ddc_stream_0/inst/frame_count_adc_reg[0]/C                                                                                         u_system/system_i/ddc_stream_0/inst/frame_gray_sync1_reg[0]/D
268  CDC-10  Critical  Combinational logic detected before a synchronizer      2  False Path  u_system/system_i/ddc_stream_0/inst/frame_count_adc_reg[1]/C                                                                                         u_system/system_i/ddc_stream_0/inst/frame_gray_sync1_reg[1]/D
269  CDC-10  Critical  Combinational logic detected before a synchronizer      2  False Path  u_system/system_i/ddc_stream_0/inst/frame_count_adc_reg[2]/C                                                                                         u_system/system_i/ddc_stream_0/inst/frame_gray_sync1_reg[2]/D
270  CDC-10  Critical  Combinational logic detected before a synchronizer      2  False Path  u_system/system_i/ddc_stream_0/inst/frame_count_adc_reg[3]/C                                                                                         u_system/system_i/ddc_stream_0/inst/frame_gray_sync1_reg[3]/D
271  CDC-10  Critical  Combinational logic detected before a synchronizer      2  False Path  u_system/system_i/ddc_stream_0/inst/frame_count_adc_reg[4]/C                                                                                         u_system/system_i/ddc_stream_0/inst/frame_gray_sync1_reg[4]/D
272  CDC-10  Critical  Combinational logic detected before a synchronizer      2  False Path  u_system/system_i/ddc_stream_0/inst/frame_count_adc_reg[5]/C                                                                                         u_system/system_i/ddc_stream_0/inst/frame_gray_sync1_reg[5]/D
273  CDC-10  Critical  Combinational logic detected before a synchronizer      2  False Path  u_system/system_i/ddc_stream_0/inst/frame_count_adc_reg[6]/C                                                                                         u_system/system_i/ddc_stream_0/inst/frame_gray_sync1_reg[6]/D
274  CDC-10  Critical  Combinational logic detected before a synchronizer      2  False Path  u_system/system_i/ddc_stream_0/inst/frame_count_adc_reg[7]/C                                                                                         u_system/system_i/ddc_stream_0/inst/frame_gray_sync1_reg[7]/D
275  CDC-10  Critical  Combinational logic detected before a synchronizer      2  False Path  u_system/system_i/ddc_stream_0/inst/frame_count_adc_reg[8]/C                                                                                         u_system/system_i/ddc_stream_0/inst/frame_gray_sync1_reg[8]/D
276  CDC-10  Critical  Combinational logic detected before a synchronizer      2  False Path  u_system/system_i/ddc_stream_0/inst/frame_count_adc_reg[9]/C                                                                                         u_system/system_i/ddc_stream_0/inst/frame_gray_sync1_reg[9]/D
277  CDC-10  Critical  Combinational logic detected before a synchronizer      2  False Path  u_system/system_i/ddc_stream_0/inst/frame_count_adc_reg[10]/C                                                                                        u_system/system_i/ddc_stream_0/inst/frame_gray_sync1_reg[10]/D
278  CDC-10  Critical  Combinational logic detected before a synchronizer      2  False Path  u_system/system_i/ddc_stream_0/inst/frame_count_adc_reg[11]/C                                                                                        u_system/system_i/ddc_stream_0/inst/frame_gray_sync1_reg[11]/D
279  CDC-10  Critical  Combinational logic detected before a synchronizer      2  False Path  u_system/system_i/ddc_stream_0/inst/frame_count_adc_reg[12]/C                                                                                        u_system/system_i/ddc_stream_0/inst/frame_gray_sync1_reg[12]/D
280  CDC-10  Critical  Combinational logic detected before a synchronizer      2  False Path  u_system/system_i/ddc_stream_0/inst/frame_count_adc_reg[13]/C                                                                                        u_system/system_i/ddc_stream_0/inst/frame_gray_sync1_reg[13]/D
281  CDC-10  Critical  Combinational logic detected before a synchronizer      2  False Path  u_system/system_i/ddc_stream_0/inst/frame_count_adc_reg[14]/C                                                                                        u_system/system_i/ddc_stream_0/inst/frame_gray_sync1_reg[14]/D
282  CDC-10  Critical  Combinational logic detected before a synchronizer      2  False Path  u_system/system_i/ddc_stream_0/inst/frame_count_adc_reg[15]/C                                                                                        u_system/system_i/ddc_stream_0/inst/frame_gray_sync1_reg[15]/D
283  CDC-10  Critical  Combinational logic detected before a synchronizer      2  False Path  u_system/system_i/ddc_stream_0/inst/frame_count_adc_reg[16]/C                                                                                        u_system/system_i/ddc_stream_0/inst/frame_gray_sync1_reg[16]/D
284  CDC-10  Critical  Combinational logic detected before a synchronizer      2  False Path  u_system/system_i/ddc_stream_0/inst/frame_count_adc_reg[17]/C                                                                                        u_system/system_i/ddc_stream_0/inst/frame_gray_sync1_reg[17]/D
285  CDC-10  Critical  Combinational logic detected before a synchronizer      2  False Path  u_system/system_i/ddc_stream_0/inst/frame_count_adc_reg[18]/C                                                                                        u_system/system_i/ddc_stream_0/inst/frame_gray_sync1_reg[18]/D
286  CDC-10  Critical  Combinational logic detected before a synchronizer      2  False Path  u_system/system_i/ddc_stream_0/inst/frame_count_adc_reg[19]/C                                                                                        u_system/system_i/ddc_stream_0/inst/frame_gray_sync1_reg[19]/D
287  CDC-10  Critical  Combinational logic detected before a synchronizer      2  False Path  u_system/system_i/ddc_stream_0/inst/frame_count_adc_reg[20]/C                                                                                        u_system/system_i/ddc_stream_0/inst/frame_gray_sync1_reg[20]/D
288  CDC-10  Critical  Combinational logic detected before a synchronizer      2  False Path  u_system/system_i/ddc_stream_0/inst/frame_count_adc_reg[21]/C                                                                                        u_system/system_i/ddc_stream_0/inst/frame_gray_sync1_reg[21]/D
289  CDC-10  Critical  Combinational logic detected before a synchronizer      2  False Path  u_system/system_i/ddc_stream_0/inst/frame_count_adc_reg[22]/C                                                                                        u_system/system_i/ddc_stream_0/inst/frame_gray_sync1_reg[22]/D
290  CDC-10  Critical  Combinational logic detected before a synchronizer      2  False Path  u_system/system_i/ddc_stream_0/inst/frame_count_adc_reg[23]/C                                                                                        u_system/system_i/ddc_stream_0/inst/frame_gray_sync1_reg[23]/D
291  CDC-10  Critical  Combinational logic detected before a synchronizer      2  False Path  u_system/system_i/ddc_stream_0/inst/frame_count_adc_reg[24]/C                                                                                        u_system/system_i/ddc_stream_0/inst/frame_gray_sync1_reg[24]/D
292  CDC-10  Critical  Combinational logic detected before a synchronizer      2  False Path  u_system/system_i/ddc_stream_0/inst/frame_count_adc_reg[25]/C                                                                                        u_system/system_i/ddc_stream_0/inst/frame_gray_sync1_reg[25]/D
293  CDC-10  Critical  Combinational logic detected before a synchronizer      2  False Path  u_system/system_i/ddc_stream_0/inst/frame_count_adc_reg[26]/C                                                                                        u_system/system_i/ddc_stream_0/inst/frame_gray_sync1_reg[26]/D
294  CDC-10  Critical  Combinational logic detected before a synchronizer      2  False Path  u_system/system_i/ddc_stream_0/inst/frame_count_adc_reg[27]/C                                                                                        u_system/system_i/ddc_stream_0/inst/frame_gray_sync1_reg[27]/D
295  CDC-10  Critical  Combinational logic detected before a synchronizer      2  False Path  u_system/system_i/ddc_stream_0/inst/frame_count_adc_reg[28]/C                                                                                        u_system/system_i/ddc_stream_0/inst/frame_gray_sync1_reg[28]/D
296  CDC-10  Critical  Combinational logic detected before a synchronizer      2  False Path  u_system/system_i/ddc_stream_0/inst/frame_count_adc_reg[29]/C                                                                                        u_system/system_i/ddc_stream_0/inst/frame_gray_sync1_reg[29]/D
297  CDC-10  Critical  Combinational logic detected before a synchronizer      2  False Path  u_system/system_i/ddc_stream_0/inst/frame_count_adc_reg[30]/C                                                                                        u_system/system_i/ddc_stream_0/inst/frame_gray_sync1_reg[30]/D
298  CDC-3   Info      1-bit synchronized with ASYNC_REG property              2  False Path  u_system/system_i/ddc_stream_0/inst/frame_count_adc_reg[31]/C                                                                                        u_system/system_i/ddc_stream_0/inst/frame_gray_sync1_reg[31]/D
299  CDC-10  Critical  Combinational logic detected before a synchronizer      2  False Path  u_system/system_i/ddc_stream_0/inst/output_count_adc_reg[0]/C                                                                                        u_system/system_i/ddc_stream_0/inst/output_gray_sync1_reg[0]/D
300  CDC-10  Critical  Combinational logic detected before a synchronizer      2  False Path  u_system/system_i/ddc_stream_0/inst/output_count_adc_reg[1]/C                                                                                        u_system/system_i/ddc_stream_0/inst/output_gray_sync1_reg[1]/D
301  CDC-10  Critical  Combinational logic detected before a synchronizer      2  False Path  u_system/system_i/ddc_stream_0/inst/output_count_adc_reg[2]/C                                                                                        u_system/system_i/ddc_stream_0/inst/output_gray_sync1_reg[2]/D
302  CDC-10  Critical  Combinational logic detected before a synchronizer      2  False Path  u_system/system_i/ddc_stream_0/inst/output_count_adc_reg[3]/C                                                                                        u_system/system_i/ddc_stream_0/inst/output_gray_sync1_reg[3]/D
303  CDC-10  Critical  Combinational logic detected before a synchronizer      2  False Path  u_system/system_i/ddc_stream_0/inst/output_count_adc_reg[4]/C                                                                                        u_system/system_i/ddc_stream_0/inst/output_gray_sync1_reg[4]/D
304  CDC-10  Critical  Combinational logic detected before a synchronizer      2  False Path  u_system/system_i/ddc_stream_0/inst/output_count_adc_reg[5]/C                                                                                        u_system/system_i/ddc_stream_0/inst/output_gray_sync1_reg[5]/D
305  CDC-10  Critical  Combinational logic detected before a synchronizer      2  False Path  u_system/system_i/ddc_stream_0/inst/output_count_adc_reg[6]/C                                                                                        u_system/system_i/ddc_stream_0/inst/output_gray_sync1_reg[6]/D
306  CDC-10  Critical  Combinational logic detected before a synchronizer      2  False Path  u_system/system_i/ddc_stream_0/inst/output_count_adc_reg[7]/C                                                                                        u_system/system_i/ddc_stream_0/inst/output_gray_sync1_reg[7]/D
307  CDC-10  Critical  Combinational logic detected before a synchronizer      2  False Path  u_system/system_i/ddc_stream_0/inst/output_count_adc_reg[8]/C                                                                                        u_system/system_i/ddc_stream_0/inst/output_gray_sync1_reg[8]/D
308  CDC-10  Critical  Combinational logic detected before a synchronizer      2  False Path  u_system/system_i/ddc_stream_0/inst/output_count_adc_reg[9]/C                                                                                        u_system/system_i/ddc_stream_0/inst/output_gray_sync1_reg[9]/D
309  CDC-10  Critical  Combinational logic detected before a synchronizer      2  False Path  u_system/system_i/ddc_stream_0/inst/output_count_adc_reg[10]/C                                                                                       u_system/system_i/ddc_stream_0/inst/output_gray_sync1_reg[10]/D
310  CDC-10  Critical  Combinational logic detected before a synchronizer      2  False Path  u_system/system_i/ddc_stream_0/inst/output_count_adc_reg[11]/C                                                                                       u_system/system_i/ddc_stream_0/inst/output_gray_sync1_reg[11]/D
311  CDC-10  Critical  Combinational logic detected before a synchronizer      2  False Path  u_system/system_i/ddc_stream_0/inst/output_count_adc_reg[12]/C                                                                                       u_system/system_i/ddc_stream_0/inst/output_gray_sync1_reg[12]/D
312  CDC-10  Critical  Combinational logic detected before a synchronizer      2  False Path  u_system/system_i/ddc_stream_0/inst/output_count_adc_reg[13]/C                                                                                       u_system/system_i/ddc_stream_0/inst/output_gray_sync1_reg[13]/D
313  CDC-10  Critical  Combinational logic detected before a synchronizer      2  False Path  u_system/system_i/ddc_stream_0/inst/output_count_adc_reg[14]/C                                                                                       u_system/system_i/ddc_stream_0/inst/output_gray_sync1_reg[14]/D
314  CDC-10  Critical  Combinational logic detected before a synchronizer      2  False Path  u_system/system_i/ddc_stream_0/inst/output_count_adc_reg[15]/C                                                                                       u_system/system_i/ddc_stream_0/inst/output_gray_sync1_reg[15]/D
315  CDC-10  Critical  Combinational logic detected before a synchronizer      2  False Path  u_system/system_i/ddc_stream_0/inst/output_count_adc_reg[16]/C                                                                                       u_system/system_i/ddc_stream_0/inst/output_gray_sync1_reg[16]/D
316  CDC-10  Critical  Combinational logic detected before a synchronizer      2  False Path  u_system/system_i/ddc_stream_0/inst/output_count_adc_reg[17]/C                                                                                       u_system/system_i/ddc_stream_0/inst/output_gray_sync1_reg[17]/D
317  CDC-10  Critical  Combinational logic detected before a synchronizer      2  False Path  u_system/system_i/ddc_stream_0/inst/output_count_adc_reg[18]/C                                                                                       u_system/system_i/ddc_stream_0/inst/output_gray_sync1_reg[18]/D
318  CDC-10  Critical  Combinational logic detected before a synchronizer      2  False Path  u_system/system_i/ddc_stream_0/inst/output_count_adc_reg[19]/C                                                                                       u_system/system_i/ddc_stream_0/inst/output_gray_sync1_reg[19]/D
319  CDC-10  Critical  Combinational logic detected before a synchronizer      2  False Path  u_system/system_i/ddc_stream_0/inst/output_count_adc_reg[20]/C                                                                                       u_system/system_i/ddc_stream_0/inst/output_gray_sync1_reg[20]/D
320  CDC-10  Critical  Combinational logic detected before a synchronizer      2  False Path  u_system/system_i/ddc_stream_0/inst/output_count_adc_reg[21]/C                                                                                       u_system/system_i/ddc_stream_0/inst/output_gray_sync1_reg[21]/D
321  CDC-10  Critical  Combinational logic detected before a synchronizer      2  False Path  u_system/system_i/ddc_stream_0/inst/output_count_adc_reg[22]/C                                                                                       u_system/system_i/ddc_stream_0/inst/output_gray_sync1_reg[22]/D
322  CDC-10  Critical  Combinational logic detected before a synchronizer      2  False Path  u_system/system_i/ddc_stream_0/inst/output_count_adc_reg[23]/C                                                                                       u_system/system_i/ddc_stream_0/inst/output_gray_sync1_reg[23]/D
323  CDC-10  Critical  Combinational logic detected before a synchronizer      2  False Path  u_system/system_i/ddc_stream_0/inst/output_count_adc_reg[24]/C                                                                                       u_system/system_i/ddc_stream_0/inst/output_gray_sync1_reg[24]/D
324  CDC-10  Critical  Combinational logic detected before a synchronizer      2  False Path  u_system/system_i/ddc_stream_0/inst/output_count_adc_reg[25]/C                                                                                       u_system/system_i/ddc_stream_0/inst/output_gray_sync1_reg[25]/D
325  CDC-10  Critical  Combinational logic detected before a synchronizer      2  False Path  u_system/system_i/ddc_stream_0/inst/output_count_adc_reg[26]/C                                                                                       u_system/system_i/ddc_stream_0/inst/output_gray_sync1_reg[26]/D
326  CDC-10  Critical  Combinational logic detected before a synchronizer      2  False Path  u_system/system_i/ddc_stream_0/inst/output_count_adc_reg[27]/C                                                                                       u_system/system_i/ddc_stream_0/inst/output_gray_sync1_reg[27]/D
327  CDC-10  Critical  Combinational logic detected before a synchronizer      2  False Path  u_system/system_i/ddc_stream_0/inst/output_count_adc_reg[28]/C                                                                                       u_system/system_i/ddc_stream_0/inst/output_gray_sync1_reg[28]/D
328  CDC-10  Critical  Combinational logic detected before a synchronizer      2  False Path  u_system/system_i/ddc_stream_0/inst/output_count_adc_reg[29]/C                                                                                       u_system/system_i/ddc_stream_0/inst/output_gray_sync1_reg[29]/D
329  CDC-10  Critical  Combinational logic detected before a synchronizer      2  False Path  u_system/system_i/ddc_stream_0/inst/output_count_adc_reg[30]/C                                                                                       u_system/system_i/ddc_stream_0/inst/output_gray_sync1_reg[30]/D
330  CDC-3   Info      1-bit synchronized with ASYNC_REG property              2  False Path  u_system/system_i/ddc_stream_0/inst/output_count_adc_reg[31]/C                                                                                       u_system/system_i/ddc_stream_0/inst/output_gray_sync1_reg[31]/D
331  CDC-3   Info      1-bit synchronized with ASYNC_REG property              2  False Path  u_system/system_i/ddc_stream_0/inst/overflow_sticky_adc_reg/C                                                                                        u_system/system_i/ddc_stream_0/inst/overflow_sync1_reg/D
332  CDC-3   Info      1-bit synchronized with ASYNC_REG property              2  False Path  u_system/system_i/ddc_stream_0/inst/u_output_fifo/gnuram_async_fifo.xpm_fifo_base_inst/gen_pf_ic_rc.gpf_ic.prog_full_i_reg/C                         u_system/system_i/ddc_stream_0/inst/prog_full_sync1_reg/D
333  CDC-3   Info      1-bit synchronized with ASYNC_REG property              2  False Path  u_system/system_i/ddc_stream_0/inst/running_adc_reg/C                                                                                                u_system/system_i/ddc_stream_0/inst/running_sync1_reg/D
334  CDC-3   Info      1-bit synchronized with ASYNC_REG property              2  False Path  u_system/system_i/ddc_stream_0/inst/u_output_fifo/gnuram_async_fifo.xpm_fifo_base_inst/xpm_fifo_rst_inst/gen_rst_ic.fifo_wr_rst_ic_reg/C             u_system/system_i/ddc_stream_0/inst/u_output_fifo/gnuram_async_fifo.xpm_fifo_base_inst/xpm_fifo_rst_inst/gen_rst_ic.wrst_rd_inst/syncstages_ff_reg[0]/D
335  CDC-15  Warning   Clock enable controlled CDC structure detected          0  False Path  u_system/system_i/iq_demodulator_0/inst/o_i_sum_reg[0]/C                                                                                             u_system/system_i/iq_demodulator_0/inst/axi_i_sum_reg[0]/D
336  CDC-15  Warning   Clock enable controlled CDC structure detected          0  False Path  u_system/system_i/iq_demodulator_0/inst/o_i_sum_reg[1]/C                                                                                             u_system/system_i/iq_demodulator_0/inst/axi_i_sum_reg[1]/D
337  CDC-15  Warning   Clock enable controlled CDC structure detected          0  False Path  u_system/system_i/iq_demodulator_0/inst/o_i_sum_reg[2]/C                                                                                             u_system/system_i/iq_demodulator_0/inst/axi_i_sum_reg[2]/D
338  CDC-15  Warning   Clock enable controlled CDC structure detected          0  False Path  u_system/system_i/iq_demodulator_0/inst/o_i_sum_reg[3]/C                                                                                             u_system/system_i/iq_demodulator_0/inst/axi_i_sum_reg[3]/D
339  CDC-15  Warning   Clock enable controlled CDC structure detected          0  False Path  u_system/system_i/iq_demodulator_0/inst/o_i_sum_reg[4]/C                                                                                             u_system/system_i/iq_demodulator_0/inst/axi_i_sum_reg[4]/D
340  CDC-15  Warning   Clock enable controlled CDC structure detected          0  False Path  u_system/system_i/iq_demodulator_0/inst/o_i_sum_reg[5]/C                                                                                             u_system/system_i/iq_demodulator_0/inst/axi_i_sum_reg[5]/D
341  CDC-15  Warning   Clock enable controlled CDC structure detected          0  False Path  u_system/system_i/iq_demodulator_0/inst/o_i_sum_reg[6]/C                                                                                             u_system/system_i/iq_demodulator_0/inst/axi_i_sum_reg[6]/D
342  CDC-15  Warning   Clock enable controlled CDC structure detected          0  False Path  u_system/system_i/iq_demodulator_0/inst/o_i_sum_reg[7]/C                                                                                             u_system/system_i/iq_demodulator_0/inst/axi_i_sum_reg[7]/D
343  CDC-15  Warning   Clock enable controlled CDC structure detected          0  False Path  u_system/system_i/iq_demodulator_0/inst/o_i_sum_reg[8]/C                                                                                             u_system/system_i/iq_demodulator_0/inst/axi_i_sum_reg[8]/D
344  CDC-15  Warning   Clock enable controlled CDC structure detected          0  False Path  u_system/system_i/iq_demodulator_0/inst/o_i_sum_reg[9]/C                                                                                             u_system/system_i/iq_demodulator_0/inst/axi_i_sum_reg[9]/D
345  CDC-15  Warning   Clock enable controlled CDC structure detected          0  False Path  u_system/system_i/iq_demodulator_0/inst/o_i_sum_reg[10]/C                                                                                            u_system/system_i/iq_demodulator_0/inst/axi_i_sum_reg[10]/D
346  CDC-15  Warning   Clock enable controlled CDC structure detected          0  False Path  u_system/system_i/iq_demodulator_0/inst/o_i_sum_reg[11]/C                                                                                            u_system/system_i/iq_demodulator_0/inst/axi_i_sum_reg[11]/D
347  CDC-15  Warning   Clock enable controlled CDC structure detected          0  False Path  u_system/system_i/iq_demodulator_0/inst/o_i_sum_reg[12]/C                                                                                            u_system/system_i/iq_demodulator_0/inst/axi_i_sum_reg[12]/D
348  CDC-15  Warning   Clock enable controlled CDC structure detected          0  False Path  u_system/system_i/iq_demodulator_0/inst/o_i_sum_reg[13]/C                                                                                            u_system/system_i/iq_demodulator_0/inst/axi_i_sum_reg[13]/D
349  CDC-15  Warning   Clock enable controlled CDC structure detected          0  False Path  u_system/system_i/iq_demodulator_0/inst/o_i_sum_reg[14]/C                                                                                            u_system/system_i/iq_demodulator_0/inst/axi_i_sum_reg[14]/D
350  CDC-15  Warning   Clock enable controlled CDC structure detected          0  False Path  u_system/system_i/iq_demodulator_0/inst/o_i_sum_reg[15]/C                                                                                            u_system/system_i/iq_demodulator_0/inst/axi_i_sum_reg[15]/D
351  CDC-15  Warning   Clock enable controlled CDC structure detected          0  False Path  u_system/system_i/iq_demodulator_0/inst/o_i_sum_reg[16]/C                                                                                            u_system/system_i/iq_demodulator_0/inst/axi_i_sum_reg[16]/D
352  CDC-15  Warning   Clock enable controlled CDC structure detected          0  False Path  u_system/system_i/iq_demodulator_0/inst/o_i_sum_reg[17]/C                                                                                            u_system/system_i/iq_demodulator_0/inst/axi_i_sum_reg[17]/D
353  CDC-15  Warning   Clock enable controlled CDC structure detected          0  False Path  u_system/system_i/iq_demodulator_0/inst/o_i_sum_reg[18]/C                                                                                            u_system/system_i/iq_demodulator_0/inst/axi_i_sum_reg[18]/D
354  CDC-15  Warning   Clock enable controlled CDC structure detected          0  False Path  u_system/system_i/iq_demodulator_0/inst/o_i_sum_reg[19]/C                                                                                            u_system/system_i/iq_demodulator_0/inst/axi_i_sum_reg[19]/D
355  CDC-15  Warning   Clock enable controlled CDC structure detected          0  False Path  u_system/system_i/iq_demodulator_0/inst/o_i_sum_reg[20]/C                                                                                            u_system/system_i/iq_demodulator_0/inst/axi_i_sum_reg[20]/D
356  CDC-15  Warning   Clock enable controlled CDC structure detected          0  False Path  u_system/system_i/iq_demodulator_0/inst/o_i_sum_reg[21]/C                                                                                            u_system/system_i/iq_demodulator_0/inst/axi_i_sum_reg[21]/D
357  CDC-15  Warning   Clock enable controlled CDC structure detected          0  False Path  u_system/system_i/iq_demodulator_0/inst/o_i_sum_reg[22]/C                                                                                            u_system/system_i/iq_demodulator_0/inst/axi_i_sum_reg[22]/D
358  CDC-15  Warning   Clock enable controlled CDC structure detected          0  False Path  u_system/system_i/iq_demodulator_0/inst/o_i_sum_reg[23]/C                                                                                            u_system/system_i/iq_demodulator_0/inst/axi_i_sum_reg[23]/D
359  CDC-15  Warning   Clock enable controlled CDC structure detected          0  False Path  u_system/system_i/iq_demodulator_0/inst/o_i_sum_reg[24]/C                                                                                            u_system/system_i/iq_demodulator_0/inst/axi_i_sum_reg[24]/D
360  CDC-15  Warning   Clock enable controlled CDC structure detected          0  False Path  u_system/system_i/iq_demodulator_0/inst/o_i_sum_reg[25]/C                                                                                            u_system/system_i/iq_demodulator_0/inst/axi_i_sum_reg[25]/D
361  CDC-15  Warning   Clock enable controlled CDC structure detected          0  False Path  u_system/system_i/iq_demodulator_0/inst/o_i_sum_reg[26]/C                                                                                            u_system/system_i/iq_demodulator_0/inst/axi_i_sum_reg[26]/D
362  CDC-15  Warning   Clock enable controlled CDC structure detected          0  False Path  u_system/system_i/iq_demodulator_0/inst/o_i_sum_reg[27]/C                                                                                            u_system/system_i/iq_demodulator_0/inst/axi_i_sum_reg[27]/D
363  CDC-15  Warning   Clock enable controlled CDC structure detected          0  False Path  u_system/system_i/iq_demodulator_0/inst/o_i_sum_reg[28]/C                                                                                            u_system/system_i/iq_demodulator_0/inst/axi_i_sum_reg[28]/D
364  CDC-15  Warning   Clock enable controlled CDC structure detected          0  False Path  u_system/system_i/iq_demodulator_0/inst/o_i_sum_reg[29]/C                                                                                            u_system/system_i/iq_demodulator_0/inst/axi_i_sum_reg[29]/D
365  CDC-15  Warning   Clock enable controlled CDC structure detected          0  False Path  u_system/system_i/iq_demodulator_0/inst/o_i_sum_reg[30]/C                                                                                            u_system/system_i/iq_demodulator_0/inst/axi_i_sum_reg[30]/D
366  CDC-15  Warning   Clock enable controlled CDC structure detected          0  False Path  u_system/system_i/iq_demodulator_0/inst/o_i_sum_reg[31]/C                                                                                            u_system/system_i/iq_demodulator_0/inst/axi_i_sum_reg[31]/D
367  CDC-15  Warning   Clock enable controlled CDC structure detected          0  False Path  u_system/system_i/iq_demodulator_0/inst/o_i_sum_reg[32]/C                                                                                            u_system/system_i/iq_demodulator_0/inst/axi_i_sum_reg[32]/D
368  CDC-15  Warning   Clock enable controlled CDC structure detected          0  False Path  u_system/system_i/iq_demodulator_0/inst/o_i_sum_reg[33]/C                                                                                            u_system/system_i/iq_demodulator_0/inst/axi_i_sum_reg[33]/D
369  CDC-15  Warning   Clock enable controlled CDC structure detected          0  False Path  u_system/system_i/iq_demodulator_0/inst/o_i_sum_reg[34]/C                                                                                            u_system/system_i/iq_demodulator_0/inst/axi_i_sum_reg[34]/D
370  CDC-15  Warning   Clock enable controlled CDC structure detected          0  False Path  u_system/system_i/iq_demodulator_0/inst/o_i_sum_reg[35]/C                                                                                            u_system/system_i/iq_demodulator_0/inst/axi_i_sum_reg[35]/D
371  CDC-15  Warning   Clock enable controlled CDC structure detected          0  False Path  u_system/system_i/iq_demodulator_0/inst/o_i_sum_reg[36]/C                                                                                            u_system/system_i/iq_demodulator_0/inst/axi_i_sum_reg[36]/D
372  CDC-15  Warning   Clock enable controlled CDC structure detected          0  False Path  u_system/system_i/iq_demodulator_0/inst/o_i_sum_reg[37]/C                                                                                            u_system/system_i/iq_demodulator_0/inst/axi_i_sum_reg[37]/D
373  CDC-15  Warning   Clock enable controlled CDC structure detected          0  False Path  u_system/system_i/iq_demodulator_0/inst/o_i_sum_reg[38]/C                                                                                            u_system/system_i/iq_demodulator_0/inst/axi_i_sum_reg[38]/D
374  CDC-15  Warning   Clock enable controlled CDC structure detected          0  False Path  u_system/system_i/iq_demodulator_0/inst/o_i_sum_reg[39]/C                                                                                            u_system/system_i/iq_demodulator_0/inst/axi_i_sum_reg[39]/D
375  CDC-15  Warning   Clock enable controlled CDC structure detected          0  False Path  u_system/system_i/iq_demodulator_0/inst/o_i_sum_reg[40]/C                                                                                            u_system/system_i/iq_demodulator_0/inst/axi_i_sum_reg[40]/D
376  CDC-15  Warning   Clock enable controlled CDC structure detected          0  False Path  u_system/system_i/iq_demodulator_0/inst/o_i_sum_reg[41]/C                                                                                            u_system/system_i/iq_demodulator_0/inst/axi_i_sum_reg[41]/D
377  CDC-15  Warning   Clock enable controlled CDC structure detected          0  False Path  u_system/system_i/iq_demodulator_0/inst/o_i_sum_reg[42]/C                                                                                            u_system/system_i/iq_demodulator_0/inst/axi_i_sum_reg[42]/D
378  CDC-15  Warning   Clock enable controlled CDC structure detected          0  False Path  u_system/system_i/iq_demodulator_0/inst/o_i_sum_reg[43]/C                                                                                            u_system/system_i/iq_demodulator_0/inst/axi_i_sum_reg[43]/D
379  CDC-15  Warning   Clock enable controlled CDC structure detected          0  False Path  u_system/system_i/iq_demodulator_0/inst/o_i_sum_reg[44]/C                                                                                            u_system/system_i/iq_demodulator_0/inst/axi_i_sum_reg[44]/D
380  CDC-15  Warning   Clock enable controlled CDC structure detected          0  False Path  u_system/system_i/iq_demodulator_0/inst/o_i_sum_reg[45]/C                                                                                            u_system/system_i/iq_demodulator_0/inst/axi_i_sum_reg[45]/D
381  CDC-15  Warning   Clock enable controlled CDC structure detected          0  False Path  u_system/system_i/iq_demodulator_0/inst/o_i_sum_reg[46]/C                                                                                            u_system/system_i/iq_demodulator_0/inst/axi_i_sum_reg[46]/D
382  CDC-15  Warning   Clock enable controlled CDC structure detected          0  False Path  u_system/system_i/iq_demodulator_0/inst/o_i_sum_reg[47]/C                                                                                            u_system/system_i/iq_demodulator_0/inst/axi_i_sum_reg[47]/D
383  CDC-15  Warning   Clock enable controlled CDC structure detected          0  False Path  u_system/system_i/iq_demodulator_0/inst/o_q_sum_reg[0]/C                                                                                             u_system/system_i/iq_demodulator_0/inst/axi_q_sum_reg[0]/D
384  CDC-15  Warning   Clock enable controlled CDC structure detected          0  False Path  u_system/system_i/iq_demodulator_0/inst/o_q_sum_reg[1]/C                                                                                             u_system/system_i/iq_demodulator_0/inst/axi_q_sum_reg[1]/D
385  CDC-15  Warning   Clock enable controlled CDC structure detected          0  False Path  u_system/system_i/iq_demodulator_0/inst/o_q_sum_reg[2]/C                                                                                             u_system/system_i/iq_demodulator_0/inst/axi_q_sum_reg[2]/D
386  CDC-15  Warning   Clock enable controlled CDC structure detected          0  False Path  u_system/system_i/iq_demodulator_0/inst/o_q_sum_reg[3]/C                                                                                             u_system/system_i/iq_demodulator_0/inst/axi_q_sum_reg[3]/D
387  CDC-15  Warning   Clock enable controlled CDC structure detected          0  False Path  u_system/system_i/iq_demodulator_0/inst/o_q_sum_reg[4]/C                                                                                             u_system/system_i/iq_demodulator_0/inst/axi_q_sum_reg[4]/D
388  CDC-15  Warning   Clock enable controlled CDC structure detected          0  False Path  u_system/system_i/iq_demodulator_0/inst/o_q_sum_reg[5]/C                                                                                             u_system/system_i/iq_demodulator_0/inst/axi_q_sum_reg[5]/D
389  CDC-15  Warning   Clock enable controlled CDC structure detected          0  False Path  u_system/system_i/iq_demodulator_0/inst/o_q_sum_reg[6]/C                                                                                             u_system/system_i/iq_demodulator_0/inst/axi_q_sum_reg[6]/D
390  CDC-15  Warning   Clock enable controlled CDC structure detected          0  False Path  u_system/system_i/iq_demodulator_0/inst/o_q_sum_reg[7]/C                                                                                             u_system/system_i/iq_demodulator_0/inst/axi_q_sum_reg[7]/D
391  CDC-15  Warning   Clock enable controlled CDC structure detected          0  False Path  u_system/system_i/iq_demodulator_0/inst/o_q_sum_reg[8]/C                                                                                             u_system/system_i/iq_demodulator_0/inst/axi_q_sum_reg[8]/D
392  CDC-15  Warning   Clock enable controlled CDC structure detected          0  False Path  u_system/system_i/iq_demodulator_0/inst/o_q_sum_reg[9]/C                                                                                             u_system/system_i/iq_demodulator_0/inst/axi_q_sum_reg[9]/D
393  CDC-15  Warning   Clock enable controlled CDC structure detected          0  False Path  u_system/system_i/iq_demodulator_0/inst/o_q_sum_reg[10]/C                                                                                            u_system/system_i/iq_demodulator_0/inst/axi_q_sum_reg[10]/D
394  CDC-15  Warning   Clock enable controlled CDC structure detected          0  False Path  u_system/system_i/iq_demodulator_0/inst/o_q_sum_reg[11]/C                                                                                            u_system/system_i/iq_demodulator_0/inst/axi_q_sum_reg[11]/D
395  CDC-15  Warning   Clock enable controlled CDC structure detected          0  False Path  u_system/system_i/iq_demodulator_0/inst/o_q_sum_reg[12]/C                                                                                            u_system/system_i/iq_demodulator_0/inst/axi_q_sum_reg[12]/D
396  CDC-15  Warning   Clock enable controlled CDC structure detected          0  False Path  u_system/system_i/iq_demodulator_0/inst/o_q_sum_reg[13]/C                                                                                            u_system/system_i/iq_demodulator_0/inst/axi_q_sum_reg[13]/D
397  CDC-15  Warning   Clock enable controlled CDC structure detected          0  False Path  u_system/system_i/iq_demodulator_0/inst/o_q_sum_reg[14]/C                                                                                            u_system/system_i/iq_demodulator_0/inst/axi_q_sum_reg[14]/D
398  CDC-15  Warning   Clock enable controlled CDC structure detected          0  False Path  u_system/system_i/iq_demodulator_0/inst/o_q_sum_reg[15]/C                                                                                            u_system/system_i/iq_demodulator_0/inst/axi_q_sum_reg[15]/D
399  CDC-15  Warning   Clock enable controlled CDC structure detected          0  False Path  u_system/system_i/iq_demodulator_0/inst/o_q_sum_reg[16]/C                                                                                            u_system/system_i/iq_demodulator_0/inst/axi_q_sum_reg[16]/D
400  CDC-15  Warning   Clock enable controlled CDC structure detected          0  False Path  u_system/system_i/iq_demodulator_0/inst/o_q_sum_reg[17]/C                                                                                            u_system/system_i/iq_demodulator_0/inst/axi_q_sum_reg[17]/D
401  CDC-15  Warning   Clock enable controlled CDC structure detected          0  False Path  u_system/system_i/iq_demodulator_0/inst/o_q_sum_reg[18]/C                                                                                            u_system/system_i/iq_demodulator_0/inst/axi_q_sum_reg[18]/D
402  CDC-15  Warning   Clock enable controlled CDC structure detected          0  False Path  u_system/system_i/iq_demodulator_0/inst/o_q_sum_reg[19]/C                                                                                            u_system/system_i/iq_demodulator_0/inst/axi_q_sum_reg[19]/D
403  CDC-15  Warning   Clock enable controlled CDC structure detected          0  False Path  u_system/system_i/iq_demodulator_0/inst/o_q_sum_reg[20]/C                                                                                            u_system/system_i/iq_demodulator_0/inst/axi_q_sum_reg[20]/D
404  CDC-15  Warning   Clock enable controlled CDC structure detected          0  False Path  u_system/system_i/iq_demodulator_0/inst/o_q_sum_reg[21]/C                                                                                            u_system/system_i/iq_demodulator_0/inst/axi_q_sum_reg[21]/D
405  CDC-15  Warning   Clock enable controlled CDC structure detected          0  False Path  u_system/system_i/iq_demodulator_0/inst/o_q_sum_reg[22]/C                                                                                            u_system/system_i/iq_demodulator_0/inst/axi_q_sum_reg[22]/D
406  CDC-15  Warning   Clock enable controlled CDC structure detected          0  False Path  u_system/system_i/iq_demodulator_0/inst/o_q_sum_reg[23]/C                                                                                            u_system/system_i/iq_demodulator_0/inst/axi_q_sum_reg[23]/D
407  CDC-15  Warning   Clock enable controlled CDC structure detected          0  False Path  u_system/system_i/iq_demodulator_0/inst/o_q_sum_reg[24]/C                                                                                            u_system/system_i/iq_demodulator_0/inst/axi_q_sum_reg[24]/D
408  CDC-15  Warning   Clock enable controlled CDC structure detected          0  False Path  u_system/system_i/iq_demodulator_0/inst/o_q_sum_reg[25]/C                                                                                            u_system/system_i/iq_demodulator_0/inst/axi_q_sum_reg[25]/D
409  CDC-15  Warning   Clock enable controlled CDC structure detected          0  False Path  u_system/system_i/iq_demodulator_0/inst/o_q_sum_reg[26]/C                                                                                            u_system/system_i/iq_demodulator_0/inst/axi_q_sum_reg[26]/D
410  CDC-15  Warning   Clock enable controlled CDC structure detected          0  False Path  u_system/system_i/iq_demodulator_0/inst/o_q_sum_reg[27]/C                                                                                            u_system/system_i/iq_demodulator_0/inst/axi_q_sum_reg[27]/D
411  CDC-15  Warning   Clock enable controlled CDC structure detected          0  False Path  u_system/system_i/iq_demodulator_0/inst/o_q_sum_reg[28]/C                                                                                            u_system/system_i/iq_demodulator_0/inst/axi_q_sum_reg[28]/D
412  CDC-15  Warning   Clock enable controlled CDC structure detected          0  False Path  u_system/system_i/iq_demodulator_0/inst/o_q_sum_reg[29]/C                                                                                            u_system/system_i/iq_demodulator_0/inst/axi_q_sum_reg[29]/D
413  CDC-15  Warning   Clock enable controlled CDC structure detected          0  False Path  u_system/system_i/iq_demodulator_0/inst/o_q_sum_reg[30]/C                                                                                            u_system/system_i/iq_demodulator_0/inst/axi_q_sum_reg[30]/D
414  CDC-15  Warning   Clock enable controlled CDC structure detected          0  False Path  u_system/system_i/iq_demodulator_0/inst/o_q_sum_reg[31]/C                                                                                            u_system/system_i/iq_demodulator_0/inst/axi_q_sum_reg[31]/D
415  CDC-15  Warning   Clock enable controlled CDC structure detected          0  False Path  u_system/system_i/iq_demodulator_0/inst/o_q_sum_reg[32]/C                                                                                            u_system/system_i/iq_demodulator_0/inst/axi_q_sum_reg[32]/D
416  CDC-15  Warning   Clock enable controlled CDC structure detected          0  False Path  u_system/system_i/iq_demodulator_0/inst/o_q_sum_reg[33]/C                                                                                            u_system/system_i/iq_demodulator_0/inst/axi_q_sum_reg[33]/D
417  CDC-15  Warning   Clock enable controlled CDC structure detected          0  False Path  u_system/system_i/iq_demodulator_0/inst/o_q_sum_reg[34]/C                                                                                            u_system/system_i/iq_demodulator_0/inst/axi_q_sum_reg[34]/D
418  CDC-15  Warning   Clock enable controlled CDC structure detected          0  False Path  u_system/system_i/iq_demodulator_0/inst/o_q_sum_reg[35]/C                                                                                            u_system/system_i/iq_demodulator_0/inst/axi_q_sum_reg[35]/D
419  CDC-15  Warning   Clock enable controlled CDC structure detected          0  False Path  u_system/system_i/iq_demodulator_0/inst/o_q_sum_reg[36]/C                                                                                            u_system/system_i/iq_demodulator_0/inst/axi_q_sum_reg[36]/D
420  CDC-15  Warning   Clock enable controlled CDC structure detected          0  False Path  u_system/system_i/iq_demodulator_0/inst/o_q_sum_reg[37]/C                                                                                            u_system/system_i/iq_demodulator_0/inst/axi_q_sum_reg[37]/D
421  CDC-15  Warning   Clock enable controlled CDC structure detected          0  False Path  u_system/system_i/iq_demodulator_0/inst/o_q_sum_reg[38]/C                                                                                            u_system/system_i/iq_demodulator_0/inst/axi_q_sum_reg[38]/D
422  CDC-15  Warning   Clock enable controlled CDC structure detected          0  False Path  u_system/system_i/iq_demodulator_0/inst/o_q_sum_reg[39]/C                                                                                            u_system/system_i/iq_demodulator_0/inst/axi_q_sum_reg[39]/D
423  CDC-15  Warning   Clock enable controlled CDC structure detected          0  False Path  u_system/system_i/iq_demodulator_0/inst/o_q_sum_reg[40]/C                                                                                            u_system/system_i/iq_demodulator_0/inst/axi_q_sum_reg[40]/D
424  CDC-15  Warning   Clock enable controlled CDC structure detected          0  False Path  u_system/system_i/iq_demodulator_0/inst/o_q_sum_reg[41]/C                                                                                            u_system/system_i/iq_demodulator_0/inst/axi_q_sum_reg[41]/D
425  CDC-15  Warning   Clock enable controlled CDC structure detected          0  False Path  u_system/system_i/iq_demodulator_0/inst/o_q_sum_reg[42]/C                                                                                            u_system/system_i/iq_demodulator_0/inst/axi_q_sum_reg[42]/D
426  CDC-15  Warning   Clock enable controlled CDC structure detected          0  False Path  u_system/system_i/iq_demodulator_0/inst/o_q_sum_reg[43]/C                                                                                            u_system/system_i/iq_demodulator_0/inst/axi_q_sum_reg[43]/D
427  CDC-15  Warning   Clock enable controlled CDC structure detected          0  False Path  u_system/system_i/iq_demodulator_0/inst/o_q_sum_reg[44]/C                                                                                            u_system/system_i/iq_demodulator_0/inst/axi_q_sum_reg[44]/D
428  CDC-15  Warning   Clock enable controlled CDC structure detected          0  False Path  u_system/system_i/iq_demodulator_0/inst/o_q_sum_reg[45]/C                                                                                            u_system/system_i/iq_demodulator_0/inst/axi_q_sum_reg[45]/D
429  CDC-15  Warning   Clock enable controlled CDC structure detected          0  False Path  u_system/system_i/iq_demodulator_0/inst/o_q_sum_reg[46]/C                                                                                            u_system/system_i/iq_demodulator_0/inst/axi_q_sum_reg[46]/D
430  CDC-15  Warning   Clock enable controlled CDC structure detected          0  False Path  u_system/system_i/iq_demodulator_0/inst/o_q_sum_reg[47]/C                                                                                            u_system/system_i/iq_demodulator_0/inst/axi_q_sum_reg[47]/D
431  CDC-15  Warning   Clock enable controlled CDC structure detected          0  False Path  u_system/system_i/iq_demodulator_0/inst/o_result_pinc_reg[0]/C                                                                                       u_system/system_i/iq_demodulator_0/inst/axi_result_pinc_reg[0]/D
432  CDC-15  Warning   Clock enable controlled CDC structure detected          0  False Path  u_system/system_i/iq_demodulator_0/inst/o_result_pinc_reg[1]/C                                                                                       u_system/system_i/iq_demodulator_0/inst/axi_result_pinc_reg[1]/D
433  CDC-15  Warning   Clock enable controlled CDC structure detected          0  False Path  u_system/system_i/iq_demodulator_0/inst/o_result_pinc_reg[2]/C                                                                                       u_system/system_i/iq_demodulator_0/inst/axi_result_pinc_reg[2]/D
434  CDC-15  Warning   Clock enable controlled CDC structure detected          0  False Path  u_system/system_i/iq_demodulator_0/inst/o_result_pinc_reg[3]/C                                                                                       u_system/system_i/iq_demodulator_0/inst/axi_result_pinc_reg[3]/D
435  CDC-15  Warning   Clock enable controlled CDC structure detected          0  False Path  u_system/system_i/iq_demodulator_0/inst/o_result_pinc_reg[4]/C                                                                                       u_system/system_i/iq_demodulator_0/inst/axi_result_pinc_reg[4]/D
436  CDC-15  Warning   Clock enable controlled CDC structure detected          0  False Path  u_system/system_i/iq_demodulator_0/inst/o_result_pinc_reg[5]/C                                                                                       u_system/system_i/iq_demodulator_0/inst/axi_result_pinc_reg[5]/D
437  CDC-15  Warning   Clock enable controlled CDC structure detected          0  False Path  u_system/system_i/iq_demodulator_0/inst/o_result_pinc_reg[6]/C                                                                                       u_system/system_i/iq_demodulator_0/inst/axi_result_pinc_reg[6]/D
438  CDC-15  Warning   Clock enable controlled CDC structure detected          0  False Path  u_system/system_i/iq_demodulator_0/inst/o_result_pinc_reg[7]/C                                                                                       u_system/system_i/iq_demodulator_0/inst/axi_result_pinc_reg[7]/D
439  CDC-15  Warning   Clock enable controlled CDC structure detected          0  False Path  u_system/system_i/iq_demodulator_0/inst/o_result_pinc_reg[8]/C                                                                                       u_system/system_i/iq_demodulator_0/inst/axi_result_pinc_reg[8]/D
440  CDC-15  Warning   Clock enable controlled CDC structure detected          0  False Path  u_system/system_i/iq_demodulator_0/inst/o_result_pinc_reg[9]/C                                                                                       u_system/system_i/iq_demodulator_0/inst/axi_result_pinc_reg[9]/D
441  CDC-15  Warning   Clock enable controlled CDC structure detected          0  False Path  u_system/system_i/iq_demodulator_0/inst/o_result_pinc_reg[10]/C                                                                                      u_system/system_i/iq_demodulator_0/inst/axi_result_pinc_reg[10]/D
442  CDC-15  Warning   Clock enable controlled CDC structure detected          0  False Path  u_system/system_i/iq_demodulator_0/inst/o_result_pinc_reg[11]/C                                                                                      u_system/system_i/iq_demodulator_0/inst/axi_result_pinc_reg[11]/D
443  CDC-15  Warning   Clock enable controlled CDC structure detected          0  False Path  u_system/system_i/iq_demodulator_0/inst/o_result_pinc_reg[12]/C                                                                                      u_system/system_i/iq_demodulator_0/inst/axi_result_pinc_reg[12]/D
444  CDC-15  Warning   Clock enable controlled CDC structure detected          0  False Path  u_system/system_i/iq_demodulator_0/inst/o_result_pinc_reg[13]/C                                                                                      u_system/system_i/iq_demodulator_0/inst/axi_result_pinc_reg[13]/D
445  CDC-15  Warning   Clock enable controlled CDC structure detected          0  False Path  u_system/system_i/iq_demodulator_0/inst/o_result_pinc_reg[14]/C                                                                                      u_system/system_i/iq_demodulator_0/inst/axi_result_pinc_reg[14]/D
446  CDC-15  Warning   Clock enable controlled CDC structure detected          0  False Path  u_system/system_i/iq_demodulator_0/inst/o_result_pinc_reg[15]/C                                                                                      u_system/system_i/iq_demodulator_0/inst/axi_result_pinc_reg[15]/D
447  CDC-15  Warning   Clock enable controlled CDC structure detected          0  False Path  u_system/system_i/iq_demodulator_0/inst/o_result_pinc_reg[16]/C                                                                                      u_system/system_i/iq_demodulator_0/inst/axi_result_pinc_reg[16]/D
448  CDC-15  Warning   Clock enable controlled CDC structure detected          0  False Path  u_system/system_i/iq_demodulator_0/inst/o_result_pinc_reg[17]/C                                                                                      u_system/system_i/iq_demodulator_0/inst/axi_result_pinc_reg[17]/D
449  CDC-15  Warning   Clock enable controlled CDC structure detected          0  False Path  u_system/system_i/iq_demodulator_0/inst/o_result_pinc_reg[18]/C                                                                                      u_system/system_i/iq_demodulator_0/inst/axi_result_pinc_reg[18]/D
450  CDC-15  Warning   Clock enable controlled CDC structure detected          0  False Path  u_system/system_i/iq_demodulator_0/inst/o_result_pinc_reg[19]/C                                                                                      u_system/system_i/iq_demodulator_0/inst/axi_result_pinc_reg[19]/D
451  CDC-15  Warning   Clock enable controlled CDC structure detected          0  False Path  u_system/system_i/iq_demodulator_0/inst/o_result_pinc_reg[20]/C                                                                                      u_system/system_i/iq_demodulator_0/inst/axi_result_pinc_reg[20]/D
452  CDC-15  Warning   Clock enable controlled CDC structure detected          0  False Path  u_system/system_i/iq_demodulator_0/inst/o_result_pinc_reg[21]/C                                                                                      u_system/system_i/iq_demodulator_0/inst/axi_result_pinc_reg[21]/D
453  CDC-15  Warning   Clock enable controlled CDC structure detected          0  False Path  u_system/system_i/iq_demodulator_0/inst/o_result_pinc_reg[22]/C                                                                                      u_system/system_i/iq_demodulator_0/inst/axi_result_pinc_reg[22]/D
454  CDC-15  Warning   Clock enable controlled CDC structure detected          0  False Path  u_system/system_i/iq_demodulator_0/inst/o_result_pinc_reg[23]/C                                                                                      u_system/system_i/iq_demodulator_0/inst/axi_result_pinc_reg[23]/D
455  CDC-15  Warning   Clock enable controlled CDC structure detected          0  False Path  u_system/system_i/iq_demodulator_0/inst/o_result_pinc_reg[24]/C                                                                                      u_system/system_i/iq_demodulator_0/inst/axi_result_pinc_reg[24]/D
456  CDC-15  Warning   Clock enable controlled CDC structure detected          0  False Path  u_system/system_i/iq_demodulator_0/inst/o_result_pinc_reg[25]/C                                                                                      u_system/system_i/iq_demodulator_0/inst/axi_result_pinc_reg[25]/D
457  CDC-15  Warning   Clock enable controlled CDC structure detected          0  False Path  u_system/system_i/iq_demodulator_0/inst/o_result_pinc_reg[26]/C                                                                                      u_system/system_i/iq_demodulator_0/inst/axi_result_pinc_reg[26]/D
458  CDC-15  Warning   Clock enable controlled CDC structure detected          0  False Path  u_system/system_i/iq_demodulator_0/inst/o_result_pinc_reg[27]/C                                                                                      u_system/system_i/iq_demodulator_0/inst/axi_result_pinc_reg[27]/D
459  CDC-15  Warning   Clock enable controlled CDC structure detected          0  False Path  u_system/system_i/iq_demodulator_0/inst/o_result_pinc_reg[28]/C                                                                                      u_system/system_i/iq_demodulator_0/inst/axi_result_pinc_reg[28]/D
460  CDC-15  Warning   Clock enable controlled CDC structure detected          0  False Path  u_system/system_i/iq_demodulator_0/inst/o_result_pinc_reg[29]/C                                                                                      u_system/system_i/iq_demodulator_0/inst/axi_result_pinc_reg[29]/D
461  CDC-15  Warning   Clock enable controlled CDC structure detected          0  False Path  u_system/system_i/iq_demodulator_0/inst/o_result_pinc_reg[30]/C                                                                                      u_system/system_i/iq_demodulator_0/inst/axi_result_pinc_reg[30]/D
462  CDC-15  Warning   Clock enable controlled CDC structure detected          0  False Path  u_system/system_i/iq_demodulator_0/inst/o_result_pinc_reg[31]/C                                                                                      u_system/system_i/iq_demodulator_0/inst/axi_result_pinc_reg[31]/D
463  CDC-15  Warning   Clock enable controlled CDC structure detected          0  False Path  u_system/system_i/iq_demodulator_0/inst/o_result_seq_reg[0]/C                                                                                        u_system/system_i/iq_demodulator_0/inst/axi_result_seq_reg[0]/D
464  CDC-15  Warning   Clock enable controlled CDC structure detected          0  False Path  u_system/system_i/iq_demodulator_0/inst/o_result_seq_reg[1]/C                                                                                        u_system/system_i/iq_demodulator_0/inst/axi_result_seq_reg[1]/D
465  CDC-15  Warning   Clock enable controlled CDC structure detected          0  False Path  u_system/system_i/iq_demodulator_0/inst/o_result_seq_reg[2]/C                                                                                        u_system/system_i/iq_demodulator_0/inst/axi_result_seq_reg[2]/D
466  CDC-15  Warning   Clock enable controlled CDC structure detected          0  False Path  u_system/system_i/iq_demodulator_0/inst/o_result_seq_reg[3]/C                                                                                        u_system/system_i/iq_demodulator_0/inst/axi_result_seq_reg[3]/D
467  CDC-15  Warning   Clock enable controlled CDC structure detected          0  False Path  u_system/system_i/iq_demodulator_0/inst/o_result_seq_reg[4]/C                                                                                        u_system/system_i/iq_demodulator_0/inst/axi_result_seq_reg[4]/D
468  CDC-15  Warning   Clock enable controlled CDC structure detected          0  False Path  u_system/system_i/iq_demodulator_0/inst/o_result_seq_reg[5]/C                                                                                        u_system/system_i/iq_demodulator_0/inst/axi_result_seq_reg[5]/D
469  CDC-15  Warning   Clock enable controlled CDC structure detected          0  False Path  u_system/system_i/iq_demodulator_0/inst/o_result_seq_reg[6]/C                                                                                        u_system/system_i/iq_demodulator_0/inst/axi_result_seq_reg[6]/D
470  CDC-15  Warning   Clock enable controlled CDC structure detected          0  False Path  u_system/system_i/iq_demodulator_0/inst/o_result_seq_reg[7]/C                                                                                        u_system/system_i/iq_demodulator_0/inst/axi_result_seq_reg[7]/D
471  CDC-15  Warning   Clock enable controlled CDC structure detected          0  False Path  u_system/system_i/iq_demodulator_0/inst/o_result_seq_reg[8]/C                                                                                        u_system/system_i/iq_demodulator_0/inst/axi_result_seq_reg[8]/D
472  CDC-15  Warning   Clock enable controlled CDC structure detected          0  False Path  u_system/system_i/iq_demodulator_0/inst/o_result_seq_reg[9]/C                                                                                        u_system/system_i/iq_demodulator_0/inst/axi_result_seq_reg[9]/D
473  CDC-15  Warning   Clock enable controlled CDC structure detected          0  False Path  u_system/system_i/iq_demodulator_0/inst/o_result_seq_reg[10]/C                                                                                       u_system/system_i/iq_demodulator_0/inst/axi_result_seq_reg[10]/D
474  CDC-15  Warning   Clock enable controlled CDC structure detected          0  False Path  u_system/system_i/iq_demodulator_0/inst/o_result_seq_reg[11]/C                                                                                       u_system/system_i/iq_demodulator_0/inst/axi_result_seq_reg[11]/D
475  CDC-15  Warning   Clock enable controlled CDC structure detected          0  False Path  u_system/system_i/iq_demodulator_0/inst/o_result_seq_reg[12]/C                                                                                       u_system/system_i/iq_demodulator_0/inst/axi_result_seq_reg[12]/D
476  CDC-15  Warning   Clock enable controlled CDC structure detected          0  False Path  u_system/system_i/iq_demodulator_0/inst/o_result_seq_reg[13]/C                                                                                       u_system/system_i/iq_demodulator_0/inst/axi_result_seq_reg[13]/D
477  CDC-15  Warning   Clock enable controlled CDC structure detected          0  False Path  u_system/system_i/iq_demodulator_0/inst/o_result_seq_reg[14]/C                                                                                       u_system/system_i/iq_demodulator_0/inst/axi_result_seq_reg[14]/D
478  CDC-15  Warning   Clock enable controlled CDC structure detected          0  False Path  u_system/system_i/iq_demodulator_0/inst/o_result_seq_reg[15]/C                                                                                       u_system/system_i/iq_demodulator_0/inst/axi_result_seq_reg[15]/D
479  CDC-15  Warning   Clock enable controlled CDC structure detected          0  False Path  u_system/system_i/iq_demodulator_0/inst/o_result_seq_reg[16]/C                                                                                       u_system/system_i/iq_demodulator_0/inst/axi_result_seq_reg[16]/D
480  CDC-15  Warning   Clock enable controlled CDC structure detected          0  False Path  u_system/system_i/iq_demodulator_0/inst/o_result_seq_reg[17]/C                                                                                       u_system/system_i/iq_demodulator_0/inst/axi_result_seq_reg[17]/D
481  CDC-15  Warning   Clock enable controlled CDC structure detected          0  False Path  u_system/system_i/iq_demodulator_0/inst/o_result_seq_reg[18]/C                                                                                       u_system/system_i/iq_demodulator_0/inst/axi_result_seq_reg[18]/D
482  CDC-15  Warning   Clock enable controlled CDC structure detected          0  False Path  u_system/system_i/iq_demodulator_0/inst/o_result_seq_reg[19]/C                                                                                       u_system/system_i/iq_demodulator_0/inst/axi_result_seq_reg[19]/D
483  CDC-15  Warning   Clock enable controlled CDC structure detected          0  False Path  u_system/system_i/iq_demodulator_0/inst/o_result_seq_reg[20]/C                                                                                       u_system/system_i/iq_demodulator_0/inst/axi_result_seq_reg[20]/D
484  CDC-15  Warning   Clock enable controlled CDC structure detected          0  False Path  u_system/system_i/iq_demodulator_0/inst/o_result_seq_reg[21]/C                                                                                       u_system/system_i/iq_demodulator_0/inst/axi_result_seq_reg[21]/D
485  CDC-15  Warning   Clock enable controlled CDC structure detected          0  False Path  u_system/system_i/iq_demodulator_0/inst/o_result_seq_reg[22]/C                                                                                       u_system/system_i/iq_demodulator_0/inst/axi_result_seq_reg[22]/D
486  CDC-15  Warning   Clock enable controlled CDC structure detected          0  False Path  u_system/system_i/iq_demodulator_0/inst/o_result_seq_reg[23]/C                                                                                       u_system/system_i/iq_demodulator_0/inst/axi_result_seq_reg[23]/D
487  CDC-15  Warning   Clock enable controlled CDC structure detected          0  False Path  u_system/system_i/iq_demodulator_0/inst/o_result_seq_reg[24]/C                                                                                       u_system/system_i/iq_demodulator_0/inst/axi_result_seq_reg[24]/D
488  CDC-15  Warning   Clock enable controlled CDC structure detected          0  False Path  u_system/system_i/iq_demodulator_0/inst/o_result_seq_reg[25]/C                                                                                       u_system/system_i/iq_demodulator_0/inst/axi_result_seq_reg[25]/D
489  CDC-15  Warning   Clock enable controlled CDC structure detected          0  False Path  u_system/system_i/iq_demodulator_0/inst/o_result_seq_reg[26]/C                                                                                       u_system/system_i/iq_demodulator_0/inst/axi_result_seq_reg[26]/D
490  CDC-15  Warning   Clock enable controlled CDC structure detected          0  False Path  u_system/system_i/iq_demodulator_0/inst/o_result_seq_reg[27]/C                                                                                       u_system/system_i/iq_demodulator_0/inst/axi_result_seq_reg[27]/D
491  CDC-15  Warning   Clock enable controlled CDC structure detected          0  False Path  u_system/system_i/iq_demodulator_0/inst/o_result_seq_reg[28]/C                                                                                       u_system/system_i/iq_demodulator_0/inst/axi_result_seq_reg[28]/D
492  CDC-15  Warning   Clock enable controlled CDC structure detected          0  False Path  u_system/system_i/iq_demodulator_0/inst/o_result_seq_reg[29]/C                                                                                       u_system/system_i/iq_demodulator_0/inst/axi_result_seq_reg[29]/D
493  CDC-15  Warning   Clock enable controlled CDC structure detected          0  False Path  u_system/system_i/iq_demodulator_0/inst/o_result_seq_reg[30]/C                                                                                       u_system/system_i/iq_demodulator_0/inst/axi_result_seq_reg[30]/D
494  CDC-15  Warning   Clock enable controlled CDC structure detected          0  False Path  u_system/system_i/iq_demodulator_0/inst/o_result_seq_reg[31]/C                                                                                       u_system/system_i/iq_demodulator_0/inst/axi_result_seq_reg[31]/D
495  CDC-15  Warning   Clock enable controlled CDC structure detected          0  False Path  u_system/system_i/iq_demodulator_0/inst/o_sample_count_reg[0]/C                                                                                      u_system/system_i/iq_demodulator_0/inst/axi_sample_count_reg[0]/D
496  CDC-15  Warning   Clock enable controlled CDC structure detected          0  False Path  u_system/system_i/iq_demodulator_0/inst/o_sample_count_reg[1]/C                                                                                      u_system/system_i/iq_demodulator_0/inst/axi_sample_count_reg[1]/D
497  CDC-15  Warning   Clock enable controlled CDC structure detected          0  False Path  u_system/system_i/iq_demodulator_0/inst/o_sample_count_reg[2]/C                                                                                      u_system/system_i/iq_demodulator_0/inst/axi_sample_count_reg[2]/D
498  CDC-15  Warning   Clock enable controlled CDC structure detected          0  False Path  u_system/system_i/iq_demodulator_0/inst/o_sample_count_reg[3]/C                                                                                      u_system/system_i/iq_demodulator_0/inst/axi_sample_count_reg[3]/D
499  CDC-15  Warning   Clock enable controlled CDC structure detected          0  False Path  u_system/system_i/iq_demodulator_0/inst/o_sample_count_reg[4]/C                                                                                      u_system/system_i/iq_demodulator_0/inst/axi_sample_count_reg[4]/D
500  CDC-15  Warning   Clock enable controlled CDC structure detected          0  False Path  u_system/system_i/iq_demodulator_0/inst/o_sample_count_reg[5]/C                                                                                      u_system/system_i/iq_demodulator_0/inst/axi_sample_count_reg[5]/D
501  CDC-15  Warning   Clock enable controlled CDC structure detected          0  False Path  u_system/system_i/iq_demodulator_0/inst/o_sample_count_reg[6]/C                                                                                      u_system/system_i/iq_demodulator_0/inst/axi_sample_count_reg[6]/D
502  CDC-15  Warning   Clock enable controlled CDC structure detected          0  False Path  u_system/system_i/iq_demodulator_0/inst/o_sample_count_reg[7]/C                                                                                      u_system/system_i/iq_demodulator_0/inst/axi_sample_count_reg[7]/D
503  CDC-15  Warning   Clock enable controlled CDC structure detected          0  False Path  u_system/system_i/iq_demodulator_0/inst/o_sample_count_reg[8]/C                                                                                      u_system/system_i/iq_demodulator_0/inst/axi_sample_count_reg[8]/D
504  CDC-15  Warning   Clock enable controlled CDC structure detected          0  False Path  u_system/system_i/iq_demodulator_0/inst/o_sample_count_reg[9]/C                                                                                      u_system/system_i/iq_demodulator_0/inst/axi_sample_count_reg[9]/D
505  CDC-15  Warning   Clock enable controlled CDC structure detected          0  False Path  u_system/system_i/iq_demodulator_0/inst/o_sample_count_reg[10]/C                                                                                     u_system/system_i/iq_demodulator_0/inst/axi_sample_count_reg[10]/D
506  CDC-15  Warning   Clock enable controlled CDC structure detected          0  False Path  u_system/system_i/iq_demodulator_0/inst/o_sample_count_reg[11]/C                                                                                     u_system/system_i/iq_demodulator_0/inst/axi_sample_count_reg[11]/D
507  CDC-15  Warning   Clock enable controlled CDC structure detected          0  False Path  u_system/system_i/iq_demodulator_0/inst/o_sample_count_reg[12]/C                                                                                     u_system/system_i/iq_demodulator_0/inst/axi_sample_count_reg[12]/D
508  CDC-15  Warning   Clock enable controlled CDC structure detected          0  False Path  u_system/system_i/iq_demodulator_0/inst/o_sample_count_reg[13]/C                                                                                     u_system/system_i/iq_demodulator_0/inst/axi_sample_count_reg[13]/D
509  CDC-15  Warning   Clock enable controlled CDC structure detected          0  False Path  u_system/system_i/iq_demodulator_0/inst/o_sample_count_reg[14]/C                                                                                     u_system/system_i/iq_demodulator_0/inst/axi_sample_count_reg[14]/D
510  CDC-15  Warning   Clock enable controlled CDC structure detected          0  False Path  u_system/system_i/iq_demodulator_0/inst/o_sample_count_reg[15]/C                                                                                     u_system/system_i/iq_demodulator_0/inst/axi_sample_count_reg[15]/D
511  CDC-2   Warning   1-bit synchronized with missing ASYNC_REG property      2  False Path  u_system/system_i/iq_demodulator_0/inst/cfg_ack_adc_reg/C                                                                                            u_system/system_i/iq_demodulator_0/inst/cfg_ack_sync1_reg/D
512  CDC-2   Warning   1-bit synchronized with missing ASYNC_REG property      2  False Path  u_system/system_i/iq_demodulator_0/inst/result_toggle_adc_reg/C                                                                                      u_system/system_i/iq_demodulator_0/inst/result_toggle_sync1_reg/D
513  CDC-2   Warning   1-bit synchronized with missing ASYNC_REG property      2  False Path  u_system/system_i/iq_demodulator_0/inst/result_waiting_ack_adc_reg/C                                                                                 u_system/system_i/iq_demodulator_0/inst/result_waiting_sync1_reg/D

Source Clock: dbg_hub/inst/BSCANID.u_xsdbm_id/SWITCH_N_EXT_BSCAN.bscan_inst/SERIES7_BSCAN.bscan_inst/TCK
Destination Clock: clk_fpga_0
CDC Type: No Common Primary Clock

Row  ID     Severity  Description                                              Depth  Exception   Source (From)                                                                                            Destination (To)
---  -----  --------  -------------------------------------------------------  -----  ----------  -------------------------------------------------------------------------------------------------------  -------------------------------------------------------------------------------------------------------------------------------------------------------------------------------------------------------------------
  1  CDC-3  Info      1-bit synchronized with ASYNC_REG property                   2  False Path  dbg_hub/inst/BSCANID.u_xsdbm_id/CORE_XSDB.UUT_MASTER/U_ICON_INTERFACE/U_CMD1/icn_cmd_en_temp_reg/C       dbg_hub/inst/BSCANID.u_xsdbm_id/CORE_XSDB.UUT_MASTER/U_ICON_INTERFACE/U_CMD1/ctl_reg_en_1_reg[0]/D
  2  CDC-3  Info      1-bit synchronized with ASYNC_REG property                   2  False Path  dbg_hub/inst/BSCANID.u_xsdbm_id/CORE_XSDB.UUT_MASTER/U_ICON_INTERFACE/U_CMD2/icn_cmd_en_temp_reg/C       dbg_hub/inst/BSCANID.u_xsdbm_id/CORE_XSDB.UUT_MASTER/U_ICON_INTERFACE/U_CMD2/stat_reg_ld_reg[0]/D
  3  CDC-3  Info      1-bit synchronized with ASYNC_REG property                   2  False Path  dbg_hub/inst/BSCANID.u_xsdbm_id/CORE_XSDB.UUT_MASTER/U_ICON_INTERFACE/U_CMD3/icn_cmd_en_temp_reg/C       dbg_hub/inst/BSCANID.u_xsdbm_id/CORE_XSDB.UUT_MASTER/U_ICON_INTERFACE/U_CMD3/stat_reg_ld_reg[0]/D
  4  CDC-3  Info      1-bit synchronized with ASYNC_REG property                   2  False Path  dbg_hub/inst/BSCANID.u_xsdbm_id/CORE_XSDB.UUT_MASTER/U_ICON_INTERFACE/U_CMD4/icn_cmd_en_temp_reg/C       dbg_hub/inst/BSCANID.u_xsdbm_id/CORE_XSDB.UUT_MASTER/U_ICON_INTERFACE/U_CMD4/ctl_reg_en_1_reg[0]/D
  5  CDC-3  Info      1-bit synchronized with ASYNC_REG property                   2  False Path  dbg_hub/inst/BSCANID.u_xsdbm_id/CORE_XSDB.UUT_MASTER/U_ICON_INTERFACE/U_CMD5/icn_cmd_en_temp_reg/C       dbg_hub/inst/BSCANID.u_xsdbm_id/CORE_XSDB.UUT_MASTER/U_ICON_INTERFACE/U_CMD5/ctl_reg_en_1_reg[0]/D
  6  CDC-9  Info      Asynchronous reset synchronized with ASYNC_REG property      2  False Path  dbg_hub/inst/BSCANID.u_xsdbm_id/CORE_XSDB.UUT_MASTER/U_ICON_INTERFACE/wrdata_rst_reg/C                   dbg_hub/inst/BSCANID.u_xsdbm_id/CORE_XSDB.UUT_MASTER/U_ICON_INTERFACE/U_CMD6_WR/U_WR_FIFO/SUBCORE_FIFO.xsdbm_v3_0_0_wrfifo_inst/inst_fifo_gen/gconvfifo.rf/grf.rf/rstblk/ngwrdrst.grst.g7serrst.rst_rd_reg1_reg/PRE
  7  CDC-3  Info      1-bit synchronized with ASYNC_REG property                   2  False Path  dbg_hub/inst/BSCANID.u_xsdbm_id/CORE_XSDB.UUT_MASTER/U_ICON_INTERFACE/U_CMD7_CTL/icn_cmd_en_temp_reg/C   dbg_hub/inst/BSCANID.u_xsdbm_id/CORE_XSDB.UUT_MASTER/U_ICON_INTERFACE/U_CMD7_CTL/ctl_reg_en_1_reg[0]/D
  8  CDC-3  Info      1-bit synchronized with ASYNC_REG property                   2  False Path  dbg_hub/inst/BSCANID.u_xsdbm_id/CORE_XSDB.UUT_MASTER/U_ICON_INTERFACE/U_CMD7_STAT/icn_cmd_en_temp_reg/C  dbg_hub/inst/BSCANID.u_xsdbm_id/CORE_XSDB.UUT_MASTER/U_ICON_INTERFACE/U_CMD7_STAT/stat_reg_ld_reg[0]/D
  9  CDC-3  Info      1-bit synchronized with ASYNC_REG property                   2  False Path  dbg_hub/inst/BSCANID.u_xsdbm_id/CORE_XSDB.UUT_MASTER/U_ICON_INTERFACE/icn_cmd_en_reg[5]/C                dbg_hub/inst/BSCANID.u_xsdbm_id/CORE_XSDB.UUT_MASTER/U_ICON_INTERFACE/icn_cmd_en_5_temp_reg/D

Source Clock: input port clock
Destination Clock: clk_fpga_0
CDC Type: No Common Primary Clock

Row  ID     Severity  Description                                 Depth  Exception   Source (From)  Destination (To)
---  -----  --------  ------------------------------------------  -----  ----------  -------------  --------------------------------------------------------------------------------------------------------------------------------------------------------------------------
  1  CDC-3  Info      1-bit synchronized with ASYNC_REG property      4  False Path  i_hmi_uart_rx  u_system/system_i/pl_hmi_uart_0/axi_uartlite_core/U0/UARTLITE_CORE_I/UARTLITE_RX_I/INPUT_DOUBLE_REGS3/GENERATE_LEVEL_P_S_CDC.SINGLE_BIT.CROSS_PLEVEL_IN2SCNDRY_IN_cdc_to/D

Source Clock: clk_fpga_0
Destination Clock: clk_pll_phase_PLL_AD
CDC Type: No Common Primary Clock

Row  ID      Severity  Description                                              Depth  Exception   Source (From)                                                                                                                                        Destination (To)
---  ------  --------  -------------------------------------------------------  -----  ----------  ---------------------------------------------------------------------------------------------------------------------------------------------------  ---------------------------------------------------------------------------------------------------------------------------------------------------------------------------------
  1  CDC-3   Info      1-bit synchronized with ASYNC_REG property                   6  False Path  u_h_top/u_ad_fifo/inst/u_fifo/my_fifo_ip/U0/inst_fifo_gen/gconvfifo.rf/grf.rf/rstblk/ngwrdrst.grst.g7serrst.gsckt_wrst.gic_rst.sckt_rd_rst_ic_reg/C  u_h_top/u_ad_fifo/inst/u_fifo/my_fifo_ip/U0/inst_fifo_gen/gconvfifo.rf/grf.rf/rstblk/ngwrdrst.grst.g7serrst.gsckt_wrst.gic_rst.xpm_cdc_single_inst_rrst_wr/syncstages_ff_reg[0]/D
  2  CDC-3   Info      1-bit synchronized with ASYNC_REG property                   2  False Path  u_h_top/u_ad_fifo/inst/u_fifo/rd_clock_seen_reg/C                                                                                                    u_h_top/u_ad_fifo/inst/u_fifo/rd_clock_seen_sync_reg[0]/D
  3  CDC-9   Info      Asynchronous reset synchronized with ASYNC_REG property      2  False Path  u_system/system_i/proc_sys_reset_0/U0/ACTIVE_LOW_PR_OUT_DFF[0].FDRE_PER_N/C                                                                          u_system/system_i/ad_fifo_monitor_axi_0/inst/monitor_axi_inst/monitor_core/adc_reset_sync_reg[0]/CLR
  4  CDC-3   Info      1-bit synchronized with ASYNC_REG property                   2  False Path  u_system/system_i/ad_fifo_monitor_axi_0/inst/monitor_axi_inst/monitor_core/clear_req_toggle_reg/C                                                    u_system/system_i/ad_fifo_monitor_axi_0/inst/monitor_axi_inst/monitor_core/clear_req_sync_reg[0]/D
  5  CDC-3   Info      1-bit synchronized with ASYNC_REG property                   2  False Path  u_system/system_i/ad_fifo_monitor_axi_0/inst/monitor_axi_inst/monitor_core/snapshot_req_toggle_reg/C                                                 u_system/system_i/ad_fifo_monitor_axi_0/inst/monitor_axi_inst/monitor_core/snapshot_req_sync_reg[0]/D
  6  CDC-7   Critical  Asynchronous reset unknown CDC circuitry                     0  False Path  u_system/system_i/proc_sys_reset_0/U0/ACTIVE_LOW_PR_OUT_DFF[0].FDRE_PER_N/C                                                                          u_system/system_i/ddc_stream_0/inst/FSM_onehot_fifo_reset_state_reg[0]/PRE
  7  CDC-7   Critical  Asynchronous reset unknown CDC circuitry                     0  False Path  u_system/system_i/proc_sys_reset_0/U0/ACTIVE_LOW_PR_OUT_DFF[0].FDRE_PER_N/C                                                                          u_system/system_i/ddc_stream_0/inst/FSM_onehot_fifo_reset_state_reg[1]/CLR
  8  CDC-7   Critical  Asynchronous reset unknown CDC circuitry                     0  False Path  u_system/system_i/proc_sys_reset_0/U0/ACTIVE_LOW_PR_OUT_DFF[0].FDRE_PER_N/C                                                                          u_system/system_i/ddc_stream_0/inst/FSM_onehot_fifo_reset_state_reg[2]/CLR
  9  CDC-7   Critical  Asynchronous reset unknown CDC circuitry                     0  False Path  u_system/system_i/proc_sys_reset_0/U0/ACTIVE_LOW_PR_OUT_DFF[0].FDRE_PER_N/C                                                                          u_system/system_i/ddc_stream_0/inst/cfg_ack_adc_reg/CLR
 10  CDC-7   Critical  Asynchronous reset unknown CDC circuitry                     0  False Path  u_system/system_i/proc_sys_reset_0/U0/ACTIVE_LOW_PR_OUT_DFF[0].FDRE_PER_N/C                                                                          u_system/system_i/ddc_stream_0/inst/cfg_apply_adc_reg/CLR
 11  CDC-7   Critical  Asynchronous reset unknown CDC circuitry                     0  False Path  u_system/system_i/proc_sys_reset_0/U0/ACTIVE_LOW_PR_OUT_DFF[0].FDRE_PER_N/C                                                                          u_system/system_i/ddc_stream_0/inst/cfg_clear_fault_adc_reg/CLR
 12  CDC-1   Critical  1-bit unknown CDC circuitry                                  0  False Path  u_system/system_i/ddc_stream_0/inst/clear_fault_shadow_reg/C                                                                                         u_system/system_i/ddc_stream_0/inst/cfg_clear_fault_adc_reg/D
 13  CDC-2   Warning   1-bit synchronized with missing ASYNC_REG property           2  False Path  u_system/system_i/ddc_stream_0/inst/cfg_req_toggle_reg/C                                                                                             u_system/system_i/ddc_stream_0/inst/cfg_req_sync1_reg/D
 14  CDC-7   Critical  Asynchronous reset unknown CDC circuitry                     0  False Path  u_system/system_i/proc_sys_reset_0/U0/ACTIVE_LOW_PR_OUT_DFF[0].FDRE_PER_N/C                                                                          u_system/system_i/ddc_stream_0/inst/cfg_restart_adc_reg/CLR
 15  CDC-1   Critical  1-bit unknown CDC circuitry                                  0  False Path  u_system/system_i/ddc_stream_0/inst/restart_shadow_reg/C                                                                                             u_system/system_i/ddc_stream_0/inst/cfg_restart_adc_reg/D
 16  CDC-7   Critical  Asynchronous reset unknown CDC circuitry                     0  False Path  u_system/system_i/proc_sys_reset_0/U0/ACTIVE_LOW_PR_OUT_DFF[0].FDRE_PER_N/C                                                                          u_system/system_i/ddc_stream_0/inst/cfg_run_adc_reg/CLR
 17  CDC-1   Critical  1-bit unknown CDC circuitry                                  0  False Path  u_system/system_i/ddc_stream_0/inst/run_shadow_reg/C                                                                                                 u_system/system_i/ddc_stream_0/inst/cfg_run_adc_reg/D
 18  CDC-7   Critical  Asynchronous reset unknown CDC circuitry                     0  False Path  u_system/system_i/proc_sys_reset_0/U0/ACTIVE_LOW_PR_OUT_DFF[0].FDRE_PER_N/C                                                                          u_system/system_i/ddc_stream_0/inst/cfg_settle_count_reg[0]/CLR
 19  CDC-7   Critical  Asynchronous reset unknown CDC circuitry                     0  False Path  u_system/system_i/proc_sys_reset_0/U0/ACTIVE_LOW_PR_OUT_DFF[0].FDRE_PER_N/C                                                                          u_system/system_i/ddc_stream_0/inst/cfg_settle_count_reg[1]/CLR
 20  CDC-15  Warning   Clock enable controlled CDC structure detected               0  False Path  u_system/system_i/proc_sys_reset_0/U0/ACTIVE_LOW_PR_OUT_DFF[0].FDRE_PER_N/C                                                                          u_system/system_i/ddc_stream_0/inst/complex_index_reg[0]/CLR
 21  CDC-15  Warning   Clock enable controlled CDC structure detected               0  False Path  u_system/system_i/proc_sys_reset_0/U0/ACTIVE_LOW_PR_OUT_DFF[0].FDRE_PER_N/C                                                                          u_system/system_i/ddc_stream_0/inst/complex_index_reg[1]/CLR
 22  CDC-15  Warning   Clock enable controlled CDC structure detected               0  False Path  u_system/system_i/proc_sys_reset_0/U0/ACTIVE_LOW_PR_OUT_DFF[0].FDRE_PER_N/C                                                                          u_system/system_i/ddc_stream_0/inst/complex_index_reg[2]/CLR
 23  CDC-15  Warning   Clock enable controlled CDC structure detected               0  False Path  u_system/system_i/proc_sys_reset_0/U0/ACTIVE_LOW_PR_OUT_DFF[0].FDRE_PER_N/C                                                                          u_system/system_i/ddc_stream_0/inst/complex_index_reg[3]/CLR
 24  CDC-15  Warning   Clock enable controlled CDC structure detected               0  False Path  u_system/system_i/proc_sys_reset_0/U0/ACTIVE_LOW_PR_OUT_DFF[0].FDRE_PER_N/C                                                                          u_system/system_i/ddc_stream_0/inst/complex_index_reg[4]/CLR
 25  CDC-15  Warning   Clock enable controlled CDC structure detected               0  False Path  u_system/system_i/proc_sys_reset_0/U0/ACTIVE_LOW_PR_OUT_DFF[0].FDRE_PER_N/C                                                                          u_system/system_i/ddc_stream_0/inst/complex_index_reg[5]/CLR
 26  CDC-15  Warning   Clock enable controlled CDC structure detected               0  False Path  u_system/system_i/proc_sys_reset_0/U0/ACTIVE_LOW_PR_OUT_DFF[0].FDRE_PER_N/C                                                                          u_system/system_i/ddc_stream_0/inst/complex_index_reg[6]/CLR
 27  CDC-15  Warning   Clock enable controlled CDC structure detected               0  False Path  u_system/system_i/proc_sys_reset_0/U0/ACTIVE_LOW_PR_OUT_DFF[0].FDRE_PER_N/C                                                                          u_system/system_i/ddc_stream_0/inst/complex_index_reg[7]/CLR
 28  CDC-15  Warning   Clock enable controlled CDC structure detected               0  False Path  u_system/system_i/proc_sys_reset_0/U0/ACTIVE_LOW_PR_OUT_DFF[0].FDRE_PER_N/C                                                                          u_system/system_i/ddc_stream_0/inst/complex_index_reg[8]/CLR
 29  CDC-15  Warning   Clock enable controlled CDC structure detected               0  False Path  u_system/system_i/proc_sys_reset_0/U0/ACTIVE_LOW_PR_OUT_DFF[0].FDRE_PER_N/C                                                                          u_system/system_i/ddc_stream_0/inst/complex_index_reg[9]/CLR
 30  CDC-15  Warning   Clock enable controlled CDC structure detected               0  False Path  u_system/system_i/proc_sys_reset_0/U0/ACTIVE_LOW_PR_OUT_DFF[0].FDRE_PER_N/C                                                                          u_system/system_i/ddc_stream_0/inst/complex_index_reg[10]/CLR
 31  CDC-15  Warning   Clock enable controlled CDC structure detected               0  False Path  u_system/system_i/proc_sys_reset_0/U0/ACTIVE_LOW_PR_OUT_DFF[0].FDRE_PER_N/C                                                                          u_system/system_i/ddc_stream_0/inst/complex_index_reg[11]/CLR
 32  CDC-7   Critical  Asynchronous reset unknown CDC circuitry                     0  False Path  u_system/system_i/proc_sys_reset_0/U0/ACTIVE_LOW_PR_OUT_DFF[0].FDRE_PER_N/C                                                                          u_system/system_i/ddc_stream_0/inst/core_restart_adc_reg/PRE
 33  CDC-11  Critical  Fan-out from launch flop to destination clock                2  False Path  u_system/system_i/ddc_stream_0/inst/u_output_fifo/gnuram_async_fifo.xpm_fifo_base_inst/xpm_fifo_rst_inst/gen_rst_ic.fifo_rd_rst_ic_reg/C             u_system/system_i/ddc_stream_0/inst/fifo_rd_busy_sync1_reg/D
 34  CDC-15  Warning   Clock enable controlled CDC structure detected               0  False Path  u_system/system_i/proc_sys_reset_0/U0/ACTIVE_LOW_PR_OUT_DFF[0].FDRE_PER_N/C                                                                          u_system/system_i/ddc_stream_0/inst/fifo_reset_count_reg[0]/CLR
 35  CDC-15  Warning   Clock enable controlled CDC structure detected               0  False Path  u_system/system_i/proc_sys_reset_0/U0/ACTIVE_LOW_PR_OUT_DFF[0].FDRE_PER_N/C                                                                          u_system/system_i/ddc_stream_0/inst/fifo_reset_count_reg[1]/CLR
 36  CDC-15  Warning   Clock enable controlled CDC structure detected               0  False Path  u_system/system_i/proc_sys_reset_0/U0/ACTIVE_LOW_PR_OUT_DFF[0].FDRE_PER_N/C                                                                          u_system/system_i/ddc_stream_0/inst/fifo_reset_count_reg[2]/CLR
 37  CDC-15  Warning   Clock enable controlled CDC structure detected               0  False Path  u_system/system_i/proc_sys_reset_0/U0/ACTIVE_LOW_PR_OUT_DFF[0].FDRE_PER_N/C                                                                          u_system/system_i/ddc_stream_0/inst/fifo_reset_count_reg[3]/PRE
 38  CDC-7   Critical  Asynchronous reset unknown CDC circuitry                     0  False Path  u_system/system_i/proc_sys_reset_0/U0/ACTIVE_LOW_PR_OUT_DFF[0].FDRE_PER_N/C                                                                          u_system/system_i/ddc_stream_0/inst/fifo_reset_pending_reg/CLR
 39  CDC-7   Critical  Asynchronous reset unknown CDC circuitry                     0  False Path  u_system/system_i/proc_sys_reset_0/U0/ACTIVE_LOW_PR_OUT_DFF[0].FDRE_PER_N/C                                                                          u_system/system_i/ddc_stream_0/inst/fifo_rst_reg/PRE
 40  CDC-7   Critical  Asynchronous reset unknown CDC circuitry                     0  False Path  u_system/system_i/proc_sys_reset_0/U0/ACTIVE_LOW_PR_OUT_DFF[0].FDRE_PER_N/C                                                                          u_system/system_i/ddc_stream_0/inst/fifo_wr_en_reg/CLR
 41  CDC-15  Warning   Clock enable controlled CDC structure detected               0  False Path  u_system/system_i/proc_sys_reset_0/U0/ACTIVE_LOW_PR_OUT_DFF[0].FDRE_PER_N/C                                                                          u_system/system_i/ddc_stream_0/inst/frame_count_adc_reg[0]/CLR
 42  CDC-15  Warning   Clock enable controlled CDC structure detected               0  False Path  u_system/system_i/proc_sys_reset_0/U0/ACTIVE_LOW_PR_OUT_DFF[0].FDRE_PER_N/C                                                                          u_system/system_i/ddc_stream_0/inst/frame_count_adc_reg[1]/CLR
 43  CDC-15  Warning   Clock enable controlled CDC structure detected               0  False Path  u_system/system_i/proc_sys_reset_0/U0/ACTIVE_LOW_PR_OUT_DFF[0].FDRE_PER_N/C                                                                          u_system/system_i/ddc_stream_0/inst/frame_count_adc_reg[2]/CLR
 44  CDC-15  Warning   Clock enable controlled CDC structure detected               0  False Path  u_system/system_i/proc_sys_reset_0/U0/ACTIVE_LOW_PR_OUT_DFF[0].FDRE_PER_N/C                                                                          u_system/system_i/ddc_stream_0/inst/frame_count_adc_reg[3]/CLR
 45  CDC-15  Warning   Clock enable controlled CDC structure detected               0  False Path  u_system/system_i/proc_sys_reset_0/U0/ACTIVE_LOW_PR_OUT_DFF[0].FDRE_PER_N/C                                                                          u_system/system_i/ddc_stream_0/inst/frame_count_adc_reg[4]/CLR
 46  CDC-15  Warning   Clock enable controlled CDC structure detected               0  False Path  u_system/system_i/proc_sys_reset_0/U0/ACTIVE_LOW_PR_OUT_DFF[0].FDRE_PER_N/C                                                                          u_system/system_i/ddc_stream_0/inst/frame_count_adc_reg[5]/CLR
 47  CDC-15  Warning   Clock enable controlled CDC structure detected               0  False Path  u_system/system_i/proc_sys_reset_0/U0/ACTIVE_LOW_PR_OUT_DFF[0].FDRE_PER_N/C                                                                          u_system/system_i/ddc_stream_0/inst/frame_count_adc_reg[6]/CLR
 48  CDC-15  Warning   Clock enable controlled CDC structure detected               0  False Path  u_system/system_i/proc_sys_reset_0/U0/ACTIVE_LOW_PR_OUT_DFF[0].FDRE_PER_N/C                                                                          u_system/system_i/ddc_stream_0/inst/frame_count_adc_reg[7]/CLR
 49  CDC-15  Warning   Clock enable controlled CDC structure detected               0  False Path  u_system/system_i/proc_sys_reset_0/U0/ACTIVE_LOW_PR_OUT_DFF[0].FDRE_PER_N/C                                                                          u_system/system_i/ddc_stream_0/inst/frame_count_adc_reg[8]/CLR
 50  CDC-15  Warning   Clock enable controlled CDC structure detected               0  False Path  u_system/system_i/proc_sys_reset_0/U0/ACTIVE_LOW_PR_OUT_DFF[0].FDRE_PER_N/C                                                                          u_system/system_i/ddc_stream_0/inst/frame_count_adc_reg[9]/CLR
 51  CDC-15  Warning   Clock enable controlled CDC structure detected               0  False Path  u_system/system_i/proc_sys_reset_0/U0/ACTIVE_LOW_PR_OUT_DFF[0].FDRE_PER_N/C                                                                          u_system/system_i/ddc_stream_0/inst/frame_count_adc_reg[10]/CLR
 52  CDC-15  Warning   Clock enable controlled CDC structure detected               0  False Path  u_system/system_i/proc_sys_reset_0/U0/ACTIVE_LOW_PR_OUT_DFF[0].FDRE_PER_N/C                                                                          u_system/system_i/ddc_stream_0/inst/frame_count_adc_reg[11]/CLR
 53  CDC-15  Warning   Clock enable controlled CDC structure detected               0  False Path  u_system/system_i/proc_sys_reset_0/U0/ACTIVE_LOW_PR_OUT_DFF[0].FDRE_PER_N/C                                                                          u_system/system_i/ddc_stream_0/inst/frame_count_adc_reg[12]/CLR
 54  CDC-15  Warning   Clock enable controlled CDC structure detected               0  False Path  u_system/system_i/proc_sys_reset_0/U0/ACTIVE_LOW_PR_OUT_DFF[0].FDRE_PER_N/C                                                                          u_system/system_i/ddc_stream_0/inst/frame_count_adc_reg[13]/CLR
 55  CDC-15  Warning   Clock enable controlled CDC structure detected               0  False Path  u_system/system_i/proc_sys_reset_0/U0/ACTIVE_LOW_PR_OUT_DFF[0].FDRE_PER_N/C                                                                          u_system/system_i/ddc_stream_0/inst/frame_count_adc_reg[14]/CLR
 56  CDC-15  Warning   Clock enable controlled CDC structure detected               0  False Path  u_system/system_i/proc_sys_reset_0/U0/ACTIVE_LOW_PR_OUT_DFF[0].FDRE_PER_N/C                                                                          u_system/system_i/ddc_stream_0/inst/frame_count_adc_reg[15]/CLR
 57  CDC-15  Warning   Clock enable controlled CDC structure detected               0  False Path  u_system/system_i/proc_sys_reset_0/U0/ACTIVE_LOW_PR_OUT_DFF[0].FDRE_PER_N/C                                                                          u_system/system_i/ddc_stream_0/inst/frame_count_adc_reg[16]/CLR
 58  CDC-15  Warning   Clock enable controlled CDC structure detected               0  False Path  u_system/system_i/proc_sys_reset_0/U0/ACTIVE_LOW_PR_OUT_DFF[0].FDRE_PER_N/C                                                                          u_system/system_i/ddc_stream_0/inst/frame_count_adc_reg[17]/CLR
 59  CDC-15  Warning   Clock enable controlled CDC structure detected               0  False Path  u_system/system_i/proc_sys_reset_0/U0/ACTIVE_LOW_PR_OUT_DFF[0].FDRE_PER_N/C                                                                          u_system/system_i/ddc_stream_0/inst/frame_count_adc_reg[18]/CLR
 60  CDC-15  Warning   Clock enable controlled CDC structure detected               0  False Path  u_system/system_i/proc_sys_reset_0/U0/ACTIVE_LOW_PR_OUT_DFF[0].FDRE_PER_N/C                                                                          u_system/system_i/ddc_stream_0/inst/frame_count_adc_reg[19]/CLR
 61  CDC-15  Warning   Clock enable controlled CDC structure detected               0  False Path  u_system/system_i/proc_sys_reset_0/U0/ACTIVE_LOW_PR_OUT_DFF[0].FDRE_PER_N/C                                                                          u_system/system_i/ddc_stream_0/inst/frame_count_adc_reg[20]/CLR
 62  CDC-15  Warning   Clock enable controlled CDC structure detected               0  False Path  u_system/system_i/proc_sys_reset_0/U0/ACTIVE_LOW_PR_OUT_DFF[0].FDRE_PER_N/C                                                                          u_system/system_i/ddc_stream_0/inst/frame_count_adc_reg[21]/CLR
 63  CDC-15  Warning   Clock enable controlled CDC structure detected               0  False Path  u_system/system_i/proc_sys_reset_0/U0/ACTIVE_LOW_PR_OUT_DFF[0].FDRE_PER_N/C                                                                          u_system/system_i/ddc_stream_0/inst/frame_count_adc_reg[22]/CLR
 64  CDC-15  Warning   Clock enable controlled CDC structure detected               0  False Path  u_system/system_i/proc_sys_reset_0/U0/ACTIVE_LOW_PR_OUT_DFF[0].FDRE_PER_N/C                                                                          u_system/system_i/ddc_stream_0/inst/frame_count_adc_reg[23]/CLR
 65  CDC-15  Warning   Clock enable controlled CDC structure detected               0  False Path  u_system/system_i/proc_sys_reset_0/U0/ACTIVE_LOW_PR_OUT_DFF[0].FDRE_PER_N/C                                                                          u_system/system_i/ddc_stream_0/inst/frame_count_adc_reg[24]/CLR
 66  CDC-15  Warning   Clock enable controlled CDC structure detected               0  False Path  u_system/system_i/proc_sys_reset_0/U0/ACTIVE_LOW_PR_OUT_DFF[0].FDRE_PER_N/C                                                                          u_system/system_i/ddc_stream_0/inst/frame_count_adc_reg[25]/CLR
 67  CDC-15  Warning   Clock enable controlled CDC structure detected               0  False Path  u_system/system_i/proc_sys_reset_0/U0/ACTIVE_LOW_PR_OUT_DFF[0].FDRE_PER_N/C                                                                          u_system/system_i/ddc_stream_0/inst/frame_count_adc_reg[26]/CLR
 68  CDC-15  Warning   Clock enable controlled CDC structure detected               0  False Path  u_system/system_i/proc_sys_reset_0/U0/ACTIVE_LOW_PR_OUT_DFF[0].FDRE_PER_N/C                                                                          u_system/system_i/ddc_stream_0/inst/frame_count_adc_reg[27]/CLR
 69  CDC-15  Warning   Clock enable controlled CDC structure detected               0  False Path  u_system/system_i/proc_sys_reset_0/U0/ACTIVE_LOW_PR_OUT_DFF[0].FDRE_PER_N/C                                                                          u_system/system_i/ddc_stream_0/inst/frame_count_adc_reg[28]/CLR
 70  CDC-15  Warning   Clock enable controlled CDC structure detected               0  False Path  u_system/system_i/proc_sys_reset_0/U0/ACTIVE_LOW_PR_OUT_DFF[0].FDRE_PER_N/C                                                                          u_system/system_i/ddc_stream_0/inst/frame_count_adc_reg[29]/CLR
 71  CDC-15  Warning   Clock enable controlled CDC structure detected               0  False Path  u_system/system_i/proc_sys_reset_0/U0/ACTIVE_LOW_PR_OUT_DFF[0].FDRE_PER_N/C                                                                          u_system/system_i/ddc_stream_0/inst/frame_count_adc_reg[30]/CLR
 72  CDC-15  Warning   Clock enable controlled CDC structure detected               0  False Path  u_system/system_i/proc_sys_reset_0/U0/ACTIVE_LOW_PR_OUT_DFF[0].FDRE_PER_N/C                                                                          u_system/system_i/ddc_stream_0/inst/frame_count_adc_reg[31]/CLR
 73  CDC-15  Warning   Clock enable controlled CDC structure detected               0  False Path  u_system/system_i/proc_sys_reset_0/U0/ACTIVE_LOW_PR_OUT_DFF[0].FDRE_PER_N/C                                                                          u_system/system_i/ddc_stream_0/inst/output_count_adc_reg[0]/CLR
 74  CDC-15  Warning   Clock enable controlled CDC structure detected               0  False Path  u_system/system_i/proc_sys_reset_0/U0/ACTIVE_LOW_PR_OUT_DFF[0].FDRE_PER_N/C                                                                          u_system/system_i/ddc_stream_0/inst/output_count_adc_reg[1]/CLR
 75  CDC-15  Warning   Clock enable controlled CDC structure detected               0  False Path  u_system/system_i/proc_sys_reset_0/U0/ACTIVE_LOW_PR_OUT_DFF[0].FDRE_PER_N/C                                                                          u_system/system_i/ddc_stream_0/inst/output_count_adc_reg[2]/CLR
 76  CDC-15  Warning   Clock enable controlled CDC structure detected               0  False Path  u_system/system_i/proc_sys_reset_0/U0/ACTIVE_LOW_PR_OUT_DFF[0].FDRE_PER_N/C                                                                          u_system/system_i/ddc_stream_0/inst/output_count_adc_reg[3]/CLR
 77  CDC-15  Warning   Clock enable controlled CDC structure detected               0  False Path  u_system/system_i/proc_sys_reset_0/U0/ACTIVE_LOW_PR_OUT_DFF[0].FDRE_PER_N/C                                                                          u_system/system_i/ddc_stream_0/inst/output_count_adc_reg[4]/CLR
 78  CDC-15  Warning   Clock enable controlled CDC structure detected               0  False Path  u_system/system_i/proc_sys_reset_0/U0/ACTIVE_LOW_PR_OUT_DFF[0].FDRE_PER_N/C                                                                          u_system/system_i/ddc_stream_0/inst/output_count_adc_reg[5]/CLR
 79  CDC-15  Warning   Clock enable controlled CDC structure detected               0  False Path  u_system/system_i/proc_sys_reset_0/U0/ACTIVE_LOW_PR_OUT_DFF[0].FDRE_PER_N/C                                                                          u_system/system_i/ddc_stream_0/inst/output_count_adc_reg[6]/CLR
 80  CDC-15  Warning   Clock enable controlled CDC structure detected               0  False Path  u_system/system_i/proc_sys_reset_0/U0/ACTIVE_LOW_PR_OUT_DFF[0].FDRE_PER_N/C                                                                          u_system/system_i/ddc_stream_0/inst/output_count_adc_reg[7]/CLR
 81  CDC-15  Warning   Clock enable controlled CDC structure detected               0  False Path  u_system/system_i/proc_sys_reset_0/U0/ACTIVE_LOW_PR_OUT_DFF[0].FDRE_PER_N/C                                                                          u_system/system_i/ddc_stream_0/inst/output_count_adc_reg[8]/CLR
 82  CDC-15  Warning   Clock enable controlled CDC structure detected               0  False Path  u_system/system_i/proc_sys_reset_0/U0/ACTIVE_LOW_PR_OUT_DFF[0].FDRE_PER_N/C                                                                          u_system/system_i/ddc_stream_0/inst/output_count_adc_reg[9]/CLR
 83  CDC-15  Warning   Clock enable controlled CDC structure detected               0  False Path  u_system/system_i/proc_sys_reset_0/U0/ACTIVE_LOW_PR_OUT_DFF[0].FDRE_PER_N/C                                                                          u_system/system_i/ddc_stream_0/inst/output_count_adc_reg[10]/CLR
 84  CDC-15  Warning   Clock enable controlled CDC structure detected               0  False Path  u_system/system_i/proc_sys_reset_0/U0/ACTIVE_LOW_PR_OUT_DFF[0].FDRE_PER_N/C                                                                          u_system/system_i/ddc_stream_0/inst/output_count_adc_reg[11]/CLR
 85  CDC-15  Warning   Clock enable controlled CDC structure detected               0  False Path  u_system/system_i/proc_sys_reset_0/U0/ACTIVE_LOW_PR_OUT_DFF[0].FDRE_PER_N/C                                                                          u_system/system_i/ddc_stream_0/inst/output_count_adc_reg[12]/CLR
 86  CDC-15  Warning   Clock enable controlled CDC structure detected               0  False Path  u_system/system_i/proc_sys_reset_0/U0/ACTIVE_LOW_PR_OUT_DFF[0].FDRE_PER_N/C                                                                          u_system/system_i/ddc_stream_0/inst/output_count_adc_reg[13]/CLR
 87  CDC-15  Warning   Clock enable controlled CDC structure detected               0  False Path  u_system/system_i/proc_sys_reset_0/U0/ACTIVE_LOW_PR_OUT_DFF[0].FDRE_PER_N/C                                                                          u_system/system_i/ddc_stream_0/inst/output_count_adc_reg[14]/CLR
 88  CDC-15  Warning   Clock enable controlled CDC structure detected               0  False Path  u_system/system_i/proc_sys_reset_0/U0/ACTIVE_LOW_PR_OUT_DFF[0].FDRE_PER_N/C                                                                          u_system/system_i/ddc_stream_0/inst/output_count_adc_reg[15]/CLR
 89  CDC-15  Warning   Clock enable controlled CDC structure detected               0  False Path  u_system/system_i/proc_sys_reset_0/U0/ACTIVE_LOW_PR_OUT_DFF[0].FDRE_PER_N/C                                                                          u_system/system_i/ddc_stream_0/inst/output_count_adc_reg[16]/CLR
 90  CDC-15  Warning   Clock enable controlled CDC structure detected               0  False Path  u_system/system_i/proc_sys_reset_0/U0/ACTIVE_LOW_PR_OUT_DFF[0].FDRE_PER_N/C                                                                          u_system/system_i/ddc_stream_0/inst/output_count_adc_reg[17]/CLR
 91  CDC-15  Warning   Clock enable controlled CDC structure detected               0  False Path  u_system/system_i/proc_sys_reset_0/U0/ACTIVE_LOW_PR_OUT_DFF[0].FDRE_PER_N/C                                                                          u_system/system_i/ddc_stream_0/inst/output_count_adc_reg[18]/CLR
 92  CDC-15  Warning   Clock enable controlled CDC structure detected               0  False Path  u_system/system_i/proc_sys_reset_0/U0/ACTIVE_LOW_PR_OUT_DFF[0].FDRE_PER_N/C                                                                          u_system/system_i/ddc_stream_0/inst/output_count_adc_reg[19]/CLR
 93  CDC-15  Warning   Clock enable controlled CDC structure detected               0  False Path  u_system/system_i/proc_sys_reset_0/U0/ACTIVE_LOW_PR_OUT_DFF[0].FDRE_PER_N/C                                                                          u_system/system_i/ddc_stream_0/inst/output_count_adc_reg[20]/CLR
 94  CDC-15  Warning   Clock enable controlled CDC structure detected               0  False Path  u_system/system_i/proc_sys_reset_0/U0/ACTIVE_LOW_PR_OUT_DFF[0].FDRE_PER_N/C                                                                          u_system/system_i/ddc_stream_0/inst/output_count_adc_reg[21]/CLR
 95  CDC-15  Warning   Clock enable controlled CDC structure detected               0  False Path  u_system/system_i/proc_sys_reset_0/U0/ACTIVE_LOW_PR_OUT_DFF[0].FDRE_PER_N/C                                                                          u_system/system_i/ddc_stream_0/inst/output_count_adc_reg[22]/CLR
 96  CDC-15  Warning   Clock enable controlled CDC structure detected               0  False Path  u_system/system_i/proc_sys_reset_0/U0/ACTIVE_LOW_PR_OUT_DFF[0].FDRE_PER_N/C                                                                          u_system/system_i/ddc_stream_0/inst/output_count_adc_reg[23]/CLR
 97  CDC-15  Warning   Clock enable controlled CDC structure detected               0  False Path  u_system/system_i/proc_sys_reset_0/U0/ACTIVE_LOW_PR_OUT_DFF[0].FDRE_PER_N/C                                                                          u_system/system_i/ddc_stream_0/inst/output_count_adc_reg[24]/CLR
 98  CDC-15  Warning   Clock enable controlled CDC structure detected               0  False Path  u_system/system_i/proc_sys_reset_0/U0/ACTIVE_LOW_PR_OUT_DFF[0].FDRE_PER_N/C                                                                          u_system/system_i/ddc_stream_0/inst/output_count_adc_reg[25]/CLR
 99  CDC-15  Warning   Clock enable controlled CDC structure detected               0  False Path  u_system/system_i/proc_sys_reset_0/U0/ACTIVE_LOW_PR_OUT_DFF[0].FDRE_PER_N/C                                                                          u_system/system_i/ddc_stream_0/inst/output_count_adc_reg[26]/CLR
100  CDC-15  Warning   Clock enable controlled CDC structure detected               0  False Path  u_system/system_i/proc_sys_reset_0/U0/ACTIVE_LOW_PR_OUT_DFF[0].FDRE_PER_N/C                                                                          u_system/system_i/ddc_stream_0/inst/output_count_adc_reg[27]/CLR
101  CDC-15  Warning   Clock enable controlled CDC structure detected               0  False Path  u_system/system_i/proc_sys_reset_0/U0/ACTIVE_LOW_PR_OUT_DFF[0].FDRE_PER_N/C                                                                          u_system/system_i/ddc_stream_0/inst/output_count_adc_reg[28]/CLR
102  CDC-15  Warning   Clock enable controlled CDC structure detected               0  False Path  u_system/system_i/proc_sys_reset_0/U0/ACTIVE_LOW_PR_OUT_DFF[0].FDRE_PER_N/C                                                                          u_system/system_i/ddc_stream_0/inst/output_count_adc_reg[29]/CLR
103  CDC-15  Warning   Clock enable controlled CDC structure detected               0  False Path  u_system/system_i/proc_sys_reset_0/U0/ACTIVE_LOW_PR_OUT_DFF[0].FDRE_PER_N/C                                                                          u_system/system_i/ddc_stream_0/inst/output_count_adc_reg[30]/CLR
104  CDC-15  Warning   Clock enable controlled CDC structure detected               0  False Path  u_system/system_i/proc_sys_reset_0/U0/ACTIVE_LOW_PR_OUT_DFF[0].FDRE_PER_N/C                                                                          u_system/system_i/ddc_stream_0/inst/output_count_adc_reg[31]/CLR
105  CDC-7   Critical  Asynchronous reset unknown CDC circuitry                     0  False Path  u_system/system_i/proc_sys_reset_0/U0/ACTIVE_LOW_PR_OUT_DFF[0].FDRE_PER_N/C                                                                          u_system/system_i/ddc_stream_0/inst/overflow_sticky_adc_reg/CLR
106  CDC-7   Critical  Asynchronous reset unknown CDC circuitry                     0  False Path  u_system/system_i/proc_sys_reset_0/U0/ACTIVE_LOW_PR_OUT_DFF[0].FDRE_PER_N/C                                                                          u_system/system_i/ddc_stream_0/inst/run_after_fifo_reset_reg/CLR
107  CDC-7   Critical  Asynchronous reset unknown CDC circuitry                     0  False Path  u_system/system_i/proc_sys_reset_0/U0/ACTIVE_LOW_PR_OUT_DFF[0].FDRE_PER_N/C                                                                          u_system/system_i/ddc_stream_0/inst/running_adc_reg/CLR
108  CDC-7   Critical  Asynchronous reset unknown CDC circuitry                     0  False Path  u_system/system_i/proc_sys_reset_0/U0/ACTIVE_LOW_PR_OUT_DFF[0].FDRE_PER_N/C                                                                          u_system/system_i/ddc_stream_0/inst/u_core/o_fault_reg/CLR
109  CDC-7   Critical  Asynchronous reset unknown CDC circuitry                     0  False Path  u_system/system_i/proc_sys_reset_0/U0/ACTIVE_LOW_PR_OUT_DFF[0].FDRE_PER_N/C                                                                          u_system/system_i/ddc_stream_0/inst/u_core/o_pair_valid_reg/CLR
110  CDC-1   Critical  1-bit unknown CDC circuitry                                  0  False Path  u_system/system_i/proc_sys_reset_0/U0/ACTIVE_LOW_PR_OUT_DFF[0].FDRE_PER_N/C                                                                          u_system/system_i/ddc_stream_0/inst/u_core/u_dds_iq_lo/U0/i_synth/has_aresetn.sclr_i_reg/D
111  CDC-1   Critical  1-bit unknown CDC circuitry                                  0  False Path  u_system/system_i/proc_sys_reset_0/U0/ACTIVE_LOW_PR_OUT_DFF[0].FDRE_PER_N/C                                                                          u_system/system_i/ddc_stream_0/inst/u_core/u_fir_ddc_i/U0/i_synth/g_polyphase_decimation.i_polyphase_decimation/g_s_data_chan_fifo.i_s_data_chan_fifo/ifx_ready_1_reg/D
112  CDC-1   Critical  1-bit unknown CDC circuitry                                  0  False Path  u_system/system_i/proc_sys_reset_0/U0/ACTIVE_LOW_PR_OUT_DFF[0].FDRE_PER_N/C                                                                          u_system/system_i/ddc_stream_0/inst/u_core/u_fir_ddc_i/U0/i_synth/g_polyphase_decimation.i_polyphase_decimation/g_sclr.sclr_int_reg/D
113  CDC-1   Critical  1-bit unknown CDC circuitry                                  0  False Path  u_system/system_i/proc_sys_reset_0/U0/ACTIVE_LOW_PR_OUT_DFF[0].FDRE_PER_N/C                                                                          u_system/system_i/ddc_stream_0/inst/u_core/u_fir_ddc_q/U0/i_synth/g_polyphase_decimation.i_polyphase_decimation/g_s_data_chan_fifo.i_s_data_chan_fifo/ifx_ready_1_reg/D
114  CDC-1   Critical  1-bit unknown CDC circuitry                                  0  False Path  u_system/system_i/proc_sys_reset_0/U0/ACTIVE_LOW_PR_OUT_DFF[0].FDRE_PER_N/C                                                                          u_system/system_i/ddc_stream_0/inst/u_core/u_fir_ddc_q/U0/i_synth/g_polyphase_decimation.i_polyphase_decimation/g_sclr.sclr_int_reg/D
115  CDC-7   Critical  Asynchronous reset unknown CDC circuitry                     0  False Path  u_system/system_i/proc_sys_reset_0/U0/ACTIVE_LOW_PR_OUT_DFF[0].FDRE_PER_N/C                                                                          u_system/system_i/ddc_stream_0/inst/u_core/valid_pipe_reg[0]/CLR
116  CDC-7   Critical  Asynchronous reset unknown CDC circuitry                     0  False Path  u_system/system_i/proc_sys_reset_0/U0/ACTIVE_LOW_PR_OUT_DFF[0].FDRE_PER_N/C                                                                          u_system/system_i/ddc_stream_0/inst/u_core/valid_pipe_reg[1]/CLR
117  CDC-7   Critical  Asynchronous reset unknown CDC circuitry                     0  False Path  u_system/system_i/proc_sys_reset_0/U0/ACTIVE_LOW_PR_OUT_DFF[0].FDRE_PER_N/C                                                                          u_system/system_i/ddc_stream_0/inst/u_core/valid_pipe_reg[2]/CLR
118  CDC-7   Critical  Asynchronous reset unknown CDC circuitry                     0  False Path  u_system/system_i/proc_sys_reset_0/U0/ACTIVE_LOW_PR_OUT_DFF[0].FDRE_PER_N/C                                                                          u_system/system_i/ddc_stream_0/inst/u_core/valid_pipe_reg[3]/CLR
119  CDC-7   Critical  Asynchronous reset unknown CDC circuitry                     0  False Path  u_system/system_i/proc_sys_reset_0/U0/ACTIVE_LOW_PR_OUT_DFF[0].FDRE_PER_N/C                                                                          u_system/system_i/ddc_stream_0/inst/u_core/valid_pipe_reg[4]/CLR
120  CDC-7   Critical  Asynchronous reset unknown CDC circuitry                     0  False Path  u_system/system_i/proc_sys_reset_0/U0/ACTIVE_LOW_PR_OUT_DFF[0].FDRE_PER_N/C                                                                          u_system/system_i/ddc_stream_0/inst/u_core/valid_pipe_reg[5]/CLR
121  CDC-7   Critical  Asynchronous reset unknown CDC circuitry                     0  False Path  u_system/system_i/proc_sys_reset_0/U0/ACTIVE_LOW_PR_OUT_DFF[0].FDRE_PER_N/C                                                                          u_system/system_i/ddc_stream_0/inst/u_core/valid_pipe_reg[6]/CLR
122  CDC-7   Critical  Asynchronous reset unknown CDC circuitry                     0  False Path  u_system/system_i/proc_sys_reset_0/U0/ACTIVE_LOW_PR_OUT_DFF[0].FDRE_PER_N/C                                                                          u_system/system_i/ddc_stream_0/inst/u_core/valid_pipe_reg[7]/CLR
123  CDC-7   Critical  Asynchronous reset unknown CDC circuitry                     0  False Path  u_system/system_i/proc_sys_reset_0/U0/ACTIVE_LOW_PR_OUT_DFF[0].FDRE_PER_N/C                                                                          u_system/system_i/ddc_stream_0/inst/u_core/valid_pipe_reg[8]/CLR
124  CDC-15  Warning   Clock enable controlled CDC structure detected               0  False Path  u_system/system_i/proc_sys_reset_0/U0/ACTIVE_LOW_PR_OUT_DFF[0].FDRE_PER_N/C                                                                          u_system/system_i/ddc_stream_0/inst/u_core/warmup_count_reg[0]/CLR
125  CDC-15  Warning   Clock enable controlled CDC structure detected               0  False Path  u_system/system_i/proc_sys_reset_0/U0/ACTIVE_LOW_PR_OUT_DFF[0].FDRE_PER_N/C                                                                          u_system/system_i/ddc_stream_0/inst/u_core/warmup_count_reg[1]/CLR
126  CDC-15  Warning   Clock enable controlled CDC structure detected               0  False Path  u_system/system_i/proc_sys_reset_0/U0/ACTIVE_LOW_PR_OUT_DFF[0].FDRE_PER_N/C                                                                          u_system/system_i/ddc_stream_0/inst/u_core/warmup_count_reg[2]/CLR
127  CDC-15  Warning   Clock enable controlled CDC structure detected               0  False Path  u_system/system_i/proc_sys_reset_0/U0/ACTIVE_LOW_PR_OUT_DFF[0].FDRE_PER_N/C                                                                          u_system/system_i/ddc_stream_0/inst/u_core/warmup_count_reg[3]/CLR
128  CDC-15  Warning   Clock enable controlled CDC structure detected               0  False Path  u_system/system_i/proc_sys_reset_0/U0/ACTIVE_LOW_PR_OUT_DFF[0].FDRE_PER_N/C                                                                          u_system/system_i/ddc_stream_0/inst/u_core/warmup_count_reg[4]/CLR
129  CDC-1   Critical  1-bit unknown CDC circuitry                                  0  False Path  u_system/system_i/proc_sys_reset_0/U0/ACTIVE_LOW_PR_OUT_DFF[0].FDRE_PER_N/C                                                                          u_system/system_i/ddc_stream_0/inst/u_output_fifo/gnuram_async_fifo.xpm_fifo_base_inst/gen_pf_ic_rc.gpf_ic.diff_pntr_pf_q_reg[1]/D
130  CDC-1   Critical  1-bit unknown CDC circuitry                                  0  False Path  u_system/system_i/proc_sys_reset_0/U0/ACTIVE_LOW_PR_OUT_DFF[0].FDRE_PER_N/C                                                                          u_system/system_i/ddc_stream_0/inst/u_output_fifo/gnuram_async_fifo.xpm_fifo_base_inst/gen_pf_ic_rc.gpf_ic.diff_pntr_pf_q_reg[2]/D
131  CDC-1   Critical  1-bit unknown CDC circuitry                                  0  False Path  u_system/system_i/proc_sys_reset_0/U0/ACTIVE_LOW_PR_OUT_DFF[0].FDRE_PER_N/C                                                                          u_system/system_i/ddc_stream_0/inst/u_output_fifo/gnuram_async_fifo.xpm_fifo_base_inst/gen_pf_ic_rc.gpf_ic.diff_pntr_pf_q_reg[3]/D
132  CDC-1   Critical  1-bit unknown CDC circuitry                                  0  False Path  u_system/system_i/proc_sys_reset_0/U0/ACTIVE_LOW_PR_OUT_DFF[0].FDRE_PER_N/C                                                                          u_system/system_i/ddc_stream_0/inst/u_output_fifo/gnuram_async_fifo.xpm_fifo_base_inst/gen_pf_ic_rc.gpf_ic.diff_pntr_pf_q_reg[4]/D
133  CDC-1   Critical  1-bit unknown CDC circuitry                                  0  False Path  u_system/system_i/proc_sys_reset_0/U0/ACTIVE_LOW_PR_OUT_DFF[0].FDRE_PER_N/C                                                                          u_system/system_i/ddc_stream_0/inst/u_output_fifo/gnuram_async_fifo.xpm_fifo_base_inst/gen_pf_ic_rc.gpf_ic.diff_pntr_pf_q_reg[5]/D
134  CDC-1   Critical  1-bit unknown CDC circuitry                                  0  False Path  u_system/system_i/proc_sys_reset_0/U0/ACTIVE_LOW_PR_OUT_DFF[0].FDRE_PER_N/C                                                                          u_system/system_i/ddc_stream_0/inst/u_output_fifo/gnuram_async_fifo.xpm_fifo_base_inst/gen_pf_ic_rc.gpf_ic.diff_pntr_pf_q_reg[6]/D
135  CDC-1   Critical  1-bit unknown CDC circuitry                                  0  False Path  u_system/system_i/proc_sys_reset_0/U0/ACTIVE_LOW_PR_OUT_DFF[0].FDRE_PER_N/C                                                                          u_system/system_i/ddc_stream_0/inst/u_output_fifo/gnuram_async_fifo.xpm_fifo_base_inst/gen_pf_ic_rc.gpf_ic.diff_pntr_pf_q_reg[7]/D
136  CDC-1   Critical  1-bit unknown CDC circuitry                                  0  False Path  u_system/system_i/proc_sys_reset_0/U0/ACTIVE_LOW_PR_OUT_DFF[0].FDRE_PER_N/C                                                                          u_system/system_i/ddc_stream_0/inst/u_output_fifo/gnuram_async_fifo.xpm_fifo_base_inst/gen_pf_ic_rc.gpf_ic.diff_pntr_pf_q_reg[8]/D
137  CDC-1   Critical  1-bit unknown CDC circuitry                                  0  False Path  u_system/system_i/proc_sys_reset_0/U0/ACTIVE_LOW_PR_OUT_DFF[0].FDRE_PER_N/C                                                                          u_system/system_i/ddc_stream_0/inst/u_output_fifo/gnuram_async_fifo.xpm_fifo_base_inst/gen_pf_ic_rc.gpf_ic.diff_pntr_pf_q_reg[9]/D
138  CDC-1   Critical  1-bit unknown CDC circuitry                                  0  False Path  u_system/system_i/proc_sys_reset_0/U0/ACTIVE_LOW_PR_OUT_DFF[0].FDRE_PER_N/C                                                                          u_system/system_i/ddc_stream_0/inst/u_output_fifo/gnuram_async_fifo.xpm_fifo_base_inst/gen_pf_ic_rc.gpf_ic.diff_pntr_pf_q_reg[10]/D
139  CDC-1   Critical  1-bit unknown CDC circuitry                                  0  False Path  u_system/system_i/proc_sys_reset_0/U0/ACTIVE_LOW_PR_OUT_DFF[0].FDRE_PER_N/C                                                                          u_system/system_i/ddc_stream_0/inst/u_output_fifo/gnuram_async_fifo.xpm_fifo_base_inst/gen_pf_ic_rc.gpf_ic.diff_pntr_pf_q_reg[11]/D
140  CDC-1   Critical  1-bit unknown CDC circuitry                                  0  False Path  u_system/system_i/proc_sys_reset_0/U0/ACTIVE_LOW_PR_OUT_DFF[0].FDRE_PER_N/C                                                                          u_system/system_i/ddc_stream_0/inst/u_output_fifo/gnuram_async_fifo.xpm_fifo_base_inst/gen_pf_ic_rc.gpf_ic.diff_pntr_pf_q_reg[12]/D
141  CDC-1   Critical  1-bit unknown CDC circuitry                                  0  False Path  u_system/system_i/proc_sys_reset_0/U0/ACTIVE_LOW_PR_OUT_DFF[0].FDRE_PER_N/C                                                                          u_system/system_i/ddc_stream_0/inst/u_output_fifo/gnuram_async_fifo.xpm_fifo_base_inst/gen_pf_ic_rc.gpf_ic.diff_pntr_pf_q_reg[13]/D
142  CDC-1   Critical  1-bit unknown CDC circuitry                                  0  False Path  u_system/system_i/proc_sys_reset_0/U0/ACTIVE_LOW_PR_OUT_DFF[0].FDRE_PER_N/C                                                                          u_system/system_i/ddc_stream_0/inst/u_output_fifo/gnuram_async_fifo.xpm_fifo_base_inst/gen_pf_ic_rc.ngen_full_rst_val.ram_full_i_reg/D
143  CDC-1   Critical  1-bit unknown CDC circuitry                                  0  False Path  u_system/system_i/proc_sys_reset_0/U0/ACTIVE_LOW_PR_OUT_DFF[0].FDRE_PER_N/C                                                                          u_system/system_i/ddc_stream_0/inst/u_output_fifo/gnuram_async_fifo.xpm_fifo_base_inst/wrp_inst/count_value_i_reg[0]/CE
144  CDC-15  Warning   Clock enable controlled CDC structure detected               0  False Path  u_system/system_i/proc_sys_reset_0/U0/ACTIVE_LOW_PR_OUT_DFF[0].FDRE_PER_N/C                                                                          u_system/system_i/ddc_stream_0/inst/u_output_fifo/gnuram_async_fifo.xpm_fifo_base_inst/wrp_inst/count_value_i_reg[0]/D
145  CDC-1   Critical  1-bit unknown CDC circuitry                                  0  False Path  u_system/system_i/proc_sys_reset_0/U0/ACTIVE_LOW_PR_OUT_DFF[0].FDRE_PER_N/C                                                                          u_system/system_i/ddc_stream_0/inst/u_output_fifo/gnuram_async_fifo.xpm_fifo_base_inst/wrp_inst/count_value_i_reg[1]/CE
146  CDC-15  Warning   Clock enable controlled CDC structure detected               0  False Path  u_system/system_i/proc_sys_reset_0/U0/ACTIVE_LOW_PR_OUT_DFF[0].FDRE_PER_N/C                                                                          u_system/system_i/ddc_stream_0/inst/u_output_fifo/gnuram_async_fifo.xpm_fifo_base_inst/wrp_inst/count_value_i_reg[1]/D
147  CDC-1   Critical  1-bit unknown CDC circuitry                                  0  False Path  u_system/system_i/proc_sys_reset_0/U0/ACTIVE_LOW_PR_OUT_DFF[0].FDRE_PER_N/C                                                                          u_system/system_i/ddc_stream_0/inst/u_output_fifo/gnuram_async_fifo.xpm_fifo_base_inst/wrp_inst/count_value_i_reg[2]/CE
148  CDC-15  Warning   Clock enable controlled CDC structure detected               0  False Path  u_system/system_i/proc_sys_reset_0/U0/ACTIVE_LOW_PR_OUT_DFF[0].FDRE_PER_N/C                                                                          u_system/system_i/ddc_stream_0/inst/u_output_fifo/gnuram_async_fifo.xpm_fifo_base_inst/wrp_inst/count_value_i_reg[2]/D
149  CDC-1   Critical  1-bit unknown CDC circuitry                                  0  False Path  u_system/system_i/proc_sys_reset_0/U0/ACTIVE_LOW_PR_OUT_DFF[0].FDRE_PER_N/C                                                                          u_system/system_i/ddc_stream_0/inst/u_output_fifo/gnuram_async_fifo.xpm_fifo_base_inst/wrp_inst/count_value_i_reg[3]/CE
150  CDC-15  Warning   Clock enable controlled CDC structure detected               0  False Path  u_system/system_i/proc_sys_reset_0/U0/ACTIVE_LOW_PR_OUT_DFF[0].FDRE_PER_N/C                                                                          u_system/system_i/ddc_stream_0/inst/u_output_fifo/gnuram_async_fifo.xpm_fifo_base_inst/wrp_inst/count_value_i_reg[3]/D
151  CDC-1   Critical  1-bit unknown CDC circuitry                                  0  False Path  u_system/system_i/proc_sys_reset_0/U0/ACTIVE_LOW_PR_OUT_DFF[0].FDRE_PER_N/C                                                                          u_system/system_i/ddc_stream_0/inst/u_output_fifo/gnuram_async_fifo.xpm_fifo_base_inst/wrp_inst/count_value_i_reg[4]/CE
152  CDC-15  Warning   Clock enable controlled CDC structure detected               0  False Path  u_system/system_i/proc_sys_reset_0/U0/ACTIVE_LOW_PR_OUT_DFF[0].FDRE_PER_N/C                                                                          u_system/system_i/ddc_stream_0/inst/u_output_fifo/gnuram_async_fifo.xpm_fifo_base_inst/wrp_inst/count_value_i_reg[4]/D
153  CDC-1   Critical  1-bit unknown CDC circuitry                                  0  False Path  u_system/system_i/proc_sys_reset_0/U0/ACTIVE_LOW_PR_OUT_DFF[0].FDRE_PER_N/C                                                                          u_system/system_i/ddc_stream_0/inst/u_output_fifo/gnuram_async_fifo.xpm_fifo_base_inst/wrp_inst/count_value_i_reg[5]/CE
154  CDC-15  Warning   Clock enable controlled CDC structure detected               0  False Path  u_system/system_i/proc_sys_reset_0/U0/ACTIVE_LOW_PR_OUT_DFF[0].FDRE_PER_N/C                                                                          u_system/system_i/ddc_stream_0/inst/u_output_fifo/gnuram_async_fifo.xpm_fifo_base_inst/wrp_inst/count_value_i_reg[5]/D
155  CDC-1   Critical  1-bit unknown CDC circuitry                                  0  False Path  u_system/system_i/proc_sys_reset_0/U0/ACTIVE_LOW_PR_OUT_DFF[0].FDRE_PER_N/C                                                                          u_system/system_i/ddc_stream_0/inst/u_output_fifo/gnuram_async_fifo.xpm_fifo_base_inst/wrp_inst/count_value_i_reg[6]/CE
156  CDC-15  Warning   Clock enable controlled CDC structure detected               0  False Path  u_system/system_i/proc_sys_reset_0/U0/ACTIVE_LOW_PR_OUT_DFF[0].FDRE_PER_N/C                                                                          u_system/system_i/ddc_stream_0/inst/u_output_fifo/gnuram_async_fifo.xpm_fifo_base_inst/wrp_inst/count_value_i_reg[6]/D
157  CDC-1   Critical  1-bit unknown CDC circuitry                                  0  False Path  u_system/system_i/proc_sys_reset_0/U0/ACTIVE_LOW_PR_OUT_DFF[0].FDRE_PER_N/C                                                                          u_system/system_i/ddc_stream_0/inst/u_output_fifo/gnuram_async_fifo.xpm_fifo_base_inst/wrp_inst/count_value_i_reg[7]/CE
158  CDC-15  Warning   Clock enable controlled CDC structure detected               0  False Path  u_system/system_i/proc_sys_reset_0/U0/ACTIVE_LOW_PR_OUT_DFF[0].FDRE_PER_N/C                                                                          u_system/system_i/ddc_stream_0/inst/u_output_fifo/gnuram_async_fifo.xpm_fifo_base_inst/wrp_inst/count_value_i_reg[7]/D
159  CDC-1   Critical  1-bit unknown CDC circuitry                                  0  False Path  u_system/system_i/proc_sys_reset_0/U0/ACTIVE_LOW_PR_OUT_DFF[0].FDRE_PER_N/C                                                                          u_system/system_i/ddc_stream_0/inst/u_output_fifo/gnuram_async_fifo.xpm_fifo_base_inst/wrp_inst/count_value_i_reg[8]/CE
160  CDC-15  Warning   Clock enable controlled CDC structure detected               0  False Path  u_system/system_i/proc_sys_reset_0/U0/ACTIVE_LOW_PR_OUT_DFF[0].FDRE_PER_N/C                                                                          u_system/system_i/ddc_stream_0/inst/u_output_fifo/gnuram_async_fifo.xpm_fifo_base_inst/wrp_inst/count_value_i_reg[8]/D
161  CDC-1   Critical  1-bit unknown CDC circuitry                                  0  False Path  u_system/system_i/proc_sys_reset_0/U0/ACTIVE_LOW_PR_OUT_DFF[0].FDRE_PER_N/C                                                                          u_system/system_i/ddc_stream_0/inst/u_output_fifo/gnuram_async_fifo.xpm_fifo_base_inst/wrp_inst/count_value_i_reg[9]/CE
162  CDC-15  Warning   Clock enable controlled CDC structure detected               0  False Path  u_system/system_i/proc_sys_reset_0/U0/ACTIVE_LOW_PR_OUT_DFF[0].FDRE_PER_N/C                                                                          u_system/system_i/ddc_stream_0/inst/u_output_fifo/gnuram_async_fifo.xpm_fifo_base_inst/wrp_inst/count_value_i_reg[9]/D
163  CDC-1   Critical  1-bit unknown CDC circuitry                                  0  False Path  u_system/system_i/proc_sys_reset_0/U0/ACTIVE_LOW_PR_OUT_DFF[0].FDRE_PER_N/C                                                                          u_system/system_i/ddc_stream_0/inst/u_output_fifo/gnuram_async_fifo.xpm_fifo_base_inst/wrp_inst/count_value_i_reg[10]/CE
164  CDC-15  Warning   Clock enable controlled CDC structure detected               0  False Path  u_system/system_i/proc_sys_reset_0/U0/ACTIVE_LOW_PR_OUT_DFF[0].FDRE_PER_N/C                                                                          u_system/system_i/ddc_stream_0/inst/u_output_fifo/gnuram_async_fifo.xpm_fifo_base_inst/wrp_inst/count_value_i_reg[10]/D
165  CDC-1   Critical  1-bit unknown CDC circuitry                                  0  False Path  u_system/system_i/proc_sys_reset_0/U0/ACTIVE_LOW_PR_OUT_DFF[0].FDRE_PER_N/C                                                                          u_system/system_i/ddc_stream_0/inst/u_output_fifo/gnuram_async_fifo.xpm_fifo_base_inst/wrp_inst/count_value_i_reg[11]/CE
166  CDC-15  Warning   Clock enable controlled CDC structure detected               0  False Path  u_system/system_i/proc_sys_reset_0/U0/ACTIVE_LOW_PR_OUT_DFF[0].FDRE_PER_N/C                                                                          u_system/system_i/ddc_stream_0/inst/u_output_fifo/gnuram_async_fifo.xpm_fifo_base_inst/wrp_inst/count_value_i_reg[11]/D
167  CDC-1   Critical  1-bit unknown CDC circuitry                                  0  False Path  u_system/system_i/proc_sys_reset_0/U0/ACTIVE_LOW_PR_OUT_DFF[0].FDRE_PER_N/C                                                                          u_system/system_i/ddc_stream_0/inst/u_output_fifo/gnuram_async_fifo.xpm_fifo_base_inst/wrp_inst/count_value_i_reg[12]/CE
168  CDC-15  Warning   Clock enable controlled CDC structure detected               0  False Path  u_system/system_i/proc_sys_reset_0/U0/ACTIVE_LOW_PR_OUT_DFF[0].FDRE_PER_N/C                                                                          u_system/system_i/ddc_stream_0/inst/u_output_fifo/gnuram_async_fifo.xpm_fifo_base_inst/wrp_inst/count_value_i_reg[12]/D
169  CDC-1   Critical  1-bit unknown CDC circuitry                                  0  False Path  u_system/system_i/proc_sys_reset_0/U0/ACTIVE_LOW_PR_OUT_DFF[0].FDRE_PER_N/C                                                                          u_system/system_i/ddc_stream_0/inst/u_output_fifo/gnuram_async_fifo.xpm_fifo_base_inst/wrp_inst/count_value_i_reg[13]/CE
170  CDC-15  Warning   Clock enable controlled CDC structure detected               0  False Path  u_system/system_i/proc_sys_reset_0/U0/ACTIVE_LOW_PR_OUT_DFF[0].FDRE_PER_N/C                                                                          u_system/system_i/ddc_stream_0/inst/u_output_fifo/gnuram_async_fifo.xpm_fifo_base_inst/wrp_inst/count_value_i_reg[13]/D
171  CDC-1   Critical  1-bit unknown CDC circuitry                                  0  False Path  u_system/system_i/proc_sys_reset_0/U0/ACTIVE_LOW_PR_OUT_DFF[0].FDRE_PER_N/C                                                                          u_system/system_i/ddc_stream_0/inst/u_output_fifo/gnuram_async_fifo.xpm_fifo_base_inst/wrpp1_inst/count_value_i_reg[0]/CE
172  CDC-15  Warning   Clock enable controlled CDC structure detected               0  False Path  u_system/system_i/proc_sys_reset_0/U0/ACTIVE_LOW_PR_OUT_DFF[0].FDRE_PER_N/C                                                                          u_system/system_i/ddc_stream_0/inst/u_output_fifo/gnuram_async_fifo.xpm_fifo_base_inst/wrpp1_inst/count_value_i_reg[0]/D
173  CDC-1   Critical  1-bit unknown CDC circuitry                                  0  False Path  u_system/system_i/proc_sys_reset_0/U0/ACTIVE_LOW_PR_OUT_DFF[0].FDRE_PER_N/C                                                                          u_system/system_i/ddc_stream_0/inst/u_output_fifo/gnuram_async_fifo.xpm_fifo_base_inst/wrpp1_inst/count_value_i_reg[1]/CE
174  CDC-15  Warning   Clock enable controlled CDC structure detected               0  False Path  u_system/system_i/proc_sys_reset_0/U0/ACTIVE_LOW_PR_OUT_DFF[0].FDRE_PER_N/C                                                                          u_system/system_i/ddc_stream_0/inst/u_output_fifo/gnuram_async_fifo.xpm_fifo_base_inst/wrpp1_inst/count_value_i_reg[1]/D
175  CDC-1   Critical  1-bit unknown CDC circuitry                                  0  False Path  u_system/system_i/proc_sys_reset_0/U0/ACTIVE_LOW_PR_OUT_DFF[0].FDRE_PER_N/C                                                                          u_system/system_i/ddc_stream_0/inst/u_output_fifo/gnuram_async_fifo.xpm_fifo_base_inst/wrpp1_inst/count_value_i_reg[2]/CE
176  CDC-15  Warning   Clock enable controlled CDC structure detected               0  False Path  u_system/system_i/proc_sys_reset_0/U0/ACTIVE_LOW_PR_OUT_DFF[0].FDRE_PER_N/C                                                                          u_system/system_i/ddc_stream_0/inst/u_output_fifo/gnuram_async_fifo.xpm_fifo_base_inst/wrpp1_inst/count_value_i_reg[2]/D
177  CDC-1   Critical  1-bit unknown CDC circuitry                                  0  False Path  u_system/system_i/proc_sys_reset_0/U0/ACTIVE_LOW_PR_OUT_DFF[0].FDRE_PER_N/C                                                                          u_system/system_i/ddc_stream_0/inst/u_output_fifo/gnuram_async_fifo.xpm_fifo_base_inst/wrpp1_inst/count_value_i_reg[3]/CE
178  CDC-15  Warning   Clock enable controlled CDC structure detected               0  False Path  u_system/system_i/proc_sys_reset_0/U0/ACTIVE_LOW_PR_OUT_DFF[0].FDRE_PER_N/C                                                                          u_system/system_i/ddc_stream_0/inst/u_output_fifo/gnuram_async_fifo.xpm_fifo_base_inst/wrpp1_inst/count_value_i_reg[3]/D
179  CDC-1   Critical  1-bit unknown CDC circuitry                                  0  False Path  u_system/system_i/proc_sys_reset_0/U0/ACTIVE_LOW_PR_OUT_DFF[0].FDRE_PER_N/C                                                                          u_system/system_i/ddc_stream_0/inst/u_output_fifo/gnuram_async_fifo.xpm_fifo_base_inst/wrpp1_inst/count_value_i_reg[4]/CE
180  CDC-15  Warning   Clock enable controlled CDC structure detected               0  False Path  u_system/system_i/proc_sys_reset_0/U0/ACTIVE_LOW_PR_OUT_DFF[0].FDRE_PER_N/C                                                                          u_system/system_i/ddc_stream_0/inst/u_output_fifo/gnuram_async_fifo.xpm_fifo_base_inst/wrpp1_inst/count_value_i_reg[4]/D
181  CDC-1   Critical  1-bit unknown CDC circuitry                                  0  False Path  u_system/system_i/proc_sys_reset_0/U0/ACTIVE_LOW_PR_OUT_DFF[0].FDRE_PER_N/C                                                                          u_system/system_i/ddc_stream_0/inst/u_output_fifo/gnuram_async_fifo.xpm_fifo_base_inst/wrpp1_inst/count_value_i_reg[5]/CE
182  CDC-15  Warning   Clock enable controlled CDC structure detected               0  False Path  u_system/system_i/proc_sys_reset_0/U0/ACTIVE_LOW_PR_OUT_DFF[0].FDRE_PER_N/C                                                                          u_system/system_i/ddc_stream_0/inst/u_output_fifo/gnuram_async_fifo.xpm_fifo_base_inst/wrpp1_inst/count_value_i_reg[5]/D
183  CDC-1   Critical  1-bit unknown CDC circuitry                                  0  False Path  u_system/system_i/proc_sys_reset_0/U0/ACTIVE_LOW_PR_OUT_DFF[0].FDRE_PER_N/C                                                                          u_system/system_i/ddc_stream_0/inst/u_output_fifo/gnuram_async_fifo.xpm_fifo_base_inst/wrpp1_inst/count_value_i_reg[6]/CE
184  CDC-15  Warning   Clock enable controlled CDC structure detected               0  False Path  u_system/system_i/proc_sys_reset_0/U0/ACTIVE_LOW_PR_OUT_DFF[0].FDRE_PER_N/C                                                                          u_system/system_i/ddc_stream_0/inst/u_output_fifo/gnuram_async_fifo.xpm_fifo_base_inst/wrpp1_inst/count_value_i_reg[6]/D
185  CDC-1   Critical  1-bit unknown CDC circuitry                                  0  False Path  u_system/system_i/proc_sys_reset_0/U0/ACTIVE_LOW_PR_OUT_DFF[0].FDRE_PER_N/C                                                                          u_system/system_i/ddc_stream_0/inst/u_output_fifo/gnuram_async_fifo.xpm_fifo_base_inst/wrpp1_inst/count_value_i_reg[7]/CE
186  CDC-15  Warning   Clock enable controlled CDC structure detected               0  False Path  u_system/system_i/proc_sys_reset_0/U0/ACTIVE_LOW_PR_OUT_DFF[0].FDRE_PER_N/C                                                                          u_system/system_i/ddc_stream_0/inst/u_output_fifo/gnuram_async_fifo.xpm_fifo_base_inst/wrpp1_inst/count_value_i_reg[7]/D
187  CDC-1   Critical  1-bit unknown CDC circuitry                                  0  False Path  u_system/system_i/proc_sys_reset_0/U0/ACTIVE_LOW_PR_OUT_DFF[0].FDRE_PER_N/C                                                                          u_system/system_i/ddc_stream_0/inst/u_output_fifo/gnuram_async_fifo.xpm_fifo_base_inst/wrpp1_inst/count_value_i_reg[8]/CE
188  CDC-15  Warning   Clock enable controlled CDC structure detected               0  False Path  u_system/system_i/proc_sys_reset_0/U0/ACTIVE_LOW_PR_OUT_DFF[0].FDRE_PER_N/C                                                                          u_system/system_i/ddc_stream_0/inst/u_output_fifo/gnuram_async_fifo.xpm_fifo_base_inst/wrpp1_inst/count_value_i_reg[8]/D
189  CDC-1   Critical  1-bit unknown CDC circuitry                                  0  False Path  u_system/system_i/proc_sys_reset_0/U0/ACTIVE_LOW_PR_OUT_DFF[0].FDRE_PER_N/C                                                                          u_system/system_i/ddc_stream_0/inst/u_output_fifo/gnuram_async_fifo.xpm_fifo_base_inst/wrpp1_inst/count_value_i_reg[9]/CE
190  CDC-15  Warning   Clock enable controlled CDC structure detected               0  False Path  u_system/system_i/proc_sys_reset_0/U0/ACTIVE_LOW_PR_OUT_DFF[0].FDRE_PER_N/C                                                                          u_system/system_i/ddc_stream_0/inst/u_output_fifo/gnuram_async_fifo.xpm_fifo_base_inst/wrpp1_inst/count_value_i_reg[9]/D
191  CDC-1   Critical  1-bit unknown CDC circuitry                                  0  False Path  u_system/system_i/proc_sys_reset_0/U0/ACTIVE_LOW_PR_OUT_DFF[0].FDRE_PER_N/C                                                                          u_system/system_i/ddc_stream_0/inst/u_output_fifo/gnuram_async_fifo.xpm_fifo_base_inst/wrpp1_inst/count_value_i_reg[10]/CE
192  CDC-15  Warning   Clock enable controlled CDC structure detected               0  False Path  u_system/system_i/proc_sys_reset_0/U0/ACTIVE_LOW_PR_OUT_DFF[0].FDRE_PER_N/C                                                                          u_system/system_i/ddc_stream_0/inst/u_output_fifo/gnuram_async_fifo.xpm_fifo_base_inst/wrpp1_inst/count_value_i_reg[10]/D
193  CDC-1   Critical  1-bit unknown CDC circuitry                                  0  False Path  u_system/system_i/proc_sys_reset_0/U0/ACTIVE_LOW_PR_OUT_DFF[0].FDRE_PER_N/C                                                                          u_system/system_i/ddc_stream_0/inst/u_output_fifo/gnuram_async_fifo.xpm_fifo_base_inst/wrpp1_inst/count_value_i_reg[11]/CE
194  CDC-15  Warning   Clock enable controlled CDC structure detected               0  False Path  u_system/system_i/proc_sys_reset_0/U0/ACTIVE_LOW_PR_OUT_DFF[0].FDRE_PER_N/C                                                                          u_system/system_i/ddc_stream_0/inst/u_output_fifo/gnuram_async_fifo.xpm_fifo_base_inst/wrpp1_inst/count_value_i_reg[11]/D
195  CDC-1   Critical  1-bit unknown CDC circuitry                                  0  False Path  u_system/system_i/proc_sys_reset_0/U0/ACTIVE_LOW_PR_OUT_DFF[0].FDRE_PER_N/C                                                                          u_system/system_i/ddc_stream_0/inst/u_output_fifo/gnuram_async_fifo.xpm_fifo_base_inst/wrpp1_inst/count_value_i_reg[12]/CE
196  CDC-15  Warning   Clock enable controlled CDC structure detected               0  False Path  u_system/system_i/proc_sys_reset_0/U0/ACTIVE_LOW_PR_OUT_DFF[0].FDRE_PER_N/C                                                                          u_system/system_i/ddc_stream_0/inst/u_output_fifo/gnuram_async_fifo.xpm_fifo_base_inst/wrpp1_inst/count_value_i_reg[12]/D
197  CDC-1   Critical  1-bit unknown CDC circuitry                                  0  False Path  u_system/system_i/proc_sys_reset_0/U0/ACTIVE_LOW_PR_OUT_DFF[0].FDRE_PER_N/C                                                                          u_system/system_i/ddc_stream_0/inst/u_output_fifo/gnuram_async_fifo.xpm_fifo_base_inst/wrpp2_inst/count_value_i_reg[0]/CE
198  CDC-15  Warning   Clock enable controlled CDC structure detected               0  False Path  u_system/system_i/proc_sys_reset_0/U0/ACTIVE_LOW_PR_OUT_DFF[0].FDRE_PER_N/C                                                                          u_system/system_i/ddc_stream_0/inst/u_output_fifo/gnuram_async_fifo.xpm_fifo_base_inst/wrpp2_inst/count_value_i_reg[0]/D
199  CDC-1   Critical  1-bit unknown CDC circuitry                                  0  False Path  u_system/system_i/proc_sys_reset_0/U0/ACTIVE_LOW_PR_OUT_DFF[0].FDRE_PER_N/C                                                                          u_system/system_i/ddc_stream_0/inst/u_output_fifo/gnuram_async_fifo.xpm_fifo_base_inst/wrpp2_inst/count_value_i_reg[1]/CE
200  CDC-15  Warning   Clock enable controlled CDC structure detected               0  False Path  u_system/system_i/proc_sys_reset_0/U0/ACTIVE_LOW_PR_OUT_DFF[0].FDRE_PER_N/C                                                                          u_system/system_i/ddc_stream_0/inst/u_output_fifo/gnuram_async_fifo.xpm_fifo_base_inst/wrpp2_inst/count_value_i_reg[1]/D
201  CDC-1   Critical  1-bit unknown CDC circuitry                                  0  False Path  u_system/system_i/proc_sys_reset_0/U0/ACTIVE_LOW_PR_OUT_DFF[0].FDRE_PER_N/C                                                                          u_system/system_i/ddc_stream_0/inst/u_output_fifo/gnuram_async_fifo.xpm_fifo_base_inst/wrpp2_inst/count_value_i_reg[2]/CE
202  CDC-15  Warning   Clock enable controlled CDC structure detected               0  False Path  u_system/system_i/proc_sys_reset_0/U0/ACTIVE_LOW_PR_OUT_DFF[0].FDRE_PER_N/C                                                                          u_system/system_i/ddc_stream_0/inst/u_output_fifo/gnuram_async_fifo.xpm_fifo_base_inst/wrpp2_inst/count_value_i_reg[2]/D
203  CDC-1   Critical  1-bit unknown CDC circuitry                                  0  False Path  u_system/system_i/proc_sys_reset_0/U0/ACTIVE_LOW_PR_OUT_DFF[0].FDRE_PER_N/C                                                                          u_system/system_i/ddc_stream_0/inst/u_output_fifo/gnuram_async_fifo.xpm_fifo_base_inst/wrpp2_inst/count_value_i_reg[3]/CE
204  CDC-15  Warning   Clock enable controlled CDC structure detected               0  False Path  u_system/system_i/proc_sys_reset_0/U0/ACTIVE_LOW_PR_OUT_DFF[0].FDRE_PER_N/C                                                                          u_system/system_i/ddc_stream_0/inst/u_output_fifo/gnuram_async_fifo.xpm_fifo_base_inst/wrpp2_inst/count_value_i_reg[3]/D
205  CDC-1   Critical  1-bit unknown CDC circuitry                                  0  False Path  u_system/system_i/proc_sys_reset_0/U0/ACTIVE_LOW_PR_OUT_DFF[0].FDRE_PER_N/C                                                                          u_system/system_i/ddc_stream_0/inst/u_output_fifo/gnuram_async_fifo.xpm_fifo_base_inst/wrpp2_inst/count_value_i_reg[4]/CE
206  CDC-15  Warning   Clock enable controlled CDC structure detected               0  False Path  u_system/system_i/proc_sys_reset_0/U0/ACTIVE_LOW_PR_OUT_DFF[0].FDRE_PER_N/C                                                                          u_system/system_i/ddc_stream_0/inst/u_output_fifo/gnuram_async_fifo.xpm_fifo_base_inst/wrpp2_inst/count_value_i_reg[4]/D
207  CDC-1   Critical  1-bit unknown CDC circuitry                                  0  False Path  u_system/system_i/proc_sys_reset_0/U0/ACTIVE_LOW_PR_OUT_DFF[0].FDRE_PER_N/C                                                                          u_system/system_i/ddc_stream_0/inst/u_output_fifo/gnuram_async_fifo.xpm_fifo_base_inst/wrpp2_inst/count_value_i_reg[5]/CE
208  CDC-15  Warning   Clock enable controlled CDC structure detected               0  False Path  u_system/system_i/proc_sys_reset_0/U0/ACTIVE_LOW_PR_OUT_DFF[0].FDRE_PER_N/C                                                                          u_system/system_i/ddc_stream_0/inst/u_output_fifo/gnuram_async_fifo.xpm_fifo_base_inst/wrpp2_inst/count_value_i_reg[5]/D
209  CDC-1   Critical  1-bit unknown CDC circuitry                                  0  False Path  u_system/system_i/proc_sys_reset_0/U0/ACTIVE_LOW_PR_OUT_DFF[0].FDRE_PER_N/C                                                                          u_system/system_i/ddc_stream_0/inst/u_output_fifo/gnuram_async_fifo.xpm_fifo_base_inst/wrpp2_inst/count_value_i_reg[6]/CE
210  CDC-15  Warning   Clock enable controlled CDC structure detected               0  False Path  u_system/system_i/proc_sys_reset_0/U0/ACTIVE_LOW_PR_OUT_DFF[0].FDRE_PER_N/C                                                                          u_system/system_i/ddc_stream_0/inst/u_output_fifo/gnuram_async_fifo.xpm_fifo_base_inst/wrpp2_inst/count_value_i_reg[6]/D
211  CDC-1   Critical  1-bit unknown CDC circuitry                                  0  False Path  u_system/system_i/proc_sys_reset_0/U0/ACTIVE_LOW_PR_OUT_DFF[0].FDRE_PER_N/C                                                                          u_system/system_i/ddc_stream_0/inst/u_output_fifo/gnuram_async_fifo.xpm_fifo_base_inst/wrpp2_inst/count_value_i_reg[7]/CE
212  CDC-15  Warning   Clock enable controlled CDC structure detected               0  False Path  u_system/system_i/proc_sys_reset_0/U0/ACTIVE_LOW_PR_OUT_DFF[0].FDRE_PER_N/C                                                                          u_system/system_i/ddc_stream_0/inst/u_output_fifo/gnuram_async_fifo.xpm_fifo_base_inst/wrpp2_inst/count_value_i_reg[7]/D
213  CDC-1   Critical  1-bit unknown CDC circuitry                                  0  False Path  u_system/system_i/proc_sys_reset_0/U0/ACTIVE_LOW_PR_OUT_DFF[0].FDRE_PER_N/C                                                                          u_system/system_i/ddc_stream_0/inst/u_output_fifo/gnuram_async_fifo.xpm_fifo_base_inst/wrpp2_inst/count_value_i_reg[8]/CE
214  CDC-15  Warning   Clock enable controlled CDC structure detected               0  False Path  u_system/system_i/proc_sys_reset_0/U0/ACTIVE_LOW_PR_OUT_DFF[0].FDRE_PER_N/C                                                                          u_system/system_i/ddc_stream_0/inst/u_output_fifo/gnuram_async_fifo.xpm_fifo_base_inst/wrpp2_inst/count_value_i_reg[8]/D
215  CDC-1   Critical  1-bit unknown CDC circuitry                                  0  False Path  u_system/system_i/proc_sys_reset_0/U0/ACTIVE_LOW_PR_OUT_DFF[0].FDRE_PER_N/C                                                                          u_system/system_i/ddc_stream_0/inst/u_output_fifo/gnuram_async_fifo.xpm_fifo_base_inst/wrpp2_inst/count_value_i_reg[9]/CE
216  CDC-15  Warning   Clock enable controlled CDC structure detected               0  False Path  u_system/system_i/proc_sys_reset_0/U0/ACTIVE_LOW_PR_OUT_DFF[0].FDRE_PER_N/C                                                                          u_system/system_i/ddc_stream_0/inst/u_output_fifo/gnuram_async_fifo.xpm_fifo_base_inst/wrpp2_inst/count_value_i_reg[9]/D
217  CDC-1   Critical  1-bit unknown CDC circuitry                                  0  False Path  u_system/system_i/proc_sys_reset_0/U0/ACTIVE_LOW_PR_OUT_DFF[0].FDRE_PER_N/C                                                                          u_system/system_i/ddc_stream_0/inst/u_output_fifo/gnuram_async_fifo.xpm_fifo_base_inst/wrpp2_inst/count_value_i_reg[10]/CE
218  CDC-15  Warning   Clock enable controlled CDC structure detected               0  False Path  u_system/system_i/proc_sys_reset_0/U0/ACTIVE_LOW_PR_OUT_DFF[0].FDRE_PER_N/C                                                                          u_system/system_i/ddc_stream_0/inst/u_output_fifo/gnuram_async_fifo.xpm_fifo_base_inst/wrpp2_inst/count_value_i_reg[10]/D
219  CDC-1   Critical  1-bit unknown CDC circuitry                                  0  False Path  u_system/system_i/proc_sys_reset_0/U0/ACTIVE_LOW_PR_OUT_DFF[0].FDRE_PER_N/C                                                                          u_system/system_i/ddc_stream_0/inst/u_output_fifo/gnuram_async_fifo.xpm_fifo_base_inst/wrpp2_inst/count_value_i_reg[11]/CE
220  CDC-15  Warning   Clock enable controlled CDC structure detected               0  False Path  u_system/system_i/proc_sys_reset_0/U0/ACTIVE_LOW_PR_OUT_DFF[0].FDRE_PER_N/C                                                                          u_system/system_i/ddc_stream_0/inst/u_output_fifo/gnuram_async_fifo.xpm_fifo_base_inst/wrpp2_inst/count_value_i_reg[11]/D
221  CDC-1   Critical  1-bit unknown CDC circuitry                                  0  False Path  u_system/system_i/proc_sys_reset_0/U0/ACTIVE_LOW_PR_OUT_DFF[0].FDRE_PER_N/C                                                                          u_system/system_i/ddc_stream_0/inst/u_output_fifo/gnuram_async_fifo.xpm_fifo_base_inst/wrpp2_inst/count_value_i_reg[12]/CE
222  CDC-15  Warning   Clock enable controlled CDC structure detected               0  False Path  u_system/system_i/proc_sys_reset_0/U0/ACTIVE_LOW_PR_OUT_DFF[0].FDRE_PER_N/C                                                                          u_system/system_i/ddc_stream_0/inst/u_output_fifo/gnuram_async_fifo.xpm_fifo_base_inst/wrpp2_inst/count_value_i_reg[12]/D
223  CDC-11  Critical  Fan-out from launch flop to destination clock                2  False Path  u_system/system_i/ddc_stream_0/inst/u_output_fifo/gnuram_async_fifo.xpm_fifo_base_inst/xpm_fifo_rst_inst/gen_rst_ic.fifo_rd_rst_ic_reg/C             u_system/system_i/ddc_stream_0/inst/u_output_fifo/gnuram_async_fifo.xpm_fifo_base_inst/xpm_fifo_rst_inst/gen_rst_ic.rrst_wr_inst/syncstages_ff_reg[0]/D
224  CDC-7   Critical  Asynchronous reset unknown CDC circuitry                     0  False Path  u_system/system_i/proc_sys_reset_0/U0/ACTIVE_LOW_PR_OUT_DFF[0].FDRE_PER_N/C                                                                          u_system/system_i/ddc_stream_0/inst/write_q_pending_reg/CLR
225  CDC-15  Warning   Clock enable controlled CDC structure detected               0  False Path  u_system/system_i/iq_demodulator_0/inst/cfg_enable_shadow_reg/C                                                                                      u_system/system_i/iq_demodulator_0/inst/cfg_enable_adc_reg/D
226  CDC-15  Warning   Clock enable controlled CDC structure detected               0  False Path  u_system/system_i/iq_demodulator_0/inst/cfg_pinc_shadow_reg[0]/C                                                                                     u_system/system_i/iq_demodulator_0/inst/cfg_pinc_adc_reg[0]/D
227  CDC-15  Warning   Clock enable controlled CDC structure detected               0  False Path  u_system/system_i/iq_demodulator_0/inst/cfg_pinc_shadow_reg[1]/C                                                                                     u_system/system_i/iq_demodulator_0/inst/cfg_pinc_adc_reg[1]/D
228  CDC-15  Warning   Clock enable controlled CDC structure detected               0  False Path  u_system/system_i/iq_demodulator_0/inst/cfg_pinc_shadow_reg[2]/C                                                                                     u_system/system_i/iq_demodulator_0/inst/cfg_pinc_adc_reg[2]/D
229  CDC-15  Warning   Clock enable controlled CDC structure detected               0  False Path  u_system/system_i/iq_demodulator_0/inst/cfg_pinc_shadow_reg[3]/C                                                                                     u_system/system_i/iq_demodulator_0/inst/cfg_pinc_adc_reg[3]/D
230  CDC-15  Warning   Clock enable controlled CDC structure detected               0  False Path  u_system/system_i/iq_demodulator_0/inst/cfg_pinc_shadow_reg[4]/C                                                                                     u_system/system_i/iq_demodulator_0/inst/cfg_pinc_adc_reg[4]/D
231  CDC-15  Warning   Clock enable controlled CDC structure detected               0  False Path  u_system/system_i/iq_demodulator_0/inst/cfg_pinc_shadow_reg[5]/C                                                                                     u_system/system_i/iq_demodulator_0/inst/cfg_pinc_adc_reg[5]/D
232  CDC-15  Warning   Clock enable controlled CDC structure detected               0  False Path  u_system/system_i/iq_demodulator_0/inst/cfg_pinc_shadow_reg[6]/C                                                                                     u_system/system_i/iq_demodulator_0/inst/cfg_pinc_adc_reg[6]/D
233  CDC-15  Warning   Clock enable controlled CDC structure detected               0  False Path  u_system/system_i/iq_demodulator_0/inst/cfg_pinc_shadow_reg[7]/C                                                                                     u_system/system_i/iq_demodulator_0/inst/cfg_pinc_adc_reg[7]/D
234  CDC-15  Warning   Clock enable controlled CDC structure detected               0  False Path  u_system/system_i/iq_demodulator_0/inst/cfg_pinc_shadow_reg[8]/C                                                                                     u_system/system_i/iq_demodulator_0/inst/cfg_pinc_adc_reg[8]/D
235  CDC-15  Warning   Clock enable controlled CDC structure detected               0  False Path  u_system/system_i/iq_demodulator_0/inst/cfg_pinc_shadow_reg[9]/C                                                                                     u_system/system_i/iq_demodulator_0/inst/cfg_pinc_adc_reg[9]/D
236  CDC-15  Warning   Clock enable controlled CDC structure detected               0  False Path  u_system/system_i/iq_demodulator_0/inst/cfg_pinc_shadow_reg[10]/C                                                                                    u_system/system_i/iq_demodulator_0/inst/cfg_pinc_adc_reg[10]/D
237  CDC-15  Warning   Clock enable controlled CDC structure detected               0  False Path  u_system/system_i/iq_demodulator_0/inst/cfg_pinc_shadow_reg[11]/C                                                                                    u_system/system_i/iq_demodulator_0/inst/cfg_pinc_adc_reg[11]/D
238  CDC-15  Warning   Clock enable controlled CDC structure detected               0  False Path  u_system/system_i/iq_demodulator_0/inst/cfg_pinc_shadow_reg[12]/C                                                                                    u_system/system_i/iq_demodulator_0/inst/cfg_pinc_adc_reg[12]/D
239  CDC-15  Warning   Clock enable controlled CDC structure detected               0  False Path  u_system/system_i/iq_demodulator_0/inst/cfg_pinc_shadow_reg[13]/C                                                                                    u_system/system_i/iq_demodulator_0/inst/cfg_pinc_adc_reg[13]/D
240  CDC-15  Warning   Clock enable controlled CDC structure detected               0  False Path  u_system/system_i/iq_demodulator_0/inst/cfg_pinc_shadow_reg[14]/C                                                                                    u_system/system_i/iq_demodulator_0/inst/cfg_pinc_adc_reg[14]/D
241  CDC-15  Warning   Clock enable controlled CDC structure detected               0  False Path  u_system/system_i/iq_demodulator_0/inst/cfg_pinc_shadow_reg[15]/C                                                                                    u_system/system_i/iq_demodulator_0/inst/cfg_pinc_adc_reg[15]/D
242  CDC-15  Warning   Clock enable controlled CDC structure detected               0  False Path  u_system/system_i/iq_demodulator_0/inst/cfg_pinc_shadow_reg[16]/C                                                                                    u_system/system_i/iq_demodulator_0/inst/cfg_pinc_adc_reg[16]/D
243  CDC-15  Warning   Clock enable controlled CDC structure detected               0  False Path  u_system/system_i/iq_demodulator_0/inst/cfg_pinc_shadow_reg[17]/C                                                                                    u_system/system_i/iq_demodulator_0/inst/cfg_pinc_adc_reg[17]/D
244  CDC-15  Warning   Clock enable controlled CDC structure detected               0  False Path  u_system/system_i/iq_demodulator_0/inst/cfg_pinc_shadow_reg[18]/C                                                                                    u_system/system_i/iq_demodulator_0/inst/cfg_pinc_adc_reg[18]/D
245  CDC-15  Warning   Clock enable controlled CDC structure detected               0  False Path  u_system/system_i/iq_demodulator_0/inst/cfg_pinc_shadow_reg[19]/C                                                                                    u_system/system_i/iq_demodulator_0/inst/cfg_pinc_adc_reg[19]/D
246  CDC-15  Warning   Clock enable controlled CDC structure detected               0  False Path  u_system/system_i/iq_demodulator_0/inst/cfg_pinc_shadow_reg[20]/C                                                                                    u_system/system_i/iq_demodulator_0/inst/cfg_pinc_adc_reg[20]/D
247  CDC-15  Warning   Clock enable controlled CDC structure detected               0  False Path  u_system/system_i/iq_demodulator_0/inst/cfg_pinc_shadow_reg[21]/C                                                                                    u_system/system_i/iq_demodulator_0/inst/cfg_pinc_adc_reg[21]/D
248  CDC-15  Warning   Clock enable controlled CDC structure detected               0  False Path  u_system/system_i/iq_demodulator_0/inst/cfg_pinc_shadow_reg[22]/C                                                                                    u_system/system_i/iq_demodulator_0/inst/cfg_pinc_adc_reg[22]/D
249  CDC-15  Warning   Clock enable controlled CDC structure detected               0  False Path  u_system/system_i/iq_demodulator_0/inst/cfg_pinc_shadow_reg[23]/C                                                                                    u_system/system_i/iq_demodulator_0/inst/cfg_pinc_adc_reg[23]/D
250  CDC-15  Warning   Clock enable controlled CDC structure detected               0  False Path  u_system/system_i/iq_demodulator_0/inst/cfg_pinc_shadow_reg[24]/C                                                                                    u_system/system_i/iq_demodulator_0/inst/cfg_pinc_adc_reg[24]/D
251  CDC-15  Warning   Clock enable controlled CDC structure detected               0  False Path  u_system/system_i/iq_demodulator_0/inst/cfg_pinc_shadow_reg[25]/C                                                                                    u_system/system_i/iq_demodulator_0/inst/cfg_pinc_adc_reg[25]/D
252  CDC-15  Warning   Clock enable controlled CDC structure detected               0  False Path  u_system/system_i/iq_demodulator_0/inst/cfg_pinc_shadow_reg[26]/C                                                                                    u_system/system_i/iq_demodulator_0/inst/cfg_pinc_adc_reg[26]/D
253  CDC-15  Warning   Clock enable controlled CDC structure detected               0  False Path  u_system/system_i/iq_demodulator_0/inst/cfg_pinc_shadow_reg[27]/C                                                                                    u_system/system_i/iq_demodulator_0/inst/cfg_pinc_adc_reg[27]/D
254  CDC-15  Warning   Clock enable controlled CDC structure detected               0  False Path  u_system/system_i/iq_demodulator_0/inst/cfg_pinc_shadow_reg[28]/C                                                                                    u_system/system_i/iq_demodulator_0/inst/cfg_pinc_adc_reg[28]/D
255  CDC-15  Warning   Clock enable controlled CDC structure detected               0  False Path  u_system/system_i/iq_demodulator_0/inst/cfg_pinc_shadow_reg[29]/C                                                                                    u_system/system_i/iq_demodulator_0/inst/cfg_pinc_adc_reg[29]/D
256  CDC-15  Warning   Clock enable controlled CDC structure detected               0  False Path  u_system/system_i/iq_demodulator_0/inst/cfg_pinc_shadow_reg[30]/C                                                                                    u_system/system_i/iq_demodulator_0/inst/cfg_pinc_adc_reg[30]/D
257  CDC-15  Warning   Clock enable controlled CDC structure detected               0  False Path  u_system/system_i/iq_demodulator_0/inst/cfg_pinc_shadow_reg[31]/C                                                                                    u_system/system_i/iq_demodulator_0/inst/cfg_pinc_adc_reg[31]/D
258  CDC-15  Warning   Clock enable controlled CDC structure detected               0  False Path  u_system/system_i/iq_demodulator_0/inst/cfg_poffset_shadow_reg[0]/C                                                                                  u_system/system_i/iq_demodulator_0/inst/cfg_poffset_adc_reg[0]/D
259  CDC-15  Warning   Clock enable controlled CDC structure detected               0  False Path  u_system/system_i/iq_demodulator_0/inst/cfg_poffset_shadow_reg[1]/C                                                                                  u_system/system_i/iq_demodulator_0/inst/cfg_poffset_adc_reg[1]/D
260  CDC-15  Warning   Clock enable controlled CDC structure detected               0  False Path  u_system/system_i/iq_demodulator_0/inst/cfg_poffset_shadow_reg[2]/C                                                                                  u_system/system_i/iq_demodulator_0/inst/cfg_poffset_adc_reg[2]/D
261  CDC-15  Warning   Clock enable controlled CDC structure detected               0  False Path  u_system/system_i/iq_demodulator_0/inst/cfg_poffset_shadow_reg[3]/C                                                                                  u_system/system_i/iq_demodulator_0/inst/cfg_poffset_adc_reg[3]/D
262  CDC-15  Warning   Clock enable controlled CDC structure detected               0  False Path  u_system/system_i/iq_demodulator_0/inst/cfg_poffset_shadow_reg[4]/C                                                                                  u_system/system_i/iq_demodulator_0/inst/cfg_poffset_adc_reg[4]/D
263  CDC-15  Warning   Clock enable controlled CDC structure detected               0  False Path  u_system/system_i/iq_demodulator_0/inst/cfg_poffset_shadow_reg[5]/C                                                                                  u_system/system_i/iq_demodulator_0/inst/cfg_poffset_adc_reg[5]/D
264  CDC-15  Warning   Clock enable controlled CDC structure detected               0  False Path  u_system/system_i/iq_demodulator_0/inst/cfg_poffset_shadow_reg[6]/C                                                                                  u_system/system_i/iq_demodulator_0/inst/cfg_poffset_adc_reg[6]/D
265  CDC-15  Warning   Clock enable controlled CDC structure detected               0  False Path  u_system/system_i/iq_demodulator_0/inst/cfg_poffset_shadow_reg[7]/C                                                                                  u_system/system_i/iq_demodulator_0/inst/cfg_poffset_adc_reg[7]/D
266  CDC-15  Warning   Clock enable controlled CDC structure detected               0  False Path  u_system/system_i/iq_demodulator_0/inst/cfg_poffset_shadow_reg[8]/C                                                                                  u_system/system_i/iq_demodulator_0/inst/cfg_poffset_adc_reg[8]/D
267  CDC-15  Warning   Clock enable controlled CDC structure detected               0  False Path  u_system/system_i/iq_demodulator_0/inst/cfg_poffset_shadow_reg[9]/C                                                                                  u_system/system_i/iq_demodulator_0/inst/cfg_poffset_adc_reg[9]/D
268  CDC-15  Warning   Clock enable controlled CDC structure detected               0  False Path  u_system/system_i/iq_demodulator_0/inst/cfg_poffset_shadow_reg[10]/C                                                                                 u_system/system_i/iq_demodulator_0/inst/cfg_poffset_adc_reg[10]/D
269  CDC-15  Warning   Clock enable controlled CDC structure detected               0  False Path  u_system/system_i/iq_demodulator_0/inst/cfg_poffset_shadow_reg[11]/C                                                                                 u_system/system_i/iq_demodulator_0/inst/cfg_poffset_adc_reg[11]/D
270  CDC-15  Warning   Clock enable controlled CDC structure detected               0  False Path  u_system/system_i/iq_demodulator_0/inst/cfg_poffset_shadow_reg[12]/C                                                                                 u_system/system_i/iq_demodulator_0/inst/cfg_poffset_adc_reg[12]/D
271  CDC-15  Warning   Clock enable controlled CDC structure detected               0  False Path  u_system/system_i/iq_demodulator_0/inst/cfg_poffset_shadow_reg[13]/C                                                                                 u_system/system_i/iq_demodulator_0/inst/cfg_poffset_adc_reg[13]/D
272  CDC-15  Warning   Clock enable controlled CDC structure detected               0  False Path  u_system/system_i/iq_demodulator_0/inst/cfg_poffset_shadow_reg[14]/C                                                                                 u_system/system_i/iq_demodulator_0/inst/cfg_poffset_adc_reg[14]/D
273  CDC-15  Warning   Clock enable controlled CDC structure detected               0  False Path  u_system/system_i/iq_demodulator_0/inst/cfg_poffset_shadow_reg[15]/C                                                                                 u_system/system_i/iq_demodulator_0/inst/cfg_poffset_adc_reg[15]/D
274  CDC-15  Warning   Clock enable controlled CDC structure detected               0  False Path  u_system/system_i/iq_demodulator_0/inst/cfg_poffset_shadow_reg[16]/C                                                                                 u_system/system_i/iq_demodulator_0/inst/cfg_poffset_adc_reg[16]/D
275  CDC-15  Warning   Clock enable controlled CDC structure detected               0  False Path  u_system/system_i/iq_demodulator_0/inst/cfg_poffset_shadow_reg[17]/C                                                                                 u_system/system_i/iq_demodulator_0/inst/cfg_poffset_adc_reg[17]/D
276  CDC-15  Warning   Clock enable controlled CDC structure detected               0  False Path  u_system/system_i/iq_demodulator_0/inst/cfg_poffset_shadow_reg[18]/C                                                                                 u_system/system_i/iq_demodulator_0/inst/cfg_poffset_adc_reg[18]/D
277  CDC-15  Warning   Clock enable controlled CDC structure detected               0  False Path  u_system/system_i/iq_demodulator_0/inst/cfg_poffset_shadow_reg[19]/C                                                                                 u_system/system_i/iq_demodulator_0/inst/cfg_poffset_adc_reg[19]/D
278  CDC-15  Warning   Clock enable controlled CDC structure detected               0  False Path  u_system/system_i/iq_demodulator_0/inst/cfg_poffset_shadow_reg[20]/C                                                                                 u_system/system_i/iq_demodulator_0/inst/cfg_poffset_adc_reg[20]/D
279  CDC-15  Warning   Clock enable controlled CDC structure detected               0  False Path  u_system/system_i/iq_demodulator_0/inst/cfg_poffset_shadow_reg[21]/C                                                                                 u_system/system_i/iq_demodulator_0/inst/cfg_poffset_adc_reg[21]/D
280  CDC-15  Warning   Clock enable controlled CDC structure detected               0  False Path  u_system/system_i/iq_demodulator_0/inst/cfg_poffset_shadow_reg[22]/C                                                                                 u_system/system_i/iq_demodulator_0/inst/cfg_poffset_adc_reg[22]/D
281  CDC-15  Warning   Clock enable controlled CDC structure detected               0  False Path  u_system/system_i/iq_demodulator_0/inst/cfg_poffset_shadow_reg[23]/C                                                                                 u_system/system_i/iq_demodulator_0/inst/cfg_poffset_adc_reg[23]/D
282  CDC-15  Warning   Clock enable controlled CDC structure detected               0  False Path  u_system/system_i/iq_demodulator_0/inst/cfg_poffset_shadow_reg[24]/C                                                                                 u_system/system_i/iq_demodulator_0/inst/cfg_poffset_adc_reg[24]/D
283  CDC-15  Warning   Clock enable controlled CDC structure detected               0  False Path  u_system/system_i/iq_demodulator_0/inst/cfg_poffset_shadow_reg[25]/C                                                                                 u_system/system_i/iq_demodulator_0/inst/cfg_poffset_adc_reg[25]/D
284  CDC-15  Warning   Clock enable controlled CDC structure detected               0  False Path  u_system/system_i/iq_demodulator_0/inst/cfg_poffset_shadow_reg[26]/C                                                                                 u_system/system_i/iq_demodulator_0/inst/cfg_poffset_adc_reg[26]/D
285  CDC-15  Warning   Clock enable controlled CDC structure detected               0  False Path  u_system/system_i/iq_demodulator_0/inst/cfg_poffset_shadow_reg[27]/C                                                                                 u_system/system_i/iq_demodulator_0/inst/cfg_poffset_adc_reg[27]/D
286  CDC-15  Warning   Clock enable controlled CDC structure detected               0  False Path  u_system/system_i/iq_demodulator_0/inst/cfg_poffset_shadow_reg[28]/C                                                                                 u_system/system_i/iq_demodulator_0/inst/cfg_poffset_adc_reg[28]/D
287  CDC-15  Warning   Clock enable controlled CDC structure detected               0  False Path  u_system/system_i/iq_demodulator_0/inst/cfg_poffset_shadow_reg[29]/C                                                                                 u_system/system_i/iq_demodulator_0/inst/cfg_poffset_adc_reg[29]/D
288  CDC-15  Warning   Clock enable controlled CDC structure detected               0  False Path  u_system/system_i/iq_demodulator_0/inst/cfg_poffset_shadow_reg[30]/C                                                                                 u_system/system_i/iq_demodulator_0/inst/cfg_poffset_adc_reg[30]/D
289  CDC-15  Warning   Clock enable controlled CDC structure detected               0  False Path  u_system/system_i/iq_demodulator_0/inst/cfg_poffset_shadow_reg[31]/C                                                                                 u_system/system_i/iq_demodulator_0/inst/cfg_poffset_adc_reg[31]/D
290  CDC-2   Warning   1-bit synchronized with missing ASYNC_REG property           2  False Path  u_system/system_i/iq_demodulator_0/inst/cfg_req_toggle_reg/C                                                                                         u_system/system_i/iq_demodulator_0/inst/cfg_req_sync1_reg/D
291  CDC-15  Warning   Clock enable controlled CDC structure detected               0  False Path  u_system/system_i/iq_demodulator_0/inst/cfg_scan_count_shadow_reg[0]/C                                                                               u_system/system_i/iq_demodulator_0/inst/cfg_scan_count_adc_reg[0]/D
292  CDC-15  Warning   Clock enable controlled CDC structure detected               0  False Path  u_system/system_i/iq_demodulator_0/inst/cfg_scan_count_shadow_reg[1]/C                                                                               u_system/system_i/iq_demodulator_0/inst/cfg_scan_count_adc_reg[1]/D
293  CDC-15  Warning   Clock enable controlled CDC structure detected               0  False Path  u_system/system_i/iq_demodulator_0/inst/cfg_scan_count_shadow_reg[2]/C                                                                               u_system/system_i/iq_demodulator_0/inst/cfg_scan_count_adc_reg[2]/D
294  CDC-15  Warning   Clock enable controlled CDC structure detected               0  False Path  u_system/system_i/iq_demodulator_0/inst/cfg_scan_count_shadow_reg[3]/C                                                                               u_system/system_i/iq_demodulator_0/inst/cfg_scan_count_adc_reg[3]/D
295  CDC-15  Warning   Clock enable controlled CDC structure detected               0  False Path  u_system/system_i/iq_demodulator_0/inst/cfg_scan_count_shadow_reg[4]/C                                                                               u_system/system_i/iq_demodulator_0/inst/cfg_scan_count_adc_reg[4]/D
296  CDC-15  Warning   Clock enable controlled CDC structure detected               0  False Path  u_system/system_i/iq_demodulator_0/inst/cfg_scan_count_shadow_reg[5]/C                                                                               u_system/system_i/iq_demodulator_0/inst/cfg_scan_count_adc_reg[5]/D
297  CDC-15  Warning   Clock enable controlled CDC structure detected               0  False Path  u_system/system_i/iq_demodulator_0/inst/cfg_scan_count_shadow_reg[6]/C                                                                               u_system/system_i/iq_demodulator_0/inst/cfg_scan_count_adc_reg[6]/D
298  CDC-15  Warning   Clock enable controlled CDC structure detected               0  False Path  u_system/system_i/iq_demodulator_0/inst/cfg_scan_count_shadow_reg[7]/C                                                                               u_system/system_i/iq_demodulator_0/inst/cfg_scan_count_adc_reg[7]/D
299  CDC-15  Warning   Clock enable controlled CDC structure detected               0  False Path  u_system/system_i/iq_demodulator_0/inst/cfg_scan_count_shadow_reg[8]/C                                                                               u_system/system_i/iq_demodulator_0/inst/cfg_scan_count_adc_reg[8]/D
300  CDC-15  Warning   Clock enable controlled CDC structure detected               0  False Path  u_system/system_i/iq_demodulator_0/inst/cfg_scan_count_shadow_reg[9]/C                                                                               u_system/system_i/iq_demodulator_0/inst/cfg_scan_count_adc_reg[9]/D
301  CDC-15  Warning   Clock enable controlled CDC structure detected               0  False Path  u_system/system_i/iq_demodulator_0/inst/cfg_scan_count_shadow_reg[10]/C                                                                              u_system/system_i/iq_demodulator_0/inst/cfg_scan_count_adc_reg[10]/D
302  CDC-15  Warning   Clock enable controlled CDC structure detected               0  False Path  u_system/system_i/iq_demodulator_0/inst/cfg_scan_count_shadow_reg[11]/C                                                                              u_system/system_i/iq_demodulator_0/inst/cfg_scan_count_adc_reg[11]/D
303  CDC-15  Warning   Clock enable controlled CDC structure detected               0  False Path  u_system/system_i/iq_demodulator_0/inst/cfg_scan_count_shadow_reg[12]/C                                                                              u_system/system_i/iq_demodulator_0/inst/cfg_scan_count_adc_reg[12]/D
304  CDC-15  Warning   Clock enable controlled CDC structure detected               0  False Path  u_system/system_i/iq_demodulator_0/inst/cfg_scan_count_shadow_reg[13]/C                                                                              u_system/system_i/iq_demodulator_0/inst/cfg_scan_count_adc_reg[13]/D
305  CDC-15  Warning   Clock enable controlled CDC structure detected               0  False Path  u_system/system_i/iq_demodulator_0/inst/cfg_scan_count_shadow_reg[14]/C                                                                              u_system/system_i/iq_demodulator_0/inst/cfg_scan_count_adc_reg[14]/D
306  CDC-15  Warning   Clock enable controlled CDC structure detected               0  False Path  u_system/system_i/iq_demodulator_0/inst/cfg_scan_count_shadow_reg[15]/C                                                                              u_system/system_i/iq_demodulator_0/inst/cfg_scan_count_adc_reg[15]/D
307  CDC-15  Warning   Clock enable controlled CDC structure detected               0  False Path  u_system/system_i/iq_demodulator_0/inst/cfg_scan_enable_shadow_reg/C                                                                                 u_system/system_i/iq_demodulator_0/inst/cfg_scan_enable_adc_reg/D
308  CDC-15  Warning   Clock enable controlled CDC structure detected               0  False Path  u_system/system_i/iq_demodulator_0/inst/cfg_scan_repeat_shadow_reg/C                                                                                 u_system/system_i/iq_demodulator_0/inst/cfg_scan_repeat_adc_reg/D
309  CDC-15  Warning   Clock enable controlled CDC structure detected               0  False Path  u_system/system_i/iq_demodulator_0/inst/cfg_scan_step_shadow_reg[0]/C                                                                                u_system/system_i/iq_demodulator_0/inst/cfg_scan_step_adc_reg[0]/D
310  CDC-15  Warning   Clock enable controlled CDC structure detected               0  False Path  u_system/system_i/iq_demodulator_0/inst/cfg_scan_step_shadow_reg[1]/C                                                                                u_system/system_i/iq_demodulator_0/inst/cfg_scan_step_adc_reg[1]/D
311  CDC-15  Warning   Clock enable controlled CDC structure detected               0  False Path  u_system/system_i/iq_demodulator_0/inst/cfg_scan_step_shadow_reg[2]/C                                                                                u_system/system_i/iq_demodulator_0/inst/cfg_scan_step_adc_reg[2]/D
312  CDC-15  Warning   Clock enable controlled CDC structure detected               0  False Path  u_system/system_i/iq_demodulator_0/inst/cfg_scan_step_shadow_reg[3]/C                                                                                u_system/system_i/iq_demodulator_0/inst/cfg_scan_step_adc_reg[3]/D
313  CDC-15  Warning   Clock enable controlled CDC structure detected               0  False Path  u_system/system_i/iq_demodulator_0/inst/cfg_scan_step_shadow_reg[4]/C                                                                                u_system/system_i/iq_demodulator_0/inst/cfg_scan_step_adc_reg[4]/D
314  CDC-15  Warning   Clock enable controlled CDC structure detected               0  False Path  u_system/system_i/iq_demodulator_0/inst/cfg_scan_step_shadow_reg[5]/C                                                                                u_system/system_i/iq_demodulator_0/inst/cfg_scan_step_adc_reg[5]/D
315  CDC-15  Warning   Clock enable controlled CDC structure detected               0  False Path  u_system/system_i/iq_demodulator_0/inst/cfg_scan_step_shadow_reg[6]/C                                                                                u_system/system_i/iq_demodulator_0/inst/cfg_scan_step_adc_reg[6]/D
316  CDC-15  Warning   Clock enable controlled CDC structure detected               0  False Path  u_system/system_i/iq_demodulator_0/inst/cfg_scan_step_shadow_reg[7]/C                                                                                u_system/system_i/iq_demodulator_0/inst/cfg_scan_step_adc_reg[7]/D
317  CDC-15  Warning   Clock enable controlled CDC structure detected               0  False Path  u_system/system_i/iq_demodulator_0/inst/cfg_scan_step_shadow_reg[8]/C                                                                                u_system/system_i/iq_demodulator_0/inst/cfg_scan_step_adc_reg[8]/D
318  CDC-15  Warning   Clock enable controlled CDC structure detected               0  False Path  u_system/system_i/iq_demodulator_0/inst/cfg_scan_step_shadow_reg[9]/C                                                                                u_system/system_i/iq_demodulator_0/inst/cfg_scan_step_adc_reg[9]/D
319  CDC-15  Warning   Clock enable controlled CDC structure detected               0  False Path  u_system/system_i/iq_demodulator_0/inst/cfg_scan_step_shadow_reg[10]/C                                                                               u_system/system_i/iq_demodulator_0/inst/cfg_scan_step_adc_reg[10]/D
320  CDC-15  Warning   Clock enable controlled CDC structure detected               0  False Path  u_system/system_i/iq_demodulator_0/inst/cfg_scan_step_shadow_reg[11]/C                                                                               u_system/system_i/iq_demodulator_0/inst/cfg_scan_step_adc_reg[11]/D
321  CDC-15  Warning   Clock enable controlled CDC structure detected               0  False Path  u_system/system_i/iq_demodulator_0/inst/cfg_scan_step_shadow_reg[12]/C                                                                               u_system/system_i/iq_demodulator_0/inst/cfg_scan_step_adc_reg[12]/D
322  CDC-15  Warning   Clock enable controlled CDC structure detected               0  False Path  u_system/system_i/iq_demodulator_0/inst/cfg_scan_step_shadow_reg[13]/C                                                                               u_system/system_i/iq_demodulator_0/inst/cfg_scan_step_adc_reg[13]/D
323  CDC-15  Warning   Clock enable controlled CDC structure detected               0  False Path  u_system/system_i/iq_demodulator_0/inst/cfg_scan_step_shadow_reg[14]/C                                                                               u_system/system_i/iq_demodulator_0/inst/cfg_scan_step_adc_reg[14]/D
324  CDC-15  Warning   Clock enable controlled CDC structure detected               0  False Path  u_system/system_i/iq_demodulator_0/inst/cfg_scan_step_shadow_reg[15]/C                                                                               u_system/system_i/iq_demodulator_0/inst/cfg_scan_step_adc_reg[15]/D
325  CDC-15  Warning   Clock enable controlled CDC structure detected               0  False Path  u_system/system_i/iq_demodulator_0/inst/cfg_scan_step_shadow_reg[16]/C                                                                               u_system/system_i/iq_demodulator_0/inst/cfg_scan_step_adc_reg[16]/D
326  CDC-15  Warning   Clock enable controlled CDC structure detected               0  False Path  u_system/system_i/iq_demodulator_0/inst/cfg_scan_step_shadow_reg[17]/C                                                                               u_system/system_i/iq_demodulator_0/inst/cfg_scan_step_adc_reg[17]/D
327  CDC-15  Warning   Clock enable controlled CDC structure detected               0  False Path  u_system/system_i/iq_demodulator_0/inst/cfg_scan_step_shadow_reg[18]/C                                                                               u_system/system_i/iq_demodulator_0/inst/cfg_scan_step_adc_reg[18]/D
328  CDC-15  Warning   Clock enable controlled CDC structure detected               0  False Path  u_system/system_i/iq_demodulator_0/inst/cfg_scan_step_shadow_reg[19]/C                                                                               u_system/system_i/iq_demodulator_0/inst/cfg_scan_step_adc_reg[19]/D
329  CDC-15  Warning   Clock enable controlled CDC structure detected               0  False Path  u_system/system_i/iq_demodulator_0/inst/cfg_scan_step_shadow_reg[20]/C                                                                               u_system/system_i/iq_demodulator_0/inst/cfg_scan_step_adc_reg[20]/D
330  CDC-15  Warning   Clock enable controlled CDC structure detected               0  False Path  u_system/system_i/iq_demodulator_0/inst/cfg_scan_step_shadow_reg[21]/C                                                                               u_system/system_i/iq_demodulator_0/inst/cfg_scan_step_adc_reg[21]/D
331  CDC-15  Warning   Clock enable controlled CDC structure detected               0  False Path  u_system/system_i/iq_demodulator_0/inst/cfg_scan_step_shadow_reg[22]/C                                                                               u_system/system_i/iq_demodulator_0/inst/cfg_scan_step_adc_reg[22]/D
332  CDC-15  Warning   Clock enable controlled CDC structure detected               0  False Path  u_system/system_i/iq_demodulator_0/inst/cfg_scan_step_shadow_reg[23]/C                                                                               u_system/system_i/iq_demodulator_0/inst/cfg_scan_step_adc_reg[23]/D
333  CDC-15  Warning   Clock enable controlled CDC structure detected               0  False Path  u_system/system_i/iq_demodulator_0/inst/cfg_scan_step_shadow_reg[24]/C                                                                               u_system/system_i/iq_demodulator_0/inst/cfg_scan_step_adc_reg[24]/D
334  CDC-15  Warning   Clock enable controlled CDC structure detected               0  False Path  u_system/system_i/iq_demodulator_0/inst/cfg_scan_step_shadow_reg[25]/C                                                                               u_system/system_i/iq_demodulator_0/inst/cfg_scan_step_adc_reg[25]/D
335  CDC-15  Warning   Clock enable controlled CDC structure detected               0  False Path  u_system/system_i/iq_demodulator_0/inst/cfg_scan_step_shadow_reg[26]/C                                                                               u_system/system_i/iq_demodulator_0/inst/cfg_scan_step_adc_reg[26]/D
336  CDC-15  Warning   Clock enable controlled CDC structure detected               0  False Path  u_system/system_i/iq_demodulator_0/inst/cfg_scan_step_shadow_reg[27]/C                                                                               u_system/system_i/iq_demodulator_0/inst/cfg_scan_step_adc_reg[27]/D
337  CDC-15  Warning   Clock enable controlled CDC structure detected               0  False Path  u_system/system_i/iq_demodulator_0/inst/cfg_scan_step_shadow_reg[28]/C                                                                               u_system/system_i/iq_demodulator_0/inst/cfg_scan_step_adc_reg[28]/D
338  CDC-15  Warning   Clock enable controlled CDC structure detected               0  False Path  u_system/system_i/iq_demodulator_0/inst/cfg_scan_step_shadow_reg[29]/C                                                                               u_system/system_i/iq_demodulator_0/inst/cfg_scan_step_adc_reg[29]/D
339  CDC-15  Warning   Clock enable controlled CDC structure detected               0  False Path  u_system/system_i/iq_demodulator_0/inst/cfg_scan_step_shadow_reg[30]/C                                                                               u_system/system_i/iq_demodulator_0/inst/cfg_scan_step_adc_reg[30]/D
340  CDC-15  Warning   Clock enable controlled CDC structure detected               0  False Path  u_system/system_i/iq_demodulator_0/inst/cfg_scan_step_shadow_reg[31]/C                                                                               u_system/system_i/iq_demodulator_0/inst/cfg_scan_step_adc_reg[31]/D
341  CDC-15  Warning   Clock enable controlled CDC structure detected               0  False Path  u_system/system_i/iq_demodulator_0/inst/cfg_window_shadow_reg[0]/C                                                                                   u_system/system_i/iq_demodulator_0/inst/cfg_window_adc_reg[0]/D
342  CDC-15  Warning   Clock enable controlled CDC structure detected               0  False Path  u_system/system_i/iq_demodulator_0/inst/cfg_window_shadow_reg[1]/C                                                                                   u_system/system_i/iq_demodulator_0/inst/cfg_window_adc_reg[1]/D
343  CDC-15  Warning   Clock enable controlled CDC structure detected               0  False Path  u_system/system_i/iq_demodulator_0/inst/cfg_window_shadow_reg[2]/C                                                                                   u_system/system_i/iq_demodulator_0/inst/cfg_window_adc_reg[2]/D
344  CDC-15  Warning   Clock enable controlled CDC structure detected               0  False Path  u_system/system_i/iq_demodulator_0/inst/cfg_window_shadow_reg[3]/C                                                                                   u_system/system_i/iq_demodulator_0/inst/cfg_window_adc_reg[3]/D
345  CDC-15  Warning   Clock enable controlled CDC structure detected               0  False Path  u_system/system_i/iq_demodulator_0/inst/cfg_window_shadow_reg[4]/C                                                                                   u_system/system_i/iq_demodulator_0/inst/cfg_window_adc_reg[4]/D
346  CDC-15  Warning   Clock enable controlled CDC structure detected               0  False Path  u_system/system_i/iq_demodulator_0/inst/cfg_window_shadow_reg[5]/C                                                                                   u_system/system_i/iq_demodulator_0/inst/cfg_window_adc_reg[5]/D
347  CDC-15  Warning   Clock enable controlled CDC structure detected               0  False Path  u_system/system_i/iq_demodulator_0/inst/cfg_window_shadow_reg[6]/C                                                                                   u_system/system_i/iq_demodulator_0/inst/cfg_window_adc_reg[6]/D
348  CDC-15  Warning   Clock enable controlled CDC structure detected               0  False Path  u_system/system_i/iq_demodulator_0/inst/cfg_window_shadow_reg[7]/C                                                                                   u_system/system_i/iq_demodulator_0/inst/cfg_window_adc_reg[7]/D
349  CDC-15  Warning   Clock enable controlled CDC structure detected               0  False Path  u_system/system_i/iq_demodulator_0/inst/cfg_window_shadow_reg[8]/C                                                                                   u_system/system_i/iq_demodulator_0/inst/cfg_window_adc_reg[8]/D
350  CDC-15  Warning   Clock enable controlled CDC structure detected               0  False Path  u_system/system_i/iq_demodulator_0/inst/cfg_window_shadow_reg[9]/C                                                                                   u_system/system_i/iq_demodulator_0/inst/cfg_window_adc_reg[9]/D
351  CDC-15  Warning   Clock enable controlled CDC structure detected               0  False Path  u_system/system_i/iq_demodulator_0/inst/cfg_window_shadow_reg[10]/C                                                                                  u_system/system_i/iq_demodulator_0/inst/cfg_window_adc_reg[10]/D
352  CDC-15  Warning   Clock enable controlled CDC structure detected               0  False Path  u_system/system_i/iq_demodulator_0/inst/cfg_window_shadow_reg[11]/C                                                                                  u_system/system_i/iq_demodulator_0/inst/cfg_window_adc_reg[11]/D
353  CDC-15  Warning   Clock enable controlled CDC structure detected               0  False Path  u_system/system_i/iq_demodulator_0/inst/cfg_window_shadow_reg[12]/C                                                                                  u_system/system_i/iq_demodulator_0/inst/cfg_window_adc_reg[12]/D
354  CDC-15  Warning   Clock enable controlled CDC structure detected               0  False Path  u_system/system_i/iq_demodulator_0/inst/cfg_window_shadow_reg[13]/C                                                                                  u_system/system_i/iq_demodulator_0/inst/cfg_window_adc_reg[13]/D
355  CDC-15  Warning   Clock enable controlled CDC structure detected               0  False Path  u_system/system_i/iq_demodulator_0/inst/cfg_window_shadow_reg[14]/C                                                                                  u_system/system_i/iq_demodulator_0/inst/cfg_window_adc_reg[14]/D
356  CDC-15  Warning   Clock enable controlled CDC structure detected               0  False Path  u_system/system_i/iq_demodulator_0/inst/cfg_window_shadow_reg[15]/C                                                                                  u_system/system_i/iq_demodulator_0/inst/cfg_window_adc_reg[15]/D
357  CDC-2   Warning   1-bit synchronized with missing ASYNC_REG property           2  False Path  u_system/system_i/iq_demodulator_0/inst/result_ack_toggle_reg/C                                                                                      u_system/system_i/iq_demodulator_0/inst/result_ack_sync1_reg/D

Source Clock: clk_fpga_0
Destination Clock: dbg_hub/inst/BSCANID.u_xsdbm_id/SWITCH_N_EXT_BSCAN.bscan_inst/SERIES7_BSCAN.bscan_inst/TCK
CDC Type: No Common Primary Clock

Row  ID     Severity  Description                                              Depth  Exception   Source (From)                                                                                  Destination (To)
---  -----  --------  -------------------------------------------------------  -----  ----------  ---------------------------------------------------------------------------------------------  -------------------------------------------------------------------------------------------------------------------------------------------------------------------------------------------------------------------
  1  CDC-9  Info      Asynchronous reset synchronized with ASYNC_REG property      2  False Path  dbg_hub/inst/BSCANID.u_xsdbm_id/CORE_XSDB.UUT_MASTER/U_ICON_INTERFACE/rddata_rst_reg/C         dbg_hub/inst/BSCANID.u_xsdbm_id/CORE_XSDB.UUT_MASTER/U_ICON_INTERFACE/U_CMD6_RD/U_RD_FIFO/SUBCORE_FIFO.xsdbm_v3_0_0_rdfifo_inst/inst_fifo_gen/gconvfifo.rf/grf.rf/rstblk/ngwrdrst.grst.g7serrst.rst_rd_reg1_reg/PRE
  2  CDC-3  Info      1-bit synchronized with ASYNC_REG property                   2  False Path  dbg_hub/inst/BSCANID.u_xsdbm_id/CORE_XSDB.UUT_MASTER/U_ICON_INTERFACE/U_CMD1/ctl_reg_reg[0]/C  dbg_hub/inst/BSCANID.u_xsdbm_id/CORE_XSDB.UUT_MASTER/U_ICON_INTERFACE/ma_rst_1_reg/D

