Copyright 1986-2020 Xilinx, Inc. All Rights Reserved.
--------------------------------------------------------------------------------------------------------------------------------------
| Tool Version : Vivado v.2020.2 (win64) Build 3064766 Wed Nov 18 09:12:45 MST 2020
| Date         : Fri Jul 31 01:12:49 2026
| Host         : Calvin running 64-bit major release  (build 9200)
| Command      : report_timing_summary -file D:/DianSai/2026_calvin/tmp/hardware/jay_2026g_hmi_final_repro_5b6ecdf/timing_summary.rpt
| Design       : top
| Device       : 7z020-clg400
| Speed File   : -2  PRODUCTION 1.12 2019-11-22
--------------------------------------------------------------------------------------------------------------------------------------

Timing Summary Report

------------------------------------------------------------------------------------------------
| Timer Settings
| --------------
------------------------------------------------------------------------------------------------

  Enable Multi Corner Analysis               :  Yes
  Enable Pessimism Removal                   :  Yes
  Pessimism Removal Resolution               :  Nearest Common Node
  Enable Input Delay Default Clock           :  No
  Enable Preset / Clear Arcs                 :  No
  Disable Flight Delays                      :  No
  Ignore I/O Paths                           :  No
  Timing Early Launch at Borrowing Latches   :  No
  Borrow Time for Max Delay Exceptions       :  Yes
  Merge Timing Exceptions                    :  Yes

  Corner  Analyze    Analyze    
  Name    Max Paths  Min Paths  
  ------  ---------  ---------  
  Slow    Yes        Yes        
  Fast    Yes        Yes        



check_timing report

Table of Contents
-----------------
1. checking no_clock (0)
2. checking constant_clock (0)
3. checking pulse_width_clock (0)
4. checking unconstrained_internal_endpoints (0)
5. checking no_input_delay (14)
6. checking no_output_delay (2)
7. checking multiple_clock (0)
8. checking generated_clocks (0)
9. checking loops (0)
10. checking partial_input_delay (0)
11. checking partial_output_delay (0)
12. checking latch_loops (0)

1. checking no_clock (0)
------------------------
 There are 0 register/latch pins with no clock.


2. checking constant_clock (0)
------------------------------
 There are 0 register/latch pins with constant_clock.


3. checking pulse_width_clock (0)
---------------------------------
 There are 0 register/latch pins which need pulse_width check


4. checking unconstrained_internal_endpoints (0)
------------------------------------------------
 There are 0 pins that are not constrained for maximum delay.

 There are 0 pins that are not constrained for maximum delay due to constant clock.


5. checking no_input_delay (14)
-------------------------------
 There are 14 input ports with no input delay specified. (HIGH)

 There are 0 input ports with no input delay but user has a false path constraint.


6. checking no_output_delay (2)
-------------------------------
 There is 1 port with no output delay specified. (HIGH)

 There are 0 ports with no output delay but user has a false path constraint

 There is 1 port with no output delay but with a timing clock defined on it or propagating through it (LOW)


7. checking multiple_clock (0)
------------------------------
 There are 0 register/latch pins with multiple clocks.


8. checking generated_clocks (0)
--------------------------------
 There are 0 generated clocks that are not connected to a clock source.


9. checking loops (0)
---------------------
 There are 0 combinational loops in the design.


10. checking partial_input_delay (0)
------------------------------------
 There are 0 input ports with partial input delay specified.


11. checking partial_output_delay (0)
-------------------------------------
 There are 0 ports with partial output delay specified.


12. checking latch_loops (0)
----------------------------
 There are 0 combinational latch loops in the design through latch input



------------------------------------------------------------------------------------------------
| Design Timing Summary
| ---------------------
------------------------------------------------------------------------------------------------

    WNS(ns)      TNS(ns)  TNS Failing Endpoints  TNS Total Endpoints      WHS(ns)      THS(ns)  THS Failing Endpoints  THS Total Endpoints     WPWS(ns)     TPWS(ns)  TPWS Failing Endpoints  TPWS Total Endpoints  
    -------      -------  ---------------------  -------------------      -------      -------  ---------------------  -------------------     --------     --------  ----------------------  --------------------  
      0.752        0.000                      0                45194        0.035        0.000                      0                45178        3.000        0.000                       0                 18371  


All user specified timing constraints are met.


------------------------------------------------------------------------------------------------
| Clock Summary
| -------------
------------------------------------------------------------------------------------------------

Clock                                                                                       Waveform(ns)         Period(ns)      Frequency(MHz)
-----                                                                                       ------------         ----------      --------------
clk_fpga_0                                                                                  {0.000 5.000}        10.000          100.000         
dbg_hub/inst/BSCANID.u_xsdbm_id/SWITCH_N_EXT_BSCAN.bscan_inst/SERIES7_BSCAN.bscan_inst/TCK  {0.000 16.500}       33.000          30.303          
i_clk_50m                                                                                   {0.000 10.000}       20.000          50.000          
  clk_pll_ad_PLL_AD                                                                         {0.000 97.655}       195.310         5.120           
  clk_pll_phase_PLL_AD                                                                      {98.690 196.345}     195.310         5.120           
  clkfbout_PLL_AD                                                                           {0.000 30.000}       60.000          16.667          
u_system/system_i/Pll_DA/inst/clk_in1                                                       {0.000 5.000}        10.000          100.000         
  clk_out1_system_Pll_DA_0                                                                  {0.000 4.000}        8.000           125.000         
  clkfbout_system_Pll_DA_0                                                                  {0.000 5.000}        10.000          100.000         


------------------------------------------------------------------------------------------------
| Intra Clock Table
| -----------------
------------------------------------------------------------------------------------------------

Clock                                                                                           WNS(ns)      TNS(ns)  TNS Failing Endpoints  TNS Total Endpoints      WHS(ns)      THS(ns)  THS Failing Endpoints  THS Total Endpoints     WPWS(ns)     TPWS(ns)  TPWS Failing Endpoints  TPWS Total Endpoints  
-----                                                                                           -------      -------  ---------------------  -------------------      -------      -------  ---------------------  -------------------     --------     --------  ----------------------  --------------------  
clk_fpga_0                                                                                        0.752        0.000                      0                39172        0.036        0.000                      0                39172        3.870        0.000                       0                 15964  
dbg_hub/inst/BSCANID.u_xsdbm_id/SWITCH_N_EXT_BSCAN.bscan_inst/SERIES7_BSCAN.bscan_inst/TCK       27.710        0.000                      0                  928        0.104        0.000                      0                  928       15.370        0.000                       0                   483  
i_clk_50m                                                                                                                                                                                                                                     7.000        0.000                       0                     1  
  clk_pll_ad_PLL_AD                                                                             193.520        0.000                      0                    8        0.130        0.000                      0                    8       18.050        0.000                       0                    11  
  clk_pll_phase_PLL_AD                                                                          186.413        0.000                      0                 3472        0.035        0.000                      0                 3472       18.050        0.000                       0                  1893  
  clkfbout_PLL_AD                                                                                                                                                                                                                            40.000        0.000                       0                     3  
u_system/system_i/Pll_DA/inst/clk_in1                                                                                                                                                                                                         3.000        0.000                       0                     1  
  clk_out1_system_Pll_DA_0                                                                        5.351        0.000                      0                   17        0.104        0.000                      0                   17        3.146        0.000                       0                    12  
  clkfbout_system_Pll_DA_0                                                                                                                                                                                                                    8.408        0.000                       0                     3  


------------------------------------------------------------------------------------------------
| Inter Clock Table
| -----------------
------------------------------------------------------------------------------------------------

From Clock                                                                                  To Clock                                                                                        WNS(ns)      TNS(ns)  TNS Failing Endpoints  TNS Total Endpoints      WHS(ns)      THS(ns)  THS Failing Endpoints  THS Total Endpoints  
----------                                                                                  --------                                                                                        -------      -------  ---------------------  -------------------      -------      -------  ---------------------  -------------------  
dbg_hub/inst/BSCANID.u_xsdbm_id/SWITCH_N_EXT_BSCAN.bscan_inst/SERIES7_BSCAN.bscan_inst/TCK  clk_fpga_0                                                                                       32.025        0.000                      0                    8                                                                        
clk_fpga_0                                                                                  dbg_hub/inst/BSCANID.u_xsdbm_id/SWITCH_N_EXT_BSCAN.bscan_inst/SERIES7_BSCAN.bscan_inst/TCK        8.944        0.000                      0                    8                                                                        


------------------------------------------------------------------------------------------------
| Other Path Groups Table
| -----------------------
------------------------------------------------------------------------------------------------

Path Group                                                                                  From Clock                                                                                  To Clock                                                                                        WNS(ns)      TNS(ns)  TNS Failing Endpoints  TNS Total Endpoints      WHS(ns)      THS(ns)  THS Failing Endpoints  THS Total Endpoints  
----------                                                                                  ----------                                                                                  --------                                                                                        -------      -------  ---------------------  -------------------      -------      -------  ---------------------  -------------------  
**async_default**                                                                           clk_fpga_0                                                                                  clk_fpga_0                                                                                        5.126        0.000                      0                  961        0.317        0.000                      0                  961  
**async_default**                                                                           clk_pll_phase_PLL_AD                                                                        clk_pll_phase_PLL_AD                                                                            189.876        0.000                      0                  520        0.685        0.000                      0                  520  
**async_default**                                                                           dbg_hub/inst/BSCANID.u_xsdbm_id/SWITCH_N_EXT_BSCAN.bscan_inst/SERIES7_BSCAN.bscan_inst/TCK  dbg_hub/inst/BSCANID.u_xsdbm_id/SWITCH_N_EXT_BSCAN.bscan_inst/SERIES7_BSCAN.bscan_inst/TCK       28.543        0.000                      0                  100        0.305        0.000                      0                  100  


------------------------------------------------------------------------------------------------
| Timing Details
| --------------
------------------------------------------------------------------------------------------------


---------------------------------------------------------------------------------------------------
From Clock:  clk_fpga_0
  To Clock:  clk_fpga_0

Setup :            0  Failing Endpoints,  Worst Slack        0.752ns,  Total Violation        0.000ns
Hold  :            0  Failing Endpoints,  Worst Slack        0.036ns,  Total Violation        0.000ns
PW    :            0  Failing Endpoints,  Worst Slack        3.870ns,  Total Violation        0.000ns
---------------------------------------------------------------------------------------------------


Max Delay Paths
--------------------------------------------------------------------------------------
Slack (MET) :             0.752ns  (required time - arrival time)
  Source:                 u_adc_fir/u_fir/U0/i_synth/g_polyphase_decimation.i_polyphase_decimation/g_m_data_chan_fifo.i_m_data_chan_fifo/fifo0/fifo_2_reg[0]/C
                            (rising edge-triggered cell FDRE clocked by clk_fpga_0  {rise@0.000ns fall@5.000ns period=10.000ns})
  Destination:            u_system/system_i/axis_data_fifo_0/inst/gen_fifo.xpm_fifo_axis_inst/xpm_fifo_base_inst/gen_sdpram.xpm_memory_base_inst/gen_wr_a.gen_word_narrow.mem_reg_1/DIADI[2]
                            (rising edge-triggered cell RAMB36E1 clocked by clk_fpga_0  {rise@0.000ns fall@5.000ns period=10.000ns})
  Path Group:             clk_fpga_0
  Path Type:              Setup (Max at Slow Process Corner)
  Requirement:            10.000ns  (clk_fpga_0 rise@10.000ns - clk_fpga_0 rise@0.000ns)
  Data Path Delay:        8.404ns  (logic 3.953ns (47.040%)  route 4.451ns (52.960%))
  Logic Levels:           16  (CARRY4=12 LUT1=2 LUT5=2)
  Clock Path Skew:        -0.050ns (DCD - SCD + CPR)
    Destination Clock Delay (DCD):    2.318ns = ( 12.318 - 10.000 ) 
    Source Clock Delay      (SCD):    2.464ns
    Clock Pessimism Removal (CPR):    0.097ns
  Clock Uncertainty:      0.154ns  ((TSJ^2 + TIJ^2)^1/2 + DJ) / 2 + PE
    Total System Jitter     (TSJ):    0.071ns
    Total Input Jitter      (TIJ):    0.300ns
    Discrete Jitter          (DJ):    0.000ns
    Phase Error              (PE):    0.000ns

    Location             Delay type                Incr(ns)  Path(ns)    Netlist Resource(s)
  -------------------------------------------------------------------    -------------------
                         (clock clk_fpga_0 rise edge)
                                                      0.000     0.000 r  
    PS7_X0Y0             PS7                          0.000     0.000 r  u_system/system_i/processing_system7_0/inst/PS7_i/FCLKCLK[0]
                         net (fo=1, routed)           0.994     0.994    u_system/system_i/processing_system7_0/inst/FCLK_CLK_unbuffered[0]
    BUFGCTRL_X0Y16       BUFG (Prop_bufg_I_O)         0.085     1.079 r  u_system/system_i/processing_system7_0/inst/buffer_fclk_clk_0.FCLK_CLK_0_BUFG/O
                         net (fo=15967, routed)       1.385     2.464    u_adc_fir/u_fir/U0/i_synth/g_polyphase_decimation.i_polyphase_decimation/g_m_data_chan_fifo.i_m_data_chan_fifo/fifo0/aclk
    SLICE_X34Y64         FDRE                                         r  u_adc_fir/u_fir/U0/i_synth/g_polyphase_decimation.i_polyphase_decimation/g_m_data_chan_fifo.i_m_data_chan_fifo/fifo0/fifo_2_reg[0]/C
  -------------------------------------------------------------------    -------------------
    SLICE_X34Y64         FDRE (Prop_fdre_C_Q)         0.433     2.897 f  u_adc_fir/u_fir/U0/i_synth/g_polyphase_decimation.i_polyphase_decimation/g_m_data_chan_fifo.i_m_data_chan_fifo/fifo0/fifo_2_reg[0]/Q
                         net (fo=1, routed)           0.312     3.209    u_adc_fir/fir_m_tdata[0]
    SLICE_X35Y63         LUT1 (Prop_lut1_I0_O)        0.105     3.314 r  u_adc_fir/m_axis_tdata[0]_INST_0_i_22/O
                         net (fo=1, routed)           0.398     3.711    u_adc_fir/p_0_in[0]
    SLICE_X37Y61         CARRY4 (Prop_carry4_CYINIT_CO[3])
                                                      0.480     4.191 r  u_adc_fir/m_axis_tdata[0]_INST_0_i_17/CO[3]
                         net (fo=1, routed)           0.000     4.191    u_adc_fir/m_axis_tdata[0]_INST_0_i_17_n_0
    SLICE_X37Y62         CARRY4 (Prop_carry4_CI_CO[3])
                                                      0.098     4.289 r  u_adc_fir/m_axis_tdata[0]_INST_0_i_12/CO[3]
                         net (fo=1, routed)           0.000     4.289    u_adc_fir/m_axis_tdata[0]_INST_0_i_12_n_0
    SLICE_X37Y63         CARRY4 (Prop_carry4_CI_CO[3])
                                                      0.098     4.387 r  u_adc_fir/m_axis_tdata[0]_INST_0_i_7/CO[3]
                         net (fo=1, routed)           0.000     4.387    u_adc_fir/m_axis_tdata[0]_INST_0_i_7_n_0
    SLICE_X37Y64         CARRY4 (Prop_carry4_CI_CO[3])
                                                      0.098     4.485 r  u_adc_fir/m_axis_tdata[0]_INST_0_i_2/CO[3]
                         net (fo=1, routed)           0.000     4.485    u_adc_fir/m_axis_tdata[0]_INST_0_i_2_n_0
    SLICE_X37Y65         CARRY4 (Prop_carry4_CI_O[0])
                                                      0.180     4.665 f  u_adc_fir/m_axis_tdata[0]_INST_0_i_1/O[0]
                         net (fo=2, routed)           0.475     5.140    u_adc_fir/rounded_value2[17]
    SLICE_X40Y65         LUT1 (Prop_lut1_I0_O)        0.249     5.389 r  u_adc_fir/m_axis_tdata[4]_INST_0_i_2/O
                         net (fo=1, routed)           0.272     5.661    u_adc_fir/m_axis_tdata[4]_INST_0_i_2_n_0
    SLICE_X38Y65         CARRY4 (Prop_carry4_CYINIT_CO[3])
                                                      0.494     6.155 r  u_adc_fir/m_axis_tdata[4]_INST_0_i_1/CO[3]
                         net (fo=1, routed)           0.000     6.155    u_adc_fir/m_axis_tdata[4]_INST_0_i_1_n_0
    SLICE_X38Y66         CARRY4 (Prop_carry4_CI_CO[3])
                                                      0.100     6.255 r  u_adc_fir/m_axis_tdata[8]_INST_0_i_1/CO[3]
                         net (fo=1, routed)           0.000     6.255    u_adc_fir/m_axis_tdata[8]_INST_0_i_1_n_0
    SLICE_X38Y67         CARRY4 (Prop_carry4_CI_CO[3])
                                                      0.100     6.355 r  u_adc_fir/m_axis_tdata[12]_INST_0_i_1/CO[3]
                         net (fo=1, routed)           0.000     6.355    u_adc_fir/m_axis_tdata[12]_INST_0_i_1_n_0
    SLICE_X38Y68         CARRY4 (Prop_carry4_CI_O[3])
                                                      0.262     6.617 f  u_adc_fir/m_axis_tdata[15]_INST_0_i_2/O[3]
                         net (fo=4, routed)           0.556     7.173    u_adc_fir/rounded_value0[16]
    SLICE_X39Y68         LUT5 (Prop_lut5_I0_O)        0.250     7.423 r  u_adc_fir/m_axis_tdata[15]_INST_0_i_53/O
                         net (fo=1, routed)           0.000     7.423    u_adc_fir/m_axis_tdata[15]_INST_0_i_53_n_0
    SLICE_X39Y68         CARRY4 (Prop_carry4_S[1]_CO[3])
                                                      0.457     7.880 r  u_adc_fir/m_axis_tdata[15]_INST_0_i_31/CO[3]
                         net (fo=1, routed)           0.000     7.880    u_adc_fir/m_axis_tdata[15]_INST_0_i_31_n_0
    SLICE_X39Y69         CARRY4 (Prop_carry4_CI_CO[3])
                                                      0.098     7.978 r  u_adc_fir/m_axis_tdata[15]_INST_0_i_15/CO[3]
                         net (fo=1, routed)           0.000     7.978    u_adc_fir/m_axis_tdata[15]_INST_0_i_15_n_0
    SLICE_X39Y70         CARRY4 (Prop_carry4_CI_CO[2])
                                                      0.190     8.168 r  u_adc_fir/m_axis_tdata[15]_INST_0_i_4/CO[2]
                         net (fo=16, routed)          0.636     8.804    u_adc_fir/q17_to_s1610_in
    SLICE_X40Y66         LUT5 (Prop_lut5_I0_O)        0.261     9.065 r  u_adc_fir/m_axis_tdata[11]_INST_0/O
                         net (fo=3, routed)           1.802    10.868    u_system/system_i/axis_data_fifo_0/inst/gen_fifo.xpm_fifo_axis_inst/xpm_fifo_base_inst/gen_sdpram.xpm_memory_base_inst/dina[11]
    RAMB36_X3Y2          RAMB36E1                                     r  u_system/system_i/axis_data_fifo_0/inst/gen_fifo.xpm_fifo_axis_inst/xpm_fifo_base_inst/gen_sdpram.xpm_memory_base_inst/gen_wr_a.gen_word_narrow.mem_reg_1/DIADI[2]
  -------------------------------------------------------------------    -------------------

                         (clock clk_fpga_0 rise edge)
                                                     10.000    10.000 r  
    PS7_X0Y0             PS7                          0.000    10.000 r  u_system/system_i/processing_system7_0/inst/PS7_i/FCLKCLK[0]
                         net (fo=1, routed)           0.905    10.906    u_system/system_i/processing_system7_0/inst/FCLK_CLK_unbuffered[0]
    BUFGCTRL_X0Y16       BUFG (Prop_bufg_I_O)         0.077    10.983 r  u_system/system_i/processing_system7_0/inst/buffer_fclk_clk_0.FCLK_CLK_0_BUFG/O
                         net (fo=15967, routed)       1.335    12.318    u_system/system_i/axis_data_fifo_0/inst/gen_fifo.xpm_fifo_axis_inst/xpm_fifo_base_inst/gen_sdpram.xpm_memory_base_inst/clka
    RAMB36_X3Y2          RAMB36E1                                     r  u_system/system_i/axis_data_fifo_0/inst/gen_fifo.xpm_fifo_axis_inst/xpm_fifo_base_inst/gen_sdpram.xpm_memory_base_inst/gen_wr_a.gen_word_narrow.mem_reg_1/CLKARDCLK
                         clock pessimism              0.097    12.414    
                         clock uncertainty           -0.154    12.260    
    RAMB36_X3Y2          RAMB36E1 (Setup_ramb36e1_CLKARDCLK_DIADI[2])
                                                     -0.641    11.619    u_system/system_i/axis_data_fifo_0/inst/gen_fifo.xpm_fifo_axis_inst/xpm_fifo_base_inst/gen_sdpram.xpm_memory_base_inst/gen_wr_a.gen_word_narrow.mem_reg_1
  -------------------------------------------------------------------
                         required time                         11.619    
                         arrival time                         -10.868    
  -------------------------------------------------------------------
                         slack                                  0.752    





Min Delay Paths
--------------------------------------------------------------------------------------
Slack (MET) :             0.036ns  (arrival time - required time)
  Source:                 u_system/system_i/smartconnect_0/inst/switchboards/ar_switchboard/inst/gen_mi[0].inst_opipe_payld/gen_pipe[1].pipe_reg[1][126]/C
                            (rising edge-triggered cell FDRE clocked by clk_fpga_0  {rise@0.000ns fall@5.000ns period=10.000ns})
  Destination:            u_system/system_i/smartconnect_0/inst/m00_nodes/m00_ar_node/inst/inst_mi_handler/gen_normal_area.inst_fifo_node_payld/gen_xpm_memory_fifo.inst_fifo/gen_mem_rep[0].inst_xpm_memory/xpm_memory_base_inst/gen_wr_a.gen_word_narrow.mem_reg_0_31_126_131/RAMA/I
                            (rising edge-triggered cell RAMD32 clocked by clk_fpga_0  {rise@0.000ns fall@5.000ns period=10.000ns})
  Path Group:             clk_fpga_0
  Path Type:              Hold (Min at Fast Process Corner)
  Requirement:            0.000ns  (clk_fpga_0 rise@0.000ns - clk_fpga_0 rise@0.000ns)
  Data Path Delay:        0.196ns  (logic 0.141ns (71.838%)  route 0.055ns (28.162%))
  Logic Levels:           0  
  Clock Path Skew:        0.013ns (DCD - SCD - CPR)
    Destination Clock Delay (DCD):    1.231ns
    Source Clock Delay      (SCD):    0.932ns
    Clock Pessimism Removal (CPR):    0.286ns

    Location             Delay type                Incr(ns)  Path(ns)    Netlist Resource(s)
  -------------------------------------------------------------------    -------------------
                         (clock clk_fpga_0 rise edge)
                                                      0.000     0.000 r  
    PS7_X0Y0             PS7                          0.000     0.000 r  u_system/system_i/processing_system7_0/inst/PS7_i/FCLKCLK[0]
                         net (fo=1, routed)           0.310     0.310    u_system/system_i/processing_system7_0/inst/FCLK_CLK_unbuffered[0]
    BUFGCTRL_X0Y16       BUFG (Prop_bufg_I_O)         0.026     0.336 r  u_system/system_i/processing_system7_0/inst/buffer_fclk_clk_0.FCLK_CLK_0_BUFG/O
                         net (fo=15967, routed)       0.596     0.932    u_system/system_i/smartconnect_0/inst/switchboards/ar_switchboard/inst/gen_mi[0].inst_opipe_payld/aclk
    SLICE_X15Y46         FDRE                                         r  u_system/system_i/smartconnect_0/inst/switchboards/ar_switchboard/inst/gen_mi[0].inst_opipe_payld/gen_pipe[1].pipe_reg[1][126]/C
  -------------------------------------------------------------------    -------------------
    SLICE_X15Y46         FDRE (Prop_fdre_C_Q)         0.141     1.072 r  u_system/system_i/smartconnect_0/inst/switchboards/ar_switchboard/inst/gen_mi[0].inst_opipe_payld/gen_pipe[1].pipe_reg[1][126]/Q
                         net (fo=1, routed)           0.055     1.128    u_system/system_i/smartconnect_0/inst/m00_nodes/m00_ar_node/inst/inst_mi_handler/gen_normal_area.inst_fifo_node_payld/gen_xpm_memory_fifo.inst_fifo/gen_mem_rep[0].inst_xpm_memory/xpm_memory_base_inst/gen_wr_a.gen_word_narrow.mem_reg_0_31_126_131/DIA0
    SLICE_X14Y46         RAMD32                                       r  u_system/system_i/smartconnect_0/inst/m00_nodes/m00_ar_node/inst/inst_mi_handler/gen_normal_area.inst_fifo_node_payld/gen_xpm_memory_fifo.inst_fifo/gen_mem_rep[0].inst_xpm_memory/xpm_memory_base_inst/gen_wr_a.gen_word_narrow.mem_reg_0_31_126_131/RAMA/I
  -------------------------------------------------------------------    -------------------

                         (clock clk_fpga_0 rise edge)
                                                      0.000     0.000 r  
    PS7_X0Y0             PS7                          0.000     0.000 r  u_system/system_i/processing_system7_0/inst/PS7_i/FCLKCLK[0]
                         net (fo=1, routed)           0.337     0.337    u_system/system_i/processing_system7_0/inst/FCLK_CLK_unbuffered[0]
    BUFGCTRL_X0Y16       BUFG (Prop_bufg_I_O)         0.029     0.366 r  u_system/system_i/processing_system7_0/inst/buffer_fclk_clk_0.FCLK_CLK_0_BUFG/O
                         net (fo=15967, routed)       0.865     1.231    u_system/system_i/smartconnect_0/inst/m00_nodes/m00_ar_node/inst/inst_mi_handler/gen_normal_area.inst_fifo_node_payld/gen_xpm_memory_fifo.inst_fifo/gen_mem_rep[0].inst_xpm_memory/xpm_memory_base_inst/gen_wr_a.gen_word_narrow.mem_reg_0_31_126_131/WCLK
    SLICE_X14Y46         RAMD32                                       r  u_system/system_i/smartconnect_0/inst/m00_nodes/m00_ar_node/inst/inst_mi_handler/gen_normal_area.inst_fifo_node_payld/gen_xpm_memory_fifo.inst_fifo/gen_mem_rep[0].inst_xpm_memory/xpm_memory_base_inst/gen_wr_a.gen_word_narrow.mem_reg_0_31_126_131/RAMA/CLK
                         clock pessimism             -0.286     0.944    
    SLICE_X14Y46         RAMD32 (Hold_ramd32_CLK_I)
                                                      0.147     1.091    u_system/system_i/smartconnect_0/inst/m00_nodes/m00_ar_node/inst/inst_mi_handler/gen_normal_area.inst_fifo_node_payld/gen_xpm_memory_fifo.inst_fifo/gen_mem_rep[0].inst_xpm_memory/xpm_memory_base_inst/gen_wr_a.gen_word_narrow.mem_reg_0_31_126_131/RAMA
  -------------------------------------------------------------------
                         required time                         -1.092    
                         arrival time                           1.128    
  -------------------------------------------------------------------
                         slack                                  0.036    





Pulse Width Checks
--------------------------------------------------------------------------------------
Clock Name:         clk_fpga_0
Waveform(ns):       { 0.000 5.000 }
Period(ns):         10.000
Sources:            { u_system/system_i/processing_system7_0/inst/PS7_i/FCLKCLK[0] }

Check Type        Corner  Lib Pin             Reference Pin  Required(ns)  Actual(ns)  Slack(ns)  Location      Pin
Min Period        n/a     RAMB36E1/CLKARDCLK  n/a            2.472         10.000      7.528      RAMB36_X3Y7   <hidden>
Low Pulse Width   Slow    RAMD64E/CLK         n/a            1.130         5.000       3.870      SLICE_X38Y61  <hidden>
High Pulse Width  Slow    RAMD32/CLK          n/a            1.130         5.000       3.870      SLICE_X12Y27  u_system/system_i/smartconnect_0/inst/s00_nodes/s00_aw_node/inst/inst_mi_handler/gen_normal_area.inst_fifo_node_payld/gen_xpm_memory_fifo.inst_fifo/gen_mem_rep[0].inst_xpm_memory/xpm_memory_base_inst/gen_wr_a.gen_word_narrow.mem_reg_0_31_138_140/RAMA_D1/CLK



---------------------------------------------------------------------------------------------------
From Clock:  dbg_hub/inst/BSCANID.u_xsdbm_id/SWITCH_N_EXT_BSCAN.bscan_inst/SERIES7_BSCAN.bscan_inst/TCK
  To Clock:  dbg_hub/inst/BSCANID.u_xsdbm_id/SWITCH_N_EXT_BSCAN.bscan_inst/SERIES7_BSCAN.bscan_inst/TCK

Setup :            0  Failing Endpoints,  Worst Slack       27.710ns,  Total Violation        0.000ns
Hold  :            0  Failing Endpoints,  Worst Slack        0.104ns,  Total Violation        0.000ns
PW    :            0  Failing Endpoints,  Worst Slack       15.370ns,  Total Violation        0.000ns
---------------------------------------------------------------------------------------------------


Max Delay Paths
--------------------------------------------------------------------------------------
Slack (MET) :             27.710ns  (required time - arrival time)
  Source:                 dbg_hub/inst/BSCANID.u_xsdbm_id/SWITCH_N_EXT_BSCAN.bscan_switch/state_reg[1]/C
                            (rising edge-triggered cell FDRE clocked by dbg_hub/inst/BSCANID.u_xsdbm_id/SWITCH_N_EXT_BSCAN.bscan_inst/SERIES7_BSCAN.bscan_inst/TCK  {rise@0.000ns fall@16.500ns period=33.000ns})
  Destination:            dbg_hub/inst/BSCANID.u_xsdbm_id/SWITCH_N_EXT_BSCAN.bscan_switch/portno_temp_reg[3]/D
                            (rising edge-triggered cell FDRE clocked by dbg_hub/inst/BSCANID.u_xsdbm_id/SWITCH_N_EXT_BSCAN.bscan_inst/SERIES7_BSCAN.bscan_inst/TCK  {rise@0.000ns fall@16.500ns period=33.000ns})
  Path Group:             dbg_hub/inst/BSCANID.u_xsdbm_id/SWITCH_N_EXT_BSCAN.bscan_inst/SERIES7_BSCAN.bscan_inst/TCK
  Path Type:              Setup (Max at Slow Process Corner)
  Requirement:            33.000ns  (dbg_hub/inst/BSCANID.u_xsdbm_id/SWITCH_N_EXT_BSCAN.bscan_inst/SERIES7_BSCAN.bscan_inst/TCK rise@33.000ns - dbg_hub/inst/BSCANID.u_xsdbm_id/SWITCH_N_EXT_BSCAN.bscan_inst/SERIES7_BSCAN.bscan_inst/TCK rise@0.000ns)
  Data Path Delay:        5.268ns  (logic 1.690ns (32.079%)  route 3.578ns (67.921%))
  Logic Levels:           6  (CARRY4=2 LUT3=1 LUT4=1 LUT5=1 LUT6=1)
  Clock Path Skew:        -0.060ns (DCD - SCD + CPR)
    Destination Clock Delay (DCD):    3.079ns = ( 36.079 - 33.000 ) 
    Source Clock Delay      (SCD):    3.505ns
    Clock Pessimism Removal (CPR):    0.366ns
  Clock Uncertainty:      0.035ns  ((TSJ^2 + TIJ^2)^1/2 + DJ) / 2 + PE
    Total System Jitter     (TSJ):    0.071ns
    Total Input Jitter      (TIJ):    0.000ns
    Discrete Jitter          (DJ):    0.000ns
    Phase Error              (PE):    0.000ns

    Location             Delay type                Incr(ns)  Path(ns)    Netlist Resource(s)
  -------------------------------------------------------------------    -------------------
                         (clock dbg_hub/inst/BSCANID.u_xsdbm_id/SWITCH_N_EXT_BSCAN.bscan_inst/SERIES7_BSCAN.bscan_inst/TCK rise edge)
                                                      0.000     0.000 r  
    BSCAN_X0Y0           BSCANE2                      0.000     0.000 r  dbg_hub/inst/BSCANID.u_xsdbm_id/SWITCH_N_EXT_BSCAN.bscan_inst/SERIES7_BSCAN.bscan_inst/TCK
                         net (fo=1, routed)           1.925     1.925    dbg_hub/inst/BSCANID.u_xsdbm_id/tck_bs
    BUFGCTRL_X0Y0        BUFG (Prop_bufg_I_O)         0.085     2.010 r  dbg_hub/inst/BSCANID.u_xsdbm_id/SWITCH_N_EXT_BSCAN.u_bufg_icon_tck/O
                         net (fo=482, routed)         1.495     3.505    dbg_hub/inst/BSCANID.u_xsdbm_id/SWITCH_N_EXT_BSCAN.bscan_switch/s_bscan_tck
    SLICE_X94Y79         FDRE                                         r  dbg_hub/inst/BSCANID.u_xsdbm_id/SWITCH_N_EXT_BSCAN.bscan_switch/state_reg[1]/C
  -------------------------------------------------------------------    -------------------
    SLICE_X94Y79         FDRE (Prop_fdre_C_Q)         0.398     3.903 r  dbg_hub/inst/BSCANID.u_xsdbm_id/SWITCH_N_EXT_BSCAN.bscan_switch/state_reg[1]/Q
                         net (fo=50, routed)          1.248     5.151    dbg_hub/inst/BSCANID.u_xsdbm_id/SWITCH_N_EXT_BSCAN.bscan_switch/state[1]
    SLICE_X99Y77         LUT4 (Prop_lut4_I3_O)        0.252     5.403 r  dbg_hub/inst/BSCANID.u_xsdbm_id/SWITCH_N_EXT_BSCAN.bscan_switch/curid_inferred_i_19/O
                         net (fo=2, routed)           0.675     6.078    dbg_hub/inst/BSCANID.u_xsdbm_id/SWITCH_N_EXT_BSCAN.bscan_switch/curid[13]
    SLICE_X99Y78         LUT6 (Prop_lut6_I1_O)        0.275     6.353 r  dbg_hub/inst/BSCANID.u_xsdbm_id/SWITCH_N_EXT_BSCAN.bscan_switch/state_temp[0]_i_11/O
                         net (fo=1, routed)           0.000     6.353    dbg_hub/inst/BSCANID.u_xsdbm_id/SWITCH_N_EXT_BSCAN.bscan_switch/state_temp[0]_i_11_n_0
    SLICE_X99Y78         CARRY4 (Prop_carry4_S[1]_CO[3])
                                                      0.457     6.810 r  dbg_hub/inst/BSCANID.u_xsdbm_id/SWITCH_N_EXT_BSCAN.bscan_switch/state_temp_reg[0]_i_4/CO[3]
                         net (fo=1, routed)           0.000     6.810    dbg_hub/inst/BSCANID.u_xsdbm_id/SWITCH_N_EXT_BSCAN.bscan_switch/state_temp_reg[0]_i_4_n_0
    SLICE_X99Y79         CARRY4 (Prop_carry4_CI_CO[3])
                                                      0.098     6.908 f  dbg_hub/inst/BSCANID.u_xsdbm_id/SWITCH_N_EXT_BSCAN.bscan_switch/state_temp_reg[0]_i_3/CO[3]
                         net (fo=4, routed)           0.527     7.435    dbg_hub/inst/BSCANID.u_xsdbm_id/SWITCH_N_EXT_BSCAN.bscan_switch/state_temp_reg[0]_i_3_n_0
    SLICE_X94Y79         LUT5 (Prop_lut5_I1_O)        0.105     7.540 r  dbg_hub/inst/BSCANID.u_xsdbm_id/SWITCH_N_EXT_BSCAN.bscan_switch/portno_temp[5]_i_2/O
                         net (fo=7, routed)           1.128     8.668    dbg_hub/inst/BSCANID.u_xsdbm_id/SWITCH_N_EXT_BSCAN.bscan_switch/portno_temp[5]_i_2_n_0
    SLICE_X92Y81         LUT3 (Prop_lut3_I1_O)        0.105     8.773 r  dbg_hub/inst/BSCANID.u_xsdbm_id/SWITCH_N_EXT_BSCAN.bscan_switch/portno_temp[3]_i_1/O
                         net (fo=1, routed)           0.000     8.773    dbg_hub/inst/BSCANID.u_xsdbm_id/SWITCH_N_EXT_BSCAN.bscan_switch/portno_temp[3]_i_1_n_0
    SLICE_X92Y81         FDRE                                         r  dbg_hub/inst/BSCANID.u_xsdbm_id/SWITCH_N_EXT_BSCAN.bscan_switch/portno_temp_reg[3]/D
  -------------------------------------------------------------------    -------------------

                         (clock dbg_hub/inst/BSCANID.u_xsdbm_id/SWITCH_N_EXT_BSCAN.bscan_inst/SERIES7_BSCAN.bscan_inst/TCK rise edge)
                                                     33.000    33.000 r  
    BSCAN_X0Y0           BSCANE2                      0.000    33.000 r  dbg_hub/inst/BSCANID.u_xsdbm_id/SWITCH_N_EXT_BSCAN.bscan_inst/SERIES7_BSCAN.bscan_inst/TCK
                         net (fo=1, routed)           1.663    34.663    dbg_hub/inst/BSCANID.u_xsdbm_id/tck_bs
    BUFGCTRL_X0Y0        BUFG (Prop_bufg_I_O)         0.077    34.740 r  dbg_hub/inst/BSCANID.u_xsdbm_id/SWITCH_N_EXT_BSCAN.u_bufg_icon_tck/O
                         net (fo=482, routed)         1.339    36.079    dbg_hub/inst/BSCANID.u_xsdbm_id/SWITCH_N_EXT_BSCAN.bscan_switch/s_bscan_tck
    SLICE_X92Y81         FDRE                                         r  dbg_hub/inst/BSCANID.u_xsdbm_id/SWITCH_N_EXT_BSCAN.bscan_switch/portno_temp_reg[3]/C
                         clock pessimism              0.366    36.445    
                         clock uncertainty           -0.035    36.410    
    SLICE_X92Y81         FDRE (Setup_fdre_C_D)        0.074    36.484    dbg_hub/inst/BSCANID.u_xsdbm_id/SWITCH_N_EXT_BSCAN.bscan_switch/portno_temp_reg[3]
  -------------------------------------------------------------------
                         required time                         36.484    
                         arrival time                          -8.773    
  -------------------------------------------------------------------
                         slack                                 27.710    





Min Delay Paths
--------------------------------------------------------------------------------------
Slack (MET) :             0.104ns  (arrival time - required time)
  Source:                 dbg_hub/inst/BSCANID.u_xsdbm_id/CORE_XSDB.UUT_MASTER/U_ICON_INTERFACE/U_CMD6_WR/shift_reg_in_reg[3]/C
                            (rising edge-triggered cell FDCE clocked by dbg_hub/inst/BSCANID.u_xsdbm_id/SWITCH_N_EXT_BSCAN.bscan_inst/SERIES7_BSCAN.bscan_inst/TCK  {rise@0.000ns fall@16.500ns period=33.000ns})
  Destination:            dbg_hub/inst/BSCANID.u_xsdbm_id/CORE_XSDB.UUT_MASTER/U_ICON_INTERFACE/U_CMD6_WR/U_WR_FIFO/SUBCORE_FIFO.xsdbm_v3_0_0_wrfifo_inst/inst_fifo_gen/gconvfifo.rf/grf.rf/gntv_or_sync_fifo.mem/gdm.dm_gen.dm/RAM_reg_0_15_0_5/RAMB/I
                            (rising edge-triggered cell RAMD32 clocked by dbg_hub/inst/BSCANID.u_xsdbm_id/SWITCH_N_EXT_BSCAN.bscan_inst/SERIES7_BSCAN.bscan_inst/TCK  {rise@0.000ns fall@16.500ns period=33.000ns})
  Path Group:             dbg_hub/inst/BSCANID.u_xsdbm_id/SWITCH_N_EXT_BSCAN.bscan_inst/SERIES7_BSCAN.bscan_inst/TCK
  Path Type:              Hold (Min at Fast Process Corner)
  Requirement:            0.000ns  (dbg_hub/inst/BSCANID.u_xsdbm_id/SWITCH_N_EXT_BSCAN.bscan_inst/SERIES7_BSCAN.bscan_inst/TCK rise@0.000ns - dbg_hub/inst/BSCANID.u_xsdbm_id/SWITCH_N_EXT_BSCAN.bscan_inst/SERIES7_BSCAN.bscan_inst/TCK rise@0.000ns)
  Data Path Delay:        0.263ns  (logic 0.141ns (53.591%)  route 0.122ns (46.409%))
  Logic Levels:           0  
  Clock Path Skew:        0.013ns (DCD - SCD - CPR)
    Destination Clock Delay (DCD):    2.002ns
    Source Clock Delay      (SCD):    1.600ns
    Clock Pessimism Removal (CPR):    0.389ns

    Location             Delay type                Incr(ns)  Path(ns)    Netlist Resource(s)
  -------------------------------------------------------------------    -------------------
                         (clock dbg_hub/inst/BSCANID.u_xsdbm_id/SWITCH_N_EXT_BSCAN.bscan_inst/SERIES7_BSCAN.bscan_inst/TCK rise edge)
                                                      0.000     0.000 r  
    BSCAN_X0Y0           BSCANE2                      0.000     0.000 r  dbg_hub/inst/BSCANID.u_xsdbm_id/SWITCH_N_EXT_BSCAN.bscan_inst/SERIES7_BSCAN.bscan_inst/TCK
                         net (fo=1, routed)           0.998     0.998    dbg_hub/inst/BSCANID.u_xsdbm_id/tck_bs
    BUFGCTRL_X0Y0        BUFG (Prop_bufg_I_O)         0.026     1.024 r  dbg_hub/inst/BSCANID.u_xsdbm_id/SWITCH_N_EXT_BSCAN.u_bufg_icon_tck/O
                         net (fo=482, routed)         0.576     1.600    dbg_hub/inst/BSCANID.u_xsdbm_id/CORE_XSDB.UUT_MASTER/U_ICON_INTERFACE/U_CMD6_WR/m_bscan_tck[0]
    SLICE_X67Y66         FDCE                                         r  dbg_hub/inst/BSCANID.u_xsdbm_id/CORE_XSDB.UUT_MASTER/U_ICON_INTERFACE/U_CMD6_WR/shift_reg_in_reg[3]/C
  -------------------------------------------------------------------    -------------------
    SLICE_X67Y66         FDCE (Prop_fdce_C_Q)         0.141     1.741 r  dbg_hub/inst/BSCANID.u_xsdbm_id/CORE_XSDB.UUT_MASTER/U_ICON_INTERFACE/U_CMD6_WR/shift_reg_in_reg[3]/Q
                         net (fo=2, routed)           0.122     1.863    dbg_hub/inst/BSCANID.u_xsdbm_id/CORE_XSDB.UUT_MASTER/U_ICON_INTERFACE/U_CMD6_WR/U_WR_FIFO/SUBCORE_FIFO.xsdbm_v3_0_0_wrfifo_inst/inst_fifo_gen/gconvfifo.rf/grf.rf/gntv_or_sync_fifo.mem/gdm.dm_gen.dm/RAM_reg_0_15_0_5/DIB0
    SLICE_X66Y66         RAMD32                                       r  dbg_hub/inst/BSCANID.u_xsdbm_id/CORE_XSDB.UUT_MASTER/U_ICON_INTERFACE/U_CMD6_WR/U_WR_FIFO/SUBCORE_FIFO.xsdbm_v3_0_0_wrfifo_inst/inst_fifo_gen/gconvfifo.rf/grf.rf/gntv_or_sync_fifo.mem/gdm.dm_gen.dm/RAM_reg_0_15_0_5/RAMB/I
  -------------------------------------------------------------------    -------------------

                         (clock dbg_hub/inst/BSCANID.u_xsdbm_id/SWITCH_N_EXT_BSCAN.bscan_inst/SERIES7_BSCAN.bscan_inst/TCK rise edge)
                                                      0.000     0.000 r  
    BSCAN_X0Y0           BSCANE2                      0.000     0.000 r  dbg_hub/inst/BSCANID.u_xsdbm_id/SWITCH_N_EXT_BSCAN.bscan_inst/SERIES7_BSCAN.bscan_inst/TCK
                         net (fo=1, routed)           1.130     1.130    dbg_hub/inst/BSCANID.u_xsdbm_id/tck_bs
    BUFGCTRL_X0Y0        BUFG (Prop_bufg_I_O)         0.029     1.159 r  dbg_hub/inst/BSCANID.u_xsdbm_id/SWITCH_N_EXT_BSCAN.u_bufg_icon_tck/O
                         net (fo=482, routed)         0.843     2.002    dbg_hub/inst/BSCANID.u_xsdbm_id/CORE_XSDB.UUT_MASTER/U_ICON_INTERFACE/U_CMD6_WR/U_WR_FIFO/SUBCORE_FIFO.xsdbm_v3_0_0_wrfifo_inst/inst_fifo_gen/gconvfifo.rf/grf.rf/gntv_or_sync_fifo.mem/gdm.dm_gen.dm/RAM_reg_0_15_0_5/WCLK
    SLICE_X66Y66         RAMD32                                       r  dbg_hub/inst/BSCANID.u_xsdbm_id/CORE_XSDB.UUT_MASTER/U_ICON_INTERFACE/U_CMD6_WR/U_WR_FIFO/SUBCORE_FIFO.xsdbm_v3_0_0_wrfifo_inst/inst_fifo_gen/gconvfifo.rf/grf.rf/gntv_or_sync_fifo.mem/gdm.dm_gen.dm/RAM_reg_0_15_0_5/RAMB/CLK
                         clock pessimism             -0.389     1.613    
    SLICE_X66Y66         RAMD32 (Hold_ramd32_CLK_I)
                                                      0.146     1.759    dbg_hub/inst/BSCANID.u_xsdbm_id/CORE_XSDB.UUT_MASTER/U_ICON_INTERFACE/U_CMD6_WR/U_WR_FIFO/SUBCORE_FIFO.xsdbm_v3_0_0_wrfifo_inst/inst_fifo_gen/gconvfifo.rf/grf.rf/gntv_or_sync_fifo.mem/gdm.dm_gen.dm/RAM_reg_0_15_0_5/RAMB
  -------------------------------------------------------------------
                         required time                         -1.759    
                         arrival time                           1.863    
  -------------------------------------------------------------------
                         slack                                  0.104    





Pulse Width Checks
--------------------------------------------------------------------------------------
Clock Name:         dbg_hub/inst/BSCANID.u_xsdbm_id/SWITCH_N_EXT_BSCAN.bscan_inst/SERIES7_BSCAN.bscan_inst/TCK
Waveform(ns):       { 0.000 16.500 }
Period(ns):         33.000
Sources:            { dbg_hub/inst/BSCANID.u_xsdbm_id/SWITCH_N_EXT_BSCAN.bscan_inst/SERIES7_BSCAN.bscan_inst/TCK }

Check Type        Corner  Lib Pin     Reference Pin  Required(ns)  Actual(ns)  Slack(ns)  Location       Pin
Min Period        n/a     BUFG/I      n/a            1.592         33.000      31.408     BUFGCTRL_X0Y0  dbg_hub/inst/BSCANID.u_xsdbm_id/SWITCH_N_EXT_BSCAN.u_bufg_icon_tck/I
Low Pulse Width   Fast    RAMD32/CLK  n/a            1.130         16.500      15.370     SLICE_X66Y66   dbg_hub/inst/BSCANID.u_xsdbm_id/CORE_XSDB.UUT_MASTER/U_ICON_INTERFACE/U_CMD6_WR/U_WR_FIFO/SUBCORE_FIFO.xsdbm_v3_0_0_wrfifo_inst/inst_fifo_gen/gconvfifo.rf/grf.rf/gntv_or_sync_fifo.mem/gdm.dm_gen.dm/RAM_reg_0_15_0_5/RAMA/CLK
High Pulse Width  Slow    RAMD32/CLK  n/a            1.130         16.500      15.370     SLICE_X66Y66   dbg_hub/inst/BSCANID.u_xsdbm_id/CORE_XSDB.UUT_MASTER/U_ICON_INTERFACE/U_CMD6_WR/U_WR_FIFO/SUBCORE_FIFO.xsdbm_v3_0_0_wrfifo_inst/inst_fifo_gen/gconvfifo.rf/grf.rf/gntv_or_sync_fifo.mem/gdm.dm_gen.dm/RAM_reg_0_15_0_5/RAMA/CLK



---------------------------------------------------------------------------------------------------
From Clock:  i_clk_50m
  To Clock:  i_clk_50m

Setup :           NA  Failing Endpoints,  Worst Slack           NA  ,  Total Violation           NA
Hold  :           NA  Failing Endpoints,  Worst Slack           NA  ,  Total Violation           NA
PW    :            0  Failing Endpoints,  Worst Slack        7.000ns,  Total Violation        0.000ns
---------------------------------------------------------------------------------------------------


Pulse Width Checks
--------------------------------------------------------------------------------------
Clock Name:         i_clk_50m
Waveform(ns):       { 0.000 10.000 }
Period(ns):         20.000
Sources:            { i_clk_50m }

Check Type        Corner  Lib Pin            Reference Pin  Required(ns)  Actual(ns)  Slack(ns)  Location         Pin
Min Period        n/a     MMCME2_ADV/CLKIN1  n/a            1.249         20.000      18.751     MMCME2_ADV_X1Y1  u_h_top/ad_clk/inst/mmcm_adv_inst/CLKIN1
Max Period        n/a     MMCME2_ADV/CLKIN1  n/a            100.000       20.000      80.000     MMCME2_ADV_X1Y1  u_h_top/ad_clk/inst/mmcm_adv_inst/CLKIN1
Low Pulse Width   Slow    MMCME2_ADV/CLKIN1  n/a            3.000         10.000      7.000      MMCME2_ADV_X1Y1  u_h_top/ad_clk/inst/mmcm_adv_inst/CLKIN1
High Pulse Width  Slow    MMCME2_ADV/CLKIN1  n/a            3.000         10.000      7.000      MMCME2_ADV_X1Y1  u_h_top/ad_clk/inst/mmcm_adv_inst/CLKIN1



---------------------------------------------------------------------------------------------------
From Clock:  clk_pll_ad_PLL_AD
  To Clock:  clk_pll_ad_PLL_AD

Setup :            0  Failing Endpoints,  Worst Slack      193.520ns,  Total Violation        0.000ns
Hold  :            0  Failing Endpoints,  Worst Slack        0.130ns,  Total Violation        0.000ns
PW    :            0  Failing Endpoints,  Worst Slack       18.050ns,  Total Violation        0.000ns
---------------------------------------------------------------------------------------------------


Max Delay Paths
--------------------------------------------------------------------------------------
Slack (MET) :             193.520ns  (required time - arrival time)
  Source:                 u_h_top/ad_clk/inst/seq_reg1_reg[7]/C
                            (rising edge-triggered cell FDCE clocked by clk_pll_ad_PLL_AD  {rise@0.000ns fall@97.655ns period=195.310ns})
  Destination:            u_h_top/ad_clk/inst/clkout1_buf/CE0
                            (rising edge-triggered cell BUFGCTRL clocked by clk_pll_ad_PLL_AD  {rise@0.000ns fall@97.655ns period=195.310ns})
  Path Group:             clk_pll_ad_PLL_AD
  Path Type:              Setup (Max at Slow Process Corner)
  Requirement:            195.310ns  (clk_pll_ad_PLL_AD rise@195.310ns - clk_pll_ad_PLL_AD rise@0.000ns)
  Data Path Delay:        0.711ns  (logic 0.379ns (53.318%)  route 0.332ns (46.682%))
  Logic Levels:           0  
  Clock Path Skew:        -0.563ns (DCD - SCD + CPR)
    Destination Clock Delay (DCD):    -2.420ns = ( 192.890 - 195.310 ) 
    Source Clock Delay      (SCD):    -1.690ns
    Clock Pessimism Removal (CPR):    0.167ns
  Clock Uncertainty:      0.379ns  ((TSJ^2 + DJ^2)^1/2) / 2 + PE
    Total System Jitter     (TSJ):    0.071ns
    Discrete Jitter          (DJ):    0.754ns
    Phase Error              (PE):    0.000ns

    Location             Delay type                Incr(ns)  Path(ns)    Netlist Resource(s)
  -------------------------------------------------------------------    -------------------
                         (clock clk_pll_ad_PLL_AD rise edge)
                                                      0.000     0.000 r  
    U18                                               0.000     0.000 r  i_clk_50m (IN)
                         net (fo=0)                   0.000     0.000    u_h_top/ad_clk/inst/clk_sys
    U18                  IBUF (Prop_ibuf_I_O)         1.429     1.429 r  u_h_top/ad_clk/inst/clkin1_ibufg/O
                         net (fo=1, routed)           1.110     2.539    u_h_top/ad_clk/inst/clk_sys_PLL_AD
    MMCME2_ADV_X1Y1      MMCME2_ADV (Prop_mmcme2_adv_CLKIN1_CLKOUT0)
                                                     -6.247    -3.708 r  u_h_top/ad_clk/inst/mmcm_adv_inst/CLKOUT0
                         net (fo=2, routed)           1.222    -2.486    u_h_top/ad_clk/inst/clk_pll_ad_PLL_AD
    BUFHCE_X0Y12         BUFH (Prop_bufh_I_O)         0.110    -2.376 r  u_h_top/ad_clk/inst/clkout1_buf_en/O
                         net (fo=8, routed)           0.686    -1.690    u_h_top/ad_clk/inst/clk_pll_ad_PLL_AD_en_clk
    SLICE_X48Y50         FDCE                                         r  u_h_top/ad_clk/inst/seq_reg1_reg[7]/C
  -------------------------------------------------------------------    -------------------
    SLICE_X48Y50         FDCE (Prop_fdce_C_Q)         0.379    -1.311 r  u_h_top/ad_clk/inst/seq_reg1_reg[7]/Q
                         net (fo=1, routed)           0.332    -0.979    u_h_top/ad_clk/inst/seq_reg1[7]
    BUFGCTRL_X0Y17       BUFGCTRL                                     r  u_h_top/ad_clk/inst/clkout1_buf/CE0
  -------------------------------------------------------------------    -------------------

                         (clock clk_pll_ad_PLL_AD rise edge)
                                                    195.310   195.310 r  
    U18                                               0.000   195.310 r  i_clk_50m (IN)
                         net (fo=0)                   0.000   195.310    u_h_top/ad_clk/inst/clk_sys
    U18                  IBUF (Prop_ibuf_I_O)         1.363   196.674 r  u_h_top/ad_clk/inst/clkin1_ibufg/O
                         net (fo=1, routed)           1.004   197.677    u_h_top/ad_clk/inst/clk_sys_PLL_AD
    MMCME2_ADV_X1Y1      MMCME2_ADV (Prop_mmcme2_adv_CLKIN1_CLKOUT0)
                                                     -6.242   191.436 r  u_h_top/ad_clk/inst/mmcm_adv_inst/CLKOUT0
                         net (fo=2, routed)           1.454   192.890    u_h_top/ad_clk/inst/clk_pll_ad_PLL_AD
    BUFGCTRL_X0Y17       BUFGCTRL                                     r  u_h_top/ad_clk/inst/clkout1_buf/I0
                         clock pessimism              0.167   193.057    
                         clock uncertainty           -0.379   192.678    
    BUFGCTRL_X0Y17       BUFGCTRL (Setup_bufgctrl_I0_CE0)
                                                     -0.137   192.541    u_h_top/ad_clk/inst/clkout1_buf
  -------------------------------------------------------------------
                         required time                        192.541    
                         arrival time                           0.979    
  -------------------------------------------------------------------
                         slack                                193.520    





Min Delay Paths
--------------------------------------------------------------------------------------
Slack (MET) :             0.130ns  (arrival time - required time)
  Source:                 u_h_top/ad_clk/inst/seq_reg1_reg[0]/C
                            (rising edge-triggered cell FDCE clocked by clk_pll_ad_PLL_AD  {rise@0.000ns fall@97.655ns period=195.310ns})
  Destination:            u_h_top/ad_clk/inst/seq_reg1_reg[1]/D
                            (rising edge-triggered cell FDCE clocked by clk_pll_ad_PLL_AD  {rise@0.000ns fall@97.655ns period=195.310ns})
  Path Group:             clk_pll_ad_PLL_AD
  Path Type:              Hold (Min at Fast Process Corner)
  Requirement:            0.000ns  (clk_pll_ad_PLL_AD rise@0.000ns - clk_pll_ad_PLL_AD rise@0.000ns)
  Data Path Delay:        0.205ns  (logic 0.141ns (68.843%)  route 0.064ns (31.157%))
  Logic Levels:           0  
  Clock Path Skew:        0.000ns (DCD - SCD - CPR)
    Destination Clock Delay (DCD):    -1.305ns
    Source Clock Delay      (SCD):    -1.038ns
    Clock Pessimism Removal (CPR):    -0.267ns

    Location             Delay type                Incr(ns)  Path(ns)    Netlist Resource(s)
  -------------------------------------------------------------------    -------------------
                         (clock clk_pll_ad_PLL_AD rise edge)
                                                      0.000     0.000 r  
    U18                                               0.000     0.000 r  i_clk_50m (IN)
                         net (fo=0)                   0.000     0.000    u_h_top/ad_clk/inst/clk_sys
    U18                  IBUF (Prop_ibuf_I_O)         0.266     0.266 r  u_h_top/ad_clk/inst/clkin1_ibufg/O
                         net (fo=1, routed)           0.440     0.706    u_h_top/ad_clk/inst/clk_sys_PLL_AD
    MMCME2_ADV_X1Y1      MMCME2_ADV (Prop_mmcme2_adv_CLKIN1_CLKOUT0)
                                                     -2.444    -1.737 r  u_h_top/ad_clk/inst/mmcm_adv_inst/CLKOUT0
                         net (fo=2, routed)           0.409    -1.328    u_h_top/ad_clk/inst/clk_pll_ad_PLL_AD
    BUFHCE_X0Y12         BUFH (Prop_bufh_I_O)         0.020    -1.308 r  u_h_top/ad_clk/inst/clkout1_buf_en/O
                         net (fo=8, routed)           0.270    -1.038    u_h_top/ad_clk/inst/clk_pll_ad_PLL_AD_en_clk
    SLICE_X48Y50         FDCE                                         r  u_h_top/ad_clk/inst/seq_reg1_reg[0]/C
  -------------------------------------------------------------------    -------------------
    SLICE_X48Y50         FDCE (Prop_fdce_C_Q)         0.141    -0.897 r  u_h_top/ad_clk/inst/seq_reg1_reg[0]/Q
                         net (fo=1, routed)           0.064    -0.834    u_h_top/ad_clk/inst/seq_reg1[0]
    SLICE_X48Y50         FDCE                                         r  u_h_top/ad_clk/inst/seq_reg1_reg[1]/D
  -------------------------------------------------------------------    -------------------

                         (clock clk_pll_ad_PLL_AD rise edge)
                                                      0.000     0.000 r  
    U18                                               0.000     0.000 r  i_clk_50m (IN)
                         net (fo=0)                   0.000     0.000    u_h_top/ad_clk/inst/clk_sys
    U18                  IBUF (Prop_ibuf_I_O)         0.454     0.454 r  u_h_top/ad_clk/inst/clkin1_ibufg/O
                         net (fo=1, routed)           0.480     0.934    u_h_top/ad_clk/inst/clk_sys_PLL_AD
    MMCME2_ADV_X1Y1      MMCME2_ADV (Prop_mmcme2_adv_CLKIN1_CLKOUT0)
                                                     -3.231    -2.297 r  u_h_top/ad_clk/inst/mmcm_adv_inst/CLKOUT0
                         net (fo=2, routed)           0.454    -1.843    u_h_top/ad_clk/inst/clk_pll_ad_PLL_AD
    BUFHCE_X0Y12         BUFH (Prop_bufh_I_O)         0.043    -1.800 r  u_h_top/ad_clk/inst/clkout1_buf_en/O
                         net (fo=8, routed)           0.495    -1.305    u_h_top/ad_clk/inst/clk_pll_ad_PLL_AD_en_clk
    SLICE_X48Y50         FDCE                                         r  u_h_top/ad_clk/inst/seq_reg1_reg[1]/C
                         clock pessimism              0.267    -1.038    
    SLICE_X48Y50         FDCE (Hold_fdce_C_D)         0.075    -0.963    u_h_top/ad_clk/inst/seq_reg1_reg[1]
  -------------------------------------------------------------------
                         required time                          0.963    
                         arrival time                          -0.834    
  -------------------------------------------------------------------
                         slack                                  0.130    





Pulse Width Checks
--------------------------------------------------------------------------------------
Clock Name:         clk_pll_ad_PLL_AD
Waveform(ns):       { 0.000 97.655 }
Period(ns):         195.310
Sources:            { u_h_top/ad_clk/inst/mmcm_adv_inst/CLKOUT0 }

Check Type        Corner  Lib Pin             Reference Pin  Required(ns)  Actual(ns)  Slack(ns)  Location         Pin
Min Period        n/a     BUFGCTRL/I0         n/a            1.592         195.310     193.718    BUFGCTRL_X0Y17   u_h_top/ad_clk/inst/clkout1_buf/I0
Max Period        n/a     MMCME2_ADV/CLKOUT0  n/a            213.360       195.310     18.050     MMCME2_ADV_X1Y1  u_h_top/ad_clk/inst/mmcm_adv_inst/CLKOUT0
Low Pulse Width   Slow    FDCE/C              n/a            0.500         97.655      97.155     SLICE_X48Y50     u_h_top/ad_clk/inst/seq_reg1_reg[0]/C
High Pulse Width  Slow    FDCE/C              n/a            0.500         97.655      97.155     SLICE_X48Y50     u_h_top/ad_clk/inst/seq_reg1_reg[0]/C



---------------------------------------------------------------------------------------------------
From Clock:  clk_pll_phase_PLL_AD
  To Clock:  clk_pll_phase_PLL_AD

Setup :            0  Failing Endpoints,  Worst Slack      186.413ns,  Total Violation        0.000ns
Hold  :            0  Failing Endpoints,  Worst Slack        0.035ns,  Total Violation        0.000ns
PW    :            0  Failing Endpoints,  Worst Slack       18.050ns,  Total Violation        0.000ns
---------------------------------------------------------------------------------------------------


Max Delay Paths
--------------------------------------------------------------------------------------
Slack (MET) :             186.413ns  (required time - arrival time)
  Source:                 u_system/system_i/iq_demodulator_0/inst/cfg_window_adc_reg[6]/C
                            (rising edge-triggered cell FDCE clocked by clk_pll_phase_PLL_AD  {rise@98.690ns fall@196.345ns period=195.310ns})
  Destination:            u_system/system_i/iq_demodulator_0/inst/o_i_sum_reg[0]/CE
                            (rising edge-triggered cell FDCE clocked by clk_pll_phase_PLL_AD  {rise@98.690ns fall@196.345ns period=195.310ns})
  Path Group:             clk_pll_phase_PLL_AD
  Path Type:              Setup (Max at Slow Process Corner)
  Requirement:            195.310ns  (clk_pll_phase_PLL_AD rise@294.000ns - clk_pll_phase_PLL_AD rise@98.690ns)
  Data Path Delay:        8.286ns  (logic 2.126ns (25.658%)  route 6.160ns (74.342%))
  Logic Levels:           7  (CARRY4=4 LUT1=1 LUT4=1 LUT6=1)
  Clock Path Skew:        -0.064ns (DCD - SCD + CPR)
    Destination Clock Delay (DCD):    -1.058ns = ( 292.942 - 294.000 ) 
    Source Clock Delay      (SCD):    -0.581ns = ( 98.109 - 98.690 ) 
    Clock Pessimism Removal (CPR):    0.413ns
  Clock Uncertainty:      0.379ns  ((TSJ^2 + DJ^2)^1/2) / 2 + PE
    Total System Jitter     (TSJ):    0.071ns
    Discrete Jitter          (DJ):    0.754ns
    Phase Error              (PE):    0.000ns

    Location             Delay type                Incr(ns)  Path(ns)    Netlist Resource(s)
  -------------------------------------------------------------------    -------------------
                         (clock clk_pll_phase_PLL_AD rise edge)
                                                     98.690    98.690 r  
    U18                                               0.000    98.690 r  i_clk_50m (IN)
                         net (fo=0)                   0.000    98.690    u_h_top/ad_clk/inst/clk_sys
    U18                  IBUF (Prop_ibuf_I_O)         1.429   100.119 r  u_h_top/ad_clk/inst/clkin1_ibufg/O
                         net (fo=1, routed)           1.110   101.229    u_h_top/ad_clk/inst/clk_sys_PLL_AD
    MMCME2_ADV_X1Y1      MMCME2_ADV (Prop_mmcme2_adv_CLKIN1_CLKOUT1)
                                                     -6.247    94.982 r  u_h_top/ad_clk/inst/mmcm_adv_inst/CLKOUT1
                         net (fo=2, routed)           1.597    96.579    u_h_top/ad_clk/inst/clk_pll_phase_PLL_AD
    BUFGCTRL_X0Y18       BUFGCTRL (Prop_bufgctrl_I0_O)
                                                      0.085    96.664 r  u_h_top/ad_clk/inst/clkout2_buf/O
                         net (fo=1882, routed)        1.445    98.109    u_system/system_i/iq_demodulator_0/inst/clk_adc
    SLICE_X64Y95         FDCE                                         r  u_system/system_i/iq_demodulator_0/inst/cfg_window_adc_reg[6]/C
  -------------------------------------------------------------------    -------------------
    SLICE_X64Y95         FDCE (Prop_fdce_C_Q)         0.379    98.488 f  u_system/system_i/iq_demodulator_0/inst/cfg_window_adc_reg[6]/Q
                         net (fo=4, routed)           1.051    99.539    u_system/system_i/iq_demodulator_0/inst/cfg_window_adc[6]
    SLICE_X67Y97         LUT1 (Prop_lut1_I0_O)        0.105    99.644 r  u_system/system_i/iq_demodulator_0/inst/i_acc2_carry__0_i_3/O
                         net (fo=1, routed)           0.000    99.644    u_system/system_i/iq_demodulator_0/inst/i_acc2_carry__0_i_3_n_0
    SLICE_X67Y97         CARRY4 (Prop_carry4_S[1]_CO[3])
                                                      0.457   100.101 r  u_system/system_i/iq_demodulator_0/inst/i_acc2_carry__0/CO[3]
                         net (fo=1, routed)           0.000   100.101    u_system/system_i/iq_demodulator_0/inst/i_acc2_carry__0_n_0
    SLICE_X67Y98         CARRY4 (Prop_carry4_CI_CO[3])
                                                      0.098   100.199 r  u_system/system_i/iq_demodulator_0/inst/i_acc2_carry__1/CO[3]
                         net (fo=1, routed)           0.000   100.199    u_system/system_i/iq_demodulator_0/inst/i_acc2_carry__1_n_0
    SLICE_X67Y99         CARRY4 (Prop_carry4_CI_O[0])
                                                      0.180   100.379 r  u_system/system_i/iq_demodulator_0/inst/i_acc2_carry__2/O[0]
                         net (fo=1, routed)           0.646   101.024    u_system/system_i/iq_demodulator_0/inst/i_acc2[13]
    SLICE_X66Y98         LUT6 (Prop_lut6_I4_O)        0.249   101.273 r  u_system/system_i/iq_demodulator_0/inst/i__carry__0_i_2/O
                         net (fo=1, routed)           0.000   101.273    u_system/system_i/iq_demodulator_0/inst/i__carry__0_i_2_n_0
    SLICE_X66Y98         CARRY4 (Prop_carry4_S[0]_CO[1])
                                                      0.381   101.654 r  u_system/system_i/iq_demodulator_0/inst/i_acc1_inferred__0/i__carry__0/CO[1]
                         net (fo=115, routed)         1.229   102.883    u_system/system_i/iq_demodulator_0/inst/i_acc1
    SLICE_X64Y92         LUT4 (Prop_lut4_I2_O)        0.277   103.160 r  u_system/system_i/iq_demodulator_0/inst/o_i_sum[47]_i_1/O
                         net (fo=176, routed)         3.235   106.395    u_system/system_i/iq_demodulator_0/inst/o_i_sum[47]_i_1_n_0
    SLICE_X57Y94         FDCE                                         r  u_system/system_i/iq_demodulator_0/inst/o_i_sum_reg[0]/CE
  -------------------------------------------------------------------    -------------------

                         (clock clk_pll_phase_PLL_AD rise edge)
                                                    294.000   294.000 r  
    U18                                               0.000   294.000 r  i_clk_50m (IN)
                         net (fo=0)                   0.000   294.000    u_h_top/ad_clk/inst/clk_sys
    U18                  IBUF (Prop_ibuf_I_O)         1.363   295.363 r  u_h_top/ad_clk/inst/clkin1_ibufg/O
                         net (fo=1, routed)           1.004   296.367    u_h_top/ad_clk/inst/clk_sys_PLL_AD
    MMCME2_ADV_X1Y1      MMCME2_ADV (Prop_mmcme2_adv_CLKIN1_CLKOUT1)
                                                     -6.242   290.125 r  u_h_top/ad_clk/inst/mmcm_adv_inst/CLKOUT1
                         net (fo=2, routed)           1.454   291.580    u_h_top/ad_clk/inst/clk_pll_phase_PLL_AD
    BUFGCTRL_X0Y18       BUFGCTRL (Prop_bufgctrl_I0_O)
                                                      0.077   291.657 r  u_h_top/ad_clk/inst/clkout2_buf/O
                         net (fo=1882, routed)        1.285   292.942    u_system/system_i/iq_demodulator_0/inst/clk_adc
    SLICE_X57Y94         FDCE                                         r  u_system/system_i/iq_demodulator_0/inst/o_i_sum_reg[0]/C
                         clock pessimism              0.413   293.355    
                         clock uncertainty           -0.379   292.977    
    SLICE_X57Y94         FDCE (Setup_fdce_C_CE)      -0.168   292.809    u_system/system_i/iq_demodulator_0/inst/o_i_sum_reg[0]
  -------------------------------------------------------------------
                         required time                        292.809    
                         arrival time                        -106.395    
  -------------------------------------------------------------------
                         slack                                186.413    





Min Delay Paths
--------------------------------------------------------------------------------------
Slack (MET) :             0.035ns  (arrival time - required time)
  Source:                 u_system/system_i/iq_demodulator_0/inst/cfg_window_adc_reg[10]/C
                            (rising edge-triggered cell FDCE clocked by clk_pll_phase_PLL_AD  {rise@98.690ns fall@196.345ns period=195.310ns})
  Destination:            u_system/system_i/iq_demodulator_0/inst/o_sample_count_reg[10]/D
                            (rising edge-triggered cell FDCE clocked by clk_pll_phase_PLL_AD  {rise@98.690ns fall@196.345ns period=195.310ns})
  Path Group:             clk_pll_phase_PLL_AD
  Path Type:              Hold (Min at Fast Process Corner)
  Requirement:            0.000ns  (clk_pll_phase_PLL_AD rise@98.690ns - clk_pll_phase_PLL_AD rise@98.690ns)
  Data Path Delay:        0.280ns  (logic 0.141ns (50.435%)  route 0.139ns (49.565%))
  Logic Levels:           0  
  Clock Path Skew:        0.182ns (DCD - SCD - CPR)
    Destination Clock Delay (DCD):    -0.843ns = ( 97.847 - 98.690 ) 
    Source Clock Delay      (SCD):    -0.520ns = ( 98.169 - 98.690 ) 
    Clock Pessimism Removal (CPR):    -0.504ns

    Location             Delay type                Incr(ns)  Path(ns)    Netlist Resource(s)
  -------------------------------------------------------------------    -------------------
                         (clock clk_pll_phase_PLL_AD rise edge)
                                                     98.690    98.690 r  
    U18                                               0.000    98.690 r  i_clk_50m (IN)
                         net (fo=0)                   0.000    98.690    u_h_top/ad_clk/inst/clk_sys
    U18                  IBUF (Prop_ibuf_I_O)         0.266    98.956 r  u_h_top/ad_clk/inst/clkin1_ibufg/O
                         net (fo=1, routed)           0.440    99.396    u_h_top/ad_clk/inst/clk_sys_PLL_AD
    MMCME2_ADV_X1Y1      MMCME2_ADV (Prop_mmcme2_adv_CLKIN1_CLKOUT1)
                                                     -2.444    96.952 r  u_h_top/ad_clk/inst/mmcm_adv_inst/CLKOUT1
                         net (fo=2, routed)           0.529    97.481    u_h_top/ad_clk/inst/clk_pll_phase_PLL_AD
    BUFGCTRL_X0Y18       BUFGCTRL (Prop_bufgctrl_I0_O)
                                                      0.026    97.507 r  u_h_top/ad_clk/inst/clkout2_buf/O
                         net (fo=1882, routed)        0.662    98.169    u_system/system_i/iq_demodulator_0/inst/clk_adc
    SLICE_X63Y100        FDCE                                         r  u_system/system_i/iq_demodulator_0/inst/cfg_window_adc_reg[10]/C
  -------------------------------------------------------------------    -------------------
    SLICE_X63Y100        FDCE (Prop_fdce_C_Q)         0.141    98.310 r  u_system/system_i/iq_demodulator_0/inst/cfg_window_adc_reg[10]/Q
                         net (fo=4, routed)           0.139    98.449    u_system/system_i/iq_demodulator_0/inst/cfg_window_adc[10]
    SLICE_X62Y99         FDCE                                         r  u_system/system_i/iq_demodulator_0/inst/o_sample_count_reg[10]/D
  -------------------------------------------------------------------    -------------------

                         (clock clk_pll_phase_PLL_AD rise edge)
                                                     98.690    98.690 r  
    U18                                               0.000    98.690 r  i_clk_50m (IN)
                         net (fo=0)                   0.000    98.690    u_h_top/ad_clk/inst/clk_sys
    U18                  IBUF (Prop_ibuf_I_O)         0.454    99.144 r  u_h_top/ad_clk/inst/clkin1_ibufg/O
                         net (fo=1, routed)           0.480    99.624    u_h_top/ad_clk/inst/clk_sys_PLL_AD
    MMCME2_ADV_X1Y1      MMCME2_ADV (Prop_mmcme2_adv_CLKIN1_CLKOUT1)
                                                     -3.231    96.393 r  u_h_top/ad_clk/inst/mmcm_adv_inst/CLKOUT1
                         net (fo=2, routed)           0.576    96.969    u_h_top/ad_clk/inst/clk_pll_phase_PLL_AD
    BUFGCTRL_X0Y18       BUFGCTRL (Prop_bufgctrl_I0_O)
                                                      0.029    96.998 r  u_h_top/ad_clk/inst/clkout2_buf/O
                         net (fo=1882, routed)        0.849    97.847    u_system/system_i/iq_demodulator_0/inst/clk_adc
    SLICE_X62Y99         FDCE                                         r  u_system/system_i/iq_demodulator_0/inst/o_sample_count_reg[10]/C
                         clock pessimism              0.504    98.351    
    SLICE_X62Y99         FDCE (Hold_fdce_C_D)         0.063    98.414    u_system/system_i/iq_demodulator_0/inst/o_sample_count_reg[10]
  -------------------------------------------------------------------
                         required time                        -98.414    
                         arrival time                          98.449    
  -------------------------------------------------------------------
                         slack                                  0.035    





Pulse Width Checks
--------------------------------------------------------------------------------------
Clock Name:         clk_pll_phase_PLL_AD
Waveform(ns):       { 98.690 196.345 }
Period(ns):         195.310
Sources:            { u_h_top/ad_clk/inst/mmcm_adv_inst/CLKOUT1 }

Check Type        Corner  Lib Pin             Reference Pin  Required(ns)  Actual(ns)  Slack(ns)  Location         Pin
Min Period        n/a     RAMB36E1/CLKARDCLK  n/a            2.170         195.310     193.140    RAMB36_X3Y15     u_h_top/u_ad_fifo/inst/u_fifo/my_fifo_ip/U0/inst_fifo_gen/gconvfifo.rf/grf.rf/gntv_or_sync_fifo.mem/gbm.gbmg.gbmgb.ngecc.bmg/inst_blk_mem_gen/gnbram.gnativebmg.native_blk_mem_gen/valid.cstr/ramloop[0].ram.r/prim_noinit.ram/DEVICE_7SERIES.NO_BMM_INFO.SDP.SIMPLE_PRIM36.ram/CLKARDCLK
Max Period        n/a     MMCME2_ADV/CLKOUT1  n/a            213.360       195.310     18.050     MMCME2_ADV_X1Y1  u_h_top/ad_clk/inst/mmcm_adv_inst/CLKOUT1
Low Pulse Width   Fast    SRL16E/CLK          n/a            0.854         97.655      96.801     SLICE_X62Y82     u_h_top/u_ad_fifo/inst/u_fifo/my_fifo_ip/U0/inst_fifo_gen/gconvfifo.rf/grf.rf/gntv_or_sync_fifo.mem/gbm.gbmg.gbmgb.ngecc.bmg/inst_blk_mem_gen/gnbram.gnativebmg.native_blk_mem_gen/valid.cstr/ramloop[1].ram.r/SAFETY_CKT_GEN.RSTA_SHFT_REG_reg[3]_srl3/CLK
High Pulse Width  Slow    SRL16E/CLK          n/a            0.854         97.655      96.801     SLICE_X62Y82     u_h_top/u_ad_fifo/inst/u_fifo/my_fifo_ip/U0/inst_fifo_gen/gconvfifo.rf/grf.rf/gntv_or_sync_fifo.mem/gbm.gbmg.gbmgb.ngecc.bmg/inst_blk_mem_gen/gnbram.gnativebmg.native_blk_mem_gen/valid.cstr/ramloop[1].ram.r/SAFETY_CKT_GEN.RSTA_SHFT_REG_reg[3]_srl3/CLK



---------------------------------------------------------------------------------------------------
From Clock:  clkfbout_PLL_AD
  To Clock:  clkfbout_PLL_AD

Setup :           NA  Failing Endpoints,  Worst Slack           NA  ,  Total Violation           NA
Hold  :           NA  Failing Endpoints,  Worst Slack           NA  ,  Total Violation           NA
PW    :            0  Failing Endpoints,  Worst Slack       40.000ns,  Total Violation        0.000ns
---------------------------------------------------------------------------------------------------


Pulse Width Checks
--------------------------------------------------------------------------------------
Clock Name:         clkfbout_PLL_AD
Waveform(ns):       { 0.000 30.000 }
Period(ns):         60.000
Sources:            { u_h_top/ad_clk/inst/mmcm_adv_inst/CLKFBOUT }

Check Type  Corner  Lib Pin             Reference Pin  Required(ns)  Actual(ns)  Slack(ns)  Location         Pin
Min Period  n/a     BUFG/I              n/a            1.592         60.000      58.408     BUFGCTRL_X0Y19   u_h_top/ad_clk/inst/clkf_buf/I
Max Period  n/a     MMCME2_ADV/CLKFBIN  n/a            100.000       60.000      40.000     MMCME2_ADV_X1Y1  u_h_top/ad_clk/inst/mmcm_adv_inst/CLKFBIN



---------------------------------------------------------------------------------------------------
From Clock:  u_system/system_i/Pll_DA/inst/clk_in1
  To Clock:  u_system/system_i/Pll_DA/inst/clk_in1

Setup :           NA  Failing Endpoints,  Worst Slack           NA  ,  Total Violation           NA
Hold  :           NA  Failing Endpoints,  Worst Slack           NA  ,  Total Violation           NA
PW    :            0  Failing Endpoints,  Worst Slack        3.000ns,  Total Violation        0.000ns
---------------------------------------------------------------------------------------------------


Pulse Width Checks
--------------------------------------------------------------------------------------
Clock Name:         u_system/system_i/Pll_DA/inst/clk_in1
Waveform(ns):       { 0.000 5.000 }
Period(ns):         10.000
Sources:            { u_system/system_i/Pll_DA/inst/clk_in1 }

Check Type        Corner  Lib Pin            Reference Pin  Required(ns)  Actual(ns)  Slack(ns)  Location         Pin
Min Period        n/a     MMCME2_ADV/CLKIN1  n/a            1.249         10.000      8.751      MMCME2_ADV_X1Y0  u_system/system_i/Pll_DA/inst/mmcm_adv_inst/CLKIN1
Max Period        n/a     MMCME2_ADV/CLKIN1  n/a            100.000       10.000      90.000     MMCME2_ADV_X1Y0  u_system/system_i/Pll_DA/inst/mmcm_adv_inst/CLKIN1
Low Pulse Width   Slow    MMCME2_ADV/CLKIN1  n/a            2.000         5.000       3.000      MMCME2_ADV_X1Y0  u_system/system_i/Pll_DA/inst/mmcm_adv_inst/CLKIN1
High Pulse Width  Slow    MMCME2_ADV/CLKIN1  n/a            2.000         5.000       3.000      MMCME2_ADV_X1Y0  u_system/system_i/Pll_DA/inst/mmcm_adv_inst/CLKIN1



---------------------------------------------------------------------------------------------------
From Clock:  clk_out1_system_Pll_DA_0
  To Clock:  clk_out1_system_Pll_DA_0

Setup :            0  Failing Endpoints,  Worst Slack        5.351ns,  Total Violation        0.000ns
Hold  :            0  Failing Endpoints,  Worst Slack        0.104ns,  Total Violation        0.000ns
PW    :            0  Failing Endpoints,  Worst Slack        3.146ns,  Total Violation        0.000ns
---------------------------------------------------------------------------------------------------


Max Delay Paths
--------------------------------------------------------------------------------------
Slack (MET) :             5.351ns  (required time - arrival time)
  Source:                 u_system/system_i/blk_PS_TO_PL/U0/inst_blk_mem_gen/gnbram.gnative_mem_map_bmg.native_mem_map_blk_mem_gen/valid.cstr/ramloop[1].ram.r/SAFETY_CKT_GEN.POR_B_reg/C
                            (rising edge-triggered cell FDRE clocked by clk_out1_system_Pll_DA_0  {rise@0.000ns fall@4.000ns period=8.000ns})
  Destination:            u_system/system_i/blk_PS_TO_PL/U0/inst_blk_mem_gen/gnbram.gnative_mem_map_bmg.native_mem_map_blk_mem_gen/valid.cstr/ramloop[1].ram.r/prim_noinit.ram/DEVICE_7SERIES.WITH_BMM_INFO.TRUE_DP.SIMPLE_PRIM36.TDP_SP36_NO_ECC_ATTR.ram/RSTRAMB
                            (rising edge-triggered cell RAMB36E1 clocked by clk_out1_system_Pll_DA_0  {rise@0.000ns fall@4.000ns period=8.000ns})
  Path Group:             clk_out1_system_Pll_DA_0
  Path Type:              Setup (Max at Slow Process Corner)
  Requirement:            8.000ns  (clk_out1_system_Pll_DA_0 rise@8.000ns - clk_out1_system_Pll_DA_0 rise@0.000ns)
  Data Path Delay:        1.986ns  (logic 0.503ns (25.331%)  route 1.483ns (74.669%))
  Logic Levels:           1  (LUT2=1)
  Clock Path Skew:        -0.090ns (DCD - SCD + CPR)
    Destination Clock Delay (DCD):    1.278ns = ( 9.278 - 8.000 ) 
    Source Clock Delay      (SCD):    1.380ns
    Clock Pessimism Removal (CPR):    0.012ns
  Clock Uncertainty:      0.072ns  ((TSJ^2 + DJ^2)^1/2) / 2 + PE
    Total System Jitter     (TSJ):    0.071ns
    Discrete Jitter          (DJ):    0.125ns
    Phase Error              (PE):    0.000ns

    Location             Delay type                Incr(ns)  Path(ns)    Netlist Resource(s)
  -------------------------------------------------------------------    -------------------
                         (clock clk_out1_system_Pll_DA_0 rise edge)
                                                      0.000     0.000 r  
    BUFGCTRL_X0Y16       BUFG                         0.000     0.000 r  u_system/system_i/processing_system7_0/inst/buffer_fclk_clk_0.FCLK_CLK_0_BUFG/O
                         net (fo=15967, routed)       1.552     1.552    u_system/system_i/Pll_DA/inst/clk_in1
    MMCME2_ADV_X1Y0      MMCME2_ADV (Prop_mmcme2_adv_CLKIN1_CLKOUT0)
                                                     -3.232    -1.680 r  u_system/system_i/Pll_DA/inst/mmcm_adv_inst/CLKOUT0
                         net (fo=1, routed)           1.597    -0.083    u_system/system_i/Pll_DA/inst/clk_out1_system_Pll_DA_0
    BUFGCTRL_X0Y1        BUFG (Prop_bufg_I_O)         0.085     0.002 r  u_system/system_i/Pll_DA/inst/clkout1_buf/O
                         net (fo=10, routed)          1.378     1.380    u_system/system_i/blk_PS_TO_PL/U0/inst_blk_mem_gen/gnbram.gnative_mem_map_bmg.native_mem_map_blk_mem_gen/valid.cstr/ramloop[1].ram.r/clkb
    SLICE_X51Y90         FDRE                                         r  u_system/system_i/blk_PS_TO_PL/U0/inst_blk_mem_gen/gnbram.gnative_mem_map_bmg.native_mem_map_blk_mem_gen/valid.cstr/ramloop[1].ram.r/SAFETY_CKT_GEN.POR_B_reg/C
  -------------------------------------------------------------------    -------------------
    SLICE_X51Y90         FDRE (Prop_fdre_C_Q)         0.379     1.759 r  u_system/system_i/blk_PS_TO_PL/U0/inst_blk_mem_gen/gnbram.gnative_mem_map_bmg.native_mem_map_blk_mem_gen/valid.cstr/ramloop[1].ram.r/SAFETY_CKT_GEN.POR_B_reg/Q
                         net (fo=1, routed)           0.891     2.650    u_system/system_i/blk_PS_TO_PL/U0/inst_blk_mem_gen/gnbram.gnative_mem_map_bmg.native_mem_map_blk_mem_gen/valid.cstr/ramloop[1].ram.r/prim_noinit.ram/POR_B
    SLICE_X33Y89         LUT2 (Prop_lut2_I1_O)        0.124     2.774 r  u_system/system_i/blk_PS_TO_PL/U0/inst_blk_mem_gen/gnbram.gnative_mem_map_bmg.native_mem_map_blk_mem_gen/valid.cstr/ramloop[1].ram.r/prim_noinit.ram/DEVICE_7SERIES.WITH_BMM_INFO.TRUE_DP.SIMPLE_PRIM36.TDP_SP36_NO_ECC_ATTR.ram_i_4/O
                         net (fo=2, routed)           0.592     3.366    u_system/system_i/blk_PS_TO_PL/U0/inst_blk_mem_gen/gnbram.gnative_mem_map_bmg.native_mem_map_blk_mem_gen/valid.cstr/ramloop[1].ram.r/prim_noinit.ram/ram_rstram_b
    RAMB36_X2Y18         RAMB36E1                                     r  u_system/system_i/blk_PS_TO_PL/U0/inst_blk_mem_gen/gnbram.gnative_mem_map_bmg.native_mem_map_blk_mem_gen/valid.cstr/ramloop[1].ram.r/prim_noinit.ram/DEVICE_7SERIES.WITH_BMM_INFO.TRUE_DP.SIMPLE_PRIM36.TDP_SP36_NO_ECC_ATTR.ram/RSTRAMB
  -------------------------------------------------------------------    -------------------

                         (clock clk_out1_system_Pll_DA_0 rise edge)
                                                      8.000     8.000 r  
    BUFGCTRL_X0Y16       BUFG                         0.000     8.000 r  u_system/system_i/processing_system7_0/inst/buffer_fclk_clk_0.FCLK_CLK_0_BUFG/O
                         net (fo=15967, routed)       1.386     9.386    u_system/system_i/Pll_DA/inst/clk_in1
    MMCME2_ADV_X1Y0      MMCME2_ADV (Prop_mmcme2_adv_CLKIN1_CLKOUT0)
                                                     -2.915     6.470 r  u_system/system_i/Pll_DA/inst/mmcm_adv_inst/CLKOUT0
                         net (fo=1, routed)           1.454     7.925    u_system/system_i/Pll_DA/inst/clk_out1_system_Pll_DA_0
    BUFGCTRL_X0Y1        BUFG (Prop_bufg_I_O)         0.077     8.002 r  u_system/system_i/Pll_DA/inst/clkout1_buf/O
                         net (fo=10, routed)          1.276     9.278    u_system/system_i/blk_PS_TO_PL/U0/inst_blk_mem_gen/gnbram.gnative_mem_map_bmg.native_mem_map_blk_mem_gen/valid.cstr/ramloop[1].ram.r/prim_noinit.ram/clkb
    RAMB36_X2Y18         RAMB36E1                                     r  u_system/system_i/blk_PS_TO_PL/U0/inst_blk_mem_gen/gnbram.gnative_mem_map_bmg.native_mem_map_blk_mem_gen/valid.cstr/ramloop[1].ram.r/prim_noinit.ram/DEVICE_7SERIES.WITH_BMM_INFO.TRUE_DP.SIMPLE_PRIM36.TDP_SP36_NO_ECC_ATTR.ram/CLKBWRCLK
                         clock pessimism              0.012     9.290    
                         clock uncertainty           -0.072     9.218    
    RAMB36_X2Y18         RAMB36E1 (Setup_ramb36e1_CLKBWRCLK_RSTRAMB)
                                                     -0.501     8.717    u_system/system_i/blk_PS_TO_PL/U0/inst_blk_mem_gen/gnbram.gnative_mem_map_bmg.native_mem_map_blk_mem_gen/valid.cstr/ramloop[1].ram.r/prim_noinit.ram/DEVICE_7SERIES.WITH_BMM_INFO.TRUE_DP.SIMPLE_PRIM36.TDP_SP36_NO_ECC_ATTR.ram
  -------------------------------------------------------------------
                         required time                          8.717    
                         arrival time                          -3.366    
  -------------------------------------------------------------------
                         slack                                  5.351    





Min Delay Paths
--------------------------------------------------------------------------------------
Slack (MET) :             0.104ns  (arrival time - required time)
  Source:                 u_h_top/u_dac_dds/inst/cfg_sel_reg[1]/C
                            (rising edge-triggered cell FDCE clocked by clk_out1_system_Pll_DA_0  {rise@0.000ns fall@4.000ns period=8.000ns})
  Destination:            u_system/system_i/blk_PS_TO_PL/U0/inst_blk_mem_gen/gnbram.gnative_mem_map_bmg.native_mem_map_blk_mem_gen/valid.cstr/ramloop[0].ram.r/prim_noinit.ram/DEVICE_7SERIES.WITH_BMM_INFO.TRUE_DP.SIMPLE_PRIM36.TDP_SP36_NO_ECC_ATTR.ram/ADDRBWRADDR[5]
                            (rising edge-triggered cell RAMB36E1 clocked by clk_out1_system_Pll_DA_0  {rise@0.000ns fall@4.000ns period=8.000ns})
  Path Group:             clk_out1_system_Pll_DA_0
  Path Type:              Hold (Min at Fast Process Corner)
  Requirement:            0.000ns  (clk_out1_system_Pll_DA_0 rise@0.000ns - clk_out1_system_Pll_DA_0 rise@0.000ns)
  Data Path Delay:        0.338ns  (logic 0.164ns (48.462%)  route 0.174ns (51.538%))
  Logic Levels:           0  
  Clock Path Skew:        0.052ns (DCD - SCD - CPR)
    Destination Clock Delay (DCD):    0.863ns
    Source Clock Delay      (SCD):    0.560ns
    Clock Pessimism Removal (CPR):    0.251ns

    Location             Delay type                Incr(ns)  Path(ns)    Netlist Resource(s)
  -------------------------------------------------------------------    -------------------
                         (clock clk_out1_system_Pll_DA_0 rise edge)
                                                      0.000     0.000 r  
    BUFGCTRL_X0Y16       BUFG                         0.000     0.000 r  u_system/system_i/processing_system7_0/inst/buffer_fclk_clk_0.FCLK_CLK_0_BUFG/O
                         net (fo=15967, routed)       0.597     0.597    u_system/system_i/Pll_DA/inst/clk_in1
    MMCME2_ADV_X1Y0      MMCME2_ADV (Prop_mmcme2_adv_CLKIN1_CLKOUT0)
                                                     -1.150    -0.553 r  u_system/system_i/Pll_DA/inst/mmcm_adv_inst/CLKOUT0
                         net (fo=1, routed)           0.529    -0.024    u_system/system_i/Pll_DA/inst/clk_out1_system_Pll_DA_0
    BUFGCTRL_X0Y1        BUFG (Prop_bufg_I_O)         0.026     0.002 r  u_system/system_i/Pll_DA/inst/clkout1_buf/O
                         net (fo=10, routed)          0.558     0.560    u_h_top/u_dac_dds/inst/clk
    SLICE_X32Y88         FDCE                                         r  u_h_top/u_dac_dds/inst/cfg_sel_reg[1]/C
  -------------------------------------------------------------------    -------------------
    SLICE_X32Y88         FDCE (Prop_fdce_C_Q)         0.164     0.724 r  u_h_top/u_dac_dds/inst/cfg_sel_reg[1]/Q
                         net (fo=5, routed)           0.174     0.898    u_system/system_i/blk_PS_TO_PL/U0/inst_blk_mem_gen/gnbram.gnative_mem_map_bmg.native_mem_map_blk_mem_gen/valid.cstr/ramloop[0].ram.r/prim_noinit.ram/addrb[1]
    RAMB36_X2Y17         RAMB36E1                                     r  u_system/system_i/blk_PS_TO_PL/U0/inst_blk_mem_gen/gnbram.gnative_mem_map_bmg.native_mem_map_blk_mem_gen/valid.cstr/ramloop[0].ram.r/prim_noinit.ram/DEVICE_7SERIES.WITH_BMM_INFO.TRUE_DP.SIMPLE_PRIM36.TDP_SP36_NO_ECC_ATTR.ram/ADDRBWRADDR[5]
  -------------------------------------------------------------------    -------------------

                         (clock clk_out1_system_Pll_DA_0 rise edge)
                                                      0.000     0.000 r  
    BUFGCTRL_X0Y16       BUFG                         0.000     0.000 r  u_system/system_i/processing_system7_0/inst/buffer_fclk_clk_0.FCLK_CLK_0_BUFG/O
                         net (fo=15967, routed)       0.864     0.864    u_system/system_i/Pll_DA/inst/clk_in1
    MMCME2_ADV_X1Y0      MMCME2_ADV (Prop_mmcme2_adv_CLKIN1_CLKOUT0)
                                                     -1.467    -0.603 r  u_system/system_i/Pll_DA/inst/mmcm_adv_inst/CLKOUT0
                         net (fo=1, routed)           0.576    -0.027    u_system/system_i/Pll_DA/inst/clk_out1_system_Pll_DA_0
    BUFGCTRL_X0Y1        BUFG (Prop_bufg_I_O)         0.029     0.002 r  u_system/system_i/Pll_DA/inst/clkout1_buf/O
                         net (fo=10, routed)          0.861     0.863    u_system/system_i/blk_PS_TO_PL/U0/inst_blk_mem_gen/gnbram.gnative_mem_map_bmg.native_mem_map_blk_mem_gen/valid.cstr/ramloop[0].ram.r/prim_noinit.ram/clkb
    RAMB36_X2Y17         RAMB36E1                                     r  u_system/system_i/blk_PS_TO_PL/U0/inst_blk_mem_gen/gnbram.gnative_mem_map_bmg.native_mem_map_blk_mem_gen/valid.cstr/ramloop[0].ram.r/prim_noinit.ram/DEVICE_7SERIES.WITH_BMM_INFO.TRUE_DP.SIMPLE_PRIM36.TDP_SP36_NO_ECC_ATTR.ram/CLKBWRCLK
                         clock pessimism             -0.251     0.611    
    RAMB36_X2Y17         RAMB36E1 (Hold_ramb36e1_CLKBWRCLK_ADDRBWRADDR[5])
                                                      0.183     0.794    u_system/system_i/blk_PS_TO_PL/U0/inst_blk_mem_gen/gnbram.gnative_mem_map_bmg.native_mem_map_blk_mem_gen/valid.cstr/ramloop[0].ram.r/prim_noinit.ram/DEVICE_7SERIES.WITH_BMM_INFO.TRUE_DP.SIMPLE_PRIM36.TDP_SP36_NO_ECC_ATTR.ram
  -------------------------------------------------------------------
                         required time                         -0.794    
                         arrival time                           0.898    
  -------------------------------------------------------------------
                         slack                                  0.104    





Pulse Width Checks
--------------------------------------------------------------------------------------
Clock Name:         clk_out1_system_Pll_DA_0
Waveform(ns):       { 0.000 4.000 }
Period(ns):         8.000
Sources:            { u_system/system_i/Pll_DA/inst/mmcm_adv_inst/CLKOUT0 }

Check Type        Corner  Lib Pin             Reference Pin  Required(ns)  Actual(ns)  Slack(ns)  Location         Pin
Min Period        n/a     RAMB36E1/CLKBWRCLK  n/a            2.170         8.000       5.830      RAMB36_X2Y17     u_system/system_i/blk_PS_TO_PL/U0/inst_blk_mem_gen/gnbram.gnative_mem_map_bmg.native_mem_map_blk_mem_gen/valid.cstr/ramloop[0].ram.r/prim_noinit.ram/DEVICE_7SERIES.WITH_BMM_INFO.TRUE_DP.SIMPLE_PRIM36.TDP_SP36_NO_ECC_ATTR.ram/CLKBWRCLK
Max Period        n/a     MMCME2_ADV/CLKOUT0  n/a            213.360       8.000       205.360    MMCME2_ADV_X1Y0  u_system/system_i/Pll_DA/inst/mmcm_adv_inst/CLKOUT0
Low Pulse Width   Slow    SRL16E/CLK          n/a            0.854         4.000       3.146      SLICE_X50Y90     u_system/system_i/blk_PS_TO_PL/U0/inst_blk_mem_gen/gnbram.gnative_mem_map_bmg.native_mem_map_blk_mem_gen/valid.cstr/ramloop[1].ram.r/SAFETY_CKT_GEN.RSTB_SHFT_REG_reg[3]_srl3/CLK
High Pulse Width  Slow    SRL16E/CLK          n/a            0.854         4.000       3.146      SLICE_X50Y90     u_system/system_i/blk_PS_TO_PL/U0/inst_blk_mem_gen/gnbram.gnative_mem_map_bmg.native_mem_map_blk_mem_gen/valid.cstr/ramloop[1].ram.r/SAFETY_CKT_GEN.RSTB_SHFT_REG_reg[3]_srl3/CLK



---------------------------------------------------------------------------------------------------
From Clock:  clkfbout_system_Pll_DA_0
  To Clock:  clkfbout_system_Pll_DA_0

Setup :           NA  Failing Endpoints,  Worst Slack           NA  ,  Total Violation           NA
Hold  :           NA  Failing Endpoints,  Worst Slack           NA  ,  Total Violation           NA
PW    :            0  Failing Endpoints,  Worst Slack        8.408ns,  Total Violation        0.000ns
---------------------------------------------------------------------------------------------------


Pulse Width Checks
--------------------------------------------------------------------------------------
Clock Name:         clkfbout_system_Pll_DA_0
Waveform(ns):       { 0.000 5.000 }
Period(ns):         10.000
Sources:            { u_system/system_i/Pll_DA/inst/mmcm_adv_inst/CLKFBOUT }

Check Type  Corner  Lib Pin             Reference Pin  Required(ns)  Actual(ns)  Slack(ns)  Location         Pin
Min Period  n/a     BUFG/I              n/a            1.592         10.000      8.408      BUFGCTRL_X0Y2    u_system/system_i/Pll_DA/inst/clkf_buf/I
Max Period  n/a     MMCME2_ADV/CLKFBIN  n/a            100.000       10.000      90.000     MMCME2_ADV_X1Y0  u_system/system_i/Pll_DA/inst/mmcm_adv_inst/CLKFBIN



---------------------------------------------------------------------------------------------------
From Clock:  dbg_hub/inst/BSCANID.u_xsdbm_id/SWITCH_N_EXT_BSCAN.bscan_inst/SERIES7_BSCAN.bscan_inst/TCK
  To Clock:  clk_fpga_0

Setup :            0  Failing Endpoints,  Worst Slack       32.025ns,  Total Violation        0.000ns
Hold  :           NA  Failing Endpoints,  Worst Slack           NA  ,  Total Violation           NA
---------------------------------------------------------------------------------------------------


Max Delay Paths
--------------------------------------------------------------------------------------
Slack (MET) :             32.025ns  (required time - arrival time)
  Source:                 dbg_hub/inst/BSCANID.u_xsdbm_id/CORE_XSDB.UUT_MASTER/U_ICON_INTERFACE/U_CMD6_WR/U_WR_FIFO/SUBCORE_FIFO.xsdbm_v3_0_0_wrfifo_inst/inst_fifo_gen/gconvfifo.rf/grf.rf/gntv_or_sync_fifo.gcx.clkx/gnxpm_cdc.wr_pntr_gc_reg[2]/C
                            (rising edge-triggered cell FDCE clocked by dbg_hub/inst/BSCANID.u_xsdbm_id/SWITCH_N_EXT_BSCAN.bscan_inst/SERIES7_BSCAN.bscan_inst/TCK  {rise@0.000ns fall@16.500ns period=33.000ns})
  Destination:            dbg_hub/inst/BSCANID.u_xsdbm_id/CORE_XSDB.UUT_MASTER/U_ICON_INTERFACE/U_CMD6_WR/U_WR_FIFO/SUBCORE_FIFO.xsdbm_v3_0_0_wrfifo_inst/inst_fifo_gen/gconvfifo.rf/grf.rf/gntv_or_sync_fifo.gcx.clkx/gnxpm_cdc.gsync_stage[1].rd_stg_inst/Q_reg_reg[2]/D
                            (rising edge-triggered cell FDCE clocked by clk_fpga_0  {rise@0.000ns fall@5.000ns period=10.000ns})
  Path Group:             clk_fpga_0
  Path Type:              Setup (Max at Slow Process Corner)
  Requirement:            33.000ns  (MaxDelay Path 33.000ns)
  Data Path Delay:        0.946ns  (logic 0.433ns (45.765%)  route 0.513ns (54.235%))
  Logic Levels:           0  
  Timing Exception:       MaxDelay Path 33.000ns -datapath_only

    Location             Delay type                Incr(ns)  Path(ns)    Netlist Resource(s)
  -------------------------------------------------------------------    -------------------
    SLICE_X86Y66                                      0.000     0.000 r  dbg_hub/inst/BSCANID.u_xsdbm_id/CORE_XSDB.UUT_MASTER/U_ICON_INTERFACE/U_CMD6_WR/U_WR_FIFO/SUBCORE_FIFO.xsdbm_v3_0_0_wrfifo_inst/inst_fifo_gen/gconvfifo.rf/grf.rf/gntv_or_sync_fifo.gcx.clkx/gnxpm_cdc.wr_pntr_gc_reg[2]/C
    SLICE_X86Y66         FDCE (Prop_fdce_C_Q)         0.433     0.433 r  dbg_hub/inst/BSCANID.u_xsdbm_id/CORE_XSDB.UUT_MASTER/U_ICON_INTERFACE/U_CMD6_WR/U_WR_FIFO/SUBCORE_FIFO.xsdbm_v3_0_0_wrfifo_inst/inst_fifo_gen/gconvfifo.rf/grf.rf/gntv_or_sync_fifo.gcx.clkx/gnxpm_cdc.wr_pntr_gc_reg[2]/Q
                         net (fo=1, routed)           0.513     0.946    dbg_hub/inst/BSCANID.u_xsdbm_id/CORE_XSDB.UUT_MASTER/U_ICON_INTERFACE/U_CMD6_WR/U_WR_FIFO/SUBCORE_FIFO.xsdbm_v3_0_0_wrfifo_inst/inst_fifo_gen/gconvfifo.rf/grf.rf/gntv_or_sync_fifo.gcx.clkx/gnxpm_cdc.gsync_stage[1].rd_stg_inst/Q[2]
    SLICE_X86Y67         FDCE                                         r  dbg_hub/inst/BSCANID.u_xsdbm_id/CORE_XSDB.UUT_MASTER/U_ICON_INTERFACE/U_CMD6_WR/U_WR_FIFO/SUBCORE_FIFO.xsdbm_v3_0_0_wrfifo_inst/inst_fifo_gen/gconvfifo.rf/grf.rf/gntv_or_sync_fifo.gcx.clkx/gnxpm_cdc.gsync_stage[1].rd_stg_inst/Q_reg_reg[2]/D
  -------------------------------------------------------------------    -------------------

                         max delay                   33.000    33.000    
    SLICE_X86Y67         FDCE (Setup_fdce_C_D)       -0.029    32.971    dbg_hub/inst/BSCANID.u_xsdbm_id/CORE_XSDB.UUT_MASTER/U_ICON_INTERFACE/U_CMD6_WR/U_WR_FIFO/SUBCORE_FIFO.xsdbm_v3_0_0_wrfifo_inst/inst_fifo_gen/gconvfifo.rf/grf.rf/gntv_or_sync_fifo.gcx.clkx/gnxpm_cdc.gsync_stage[1].rd_stg_inst/Q_reg_reg[2]
  -------------------------------------------------------------------
                         required time                         32.971    
                         arrival time                          -0.946    
  -------------------------------------------------------------------
                         slack                                 32.025    





---------------------------------------------------------------------------------------------------
From Clock:  clk_fpga_0
  To Clock:  dbg_hub/inst/BSCANID.u_xsdbm_id/SWITCH_N_EXT_BSCAN.bscan_inst/SERIES7_BSCAN.bscan_inst/TCK

Setup :            0  Failing Endpoints,  Worst Slack        8.944ns,  Total Violation        0.000ns
Hold  :           NA  Failing Endpoints,  Worst Slack           NA  ,  Total Violation           NA
---------------------------------------------------------------------------------------------------


Max Delay Paths
--------------------------------------------------------------------------------------
Slack (MET) :             8.944ns  (required time - arrival time)
  Source:                 dbg_hub/inst/BSCANID.u_xsdbm_id/CORE_XSDB.UUT_MASTER/U_ICON_INTERFACE/U_CMD6_WR/U_WR_FIFO/SUBCORE_FIFO.xsdbm_v3_0_0_wrfifo_inst/inst_fifo_gen/gconvfifo.rf/grf.rf/gntv_or_sync_fifo.gcx.clkx/gnxpm_cdc.rd_pntr_gc_reg[2]/C
                            (rising edge-triggered cell FDCE clocked by clk_fpga_0  {rise@0.000ns fall@5.000ns period=10.000ns})
  Destination:            dbg_hub/inst/BSCANID.u_xsdbm_id/CORE_XSDB.UUT_MASTER/U_ICON_INTERFACE/U_CMD6_WR/U_WR_FIFO/SUBCORE_FIFO.xsdbm_v3_0_0_wrfifo_inst/inst_fifo_gen/gconvfifo.rf/grf.rf/gntv_or_sync_fifo.gcx.clkx/gnxpm_cdc.gsync_stage[1].wr_stg_inst/Q_reg_reg[2]/D
                            (rising edge-triggered cell FDCE clocked by dbg_hub/inst/BSCANID.u_xsdbm_id/SWITCH_N_EXT_BSCAN.bscan_inst/SERIES7_BSCAN.bscan_inst/TCK  {rise@0.000ns fall@16.500ns period=33.000ns})
  Path Group:             dbg_hub/inst/BSCANID.u_xsdbm_id/SWITCH_N_EXT_BSCAN.bscan_inst/SERIES7_BSCAN.bscan_inst/TCK
  Path Type:              Setup (Max at Slow Process Corner)
  Requirement:            10.000ns  (MaxDelay Path 10.000ns)
  Data Path Delay:        0.853ns  (logic 0.398ns (46.634%)  route 0.455ns (53.366%))
  Logic Levels:           0  
  Timing Exception:       MaxDelay Path 10.000ns -datapath_only

    Location             Delay type                Incr(ns)  Path(ns)    Netlist Resource(s)
  -------------------------------------------------------------------    -------------------
    SLICE_X82Y67                                      0.000     0.000 r  dbg_hub/inst/BSCANID.u_xsdbm_id/CORE_XSDB.UUT_MASTER/U_ICON_INTERFACE/U_CMD6_WR/U_WR_FIFO/SUBCORE_FIFO.xsdbm_v3_0_0_wrfifo_inst/inst_fifo_gen/gconvfifo.rf/grf.rf/gntv_or_sync_fifo.gcx.clkx/gnxpm_cdc.rd_pntr_gc_reg[2]/C
    SLICE_X82Y67         FDCE (Prop_fdce_C_Q)         0.398     0.398 r  dbg_hub/inst/BSCANID.u_xsdbm_id/CORE_XSDB.UUT_MASTER/U_ICON_INTERFACE/U_CMD6_WR/U_WR_FIFO/SUBCORE_FIFO.xsdbm_v3_0_0_wrfifo_inst/inst_fifo_gen/gconvfifo.rf/grf.rf/gntv_or_sync_fifo.gcx.clkx/gnxpm_cdc.rd_pntr_gc_reg[2]/Q
                         net (fo=1, routed)           0.455     0.853    dbg_hub/inst/BSCANID.u_xsdbm_id/CORE_XSDB.UUT_MASTER/U_ICON_INTERFACE/U_CMD6_WR/U_WR_FIFO/SUBCORE_FIFO.xsdbm_v3_0_0_wrfifo_inst/inst_fifo_gen/gconvfifo.rf/grf.rf/gntv_or_sync_fifo.gcx.clkx/gnxpm_cdc.gsync_stage[1].wr_stg_inst/Q[2]
    SLICE_X84Y66         FDCE                                         r  dbg_hub/inst/BSCANID.u_xsdbm_id/CORE_XSDB.UUT_MASTER/U_ICON_INTERFACE/U_CMD6_WR/U_WR_FIFO/SUBCORE_FIFO.xsdbm_v3_0_0_wrfifo_inst/inst_fifo_gen/gconvfifo.rf/grf.rf/gntv_or_sync_fifo.gcx.clkx/gnxpm_cdc.gsync_stage[1].wr_stg_inst/Q_reg_reg[2]/D
  -------------------------------------------------------------------    -------------------

                         max delay                   10.000    10.000    
    SLICE_X84Y66         FDCE (Setup_fdce_C_D)       -0.203     9.797    dbg_hub/inst/BSCANID.u_xsdbm_id/CORE_XSDB.UUT_MASTER/U_ICON_INTERFACE/U_CMD6_WR/U_WR_FIFO/SUBCORE_FIFO.xsdbm_v3_0_0_wrfifo_inst/inst_fifo_gen/gconvfifo.rf/grf.rf/gntv_or_sync_fifo.gcx.clkx/gnxpm_cdc.gsync_stage[1].wr_stg_inst/Q_reg_reg[2]
  -------------------------------------------------------------------
                         required time                          9.797    
                         arrival time                          -0.853    
  -------------------------------------------------------------------
                         slack                                  8.944    





---------------------------------------------------------------------------------------------------
Path Group:  **async_default**
From Clock:  clk_fpga_0
  To Clock:  clk_fpga_0

Setup :            0  Failing Endpoints,  Worst Slack        5.126ns,  Total Violation        0.000ns
Hold  :            0  Failing Endpoints,  Worst Slack        0.317ns,  Total Violation        0.000ns
---------------------------------------------------------------------------------------------------


Max Delay Paths
--------------------------------------------------------------------------------------
Slack (MET) :             5.126ns  (required time - arrival time)
  Source:                 u_system/system_i/proc_sys_reset_0/U0/ACTIVE_LOW_PR_OUT_DFF[0].FDRE_PER_N/C
                            (rising edge-triggered cell FDRE clocked by clk_fpga_0  {rise@0.000ns fall@5.000ns period=10.000ns})
  Destination:            u_system/system_i/ad_fifo_monitor_axi_0/inst/monitor_axi_inst/monitor_core/axis_reset_sync_reg[1]/CLR
                            (recovery check against rising-edge clock clk_fpga_0  {rise@0.000ns fall@5.000ns period=10.000ns})
  Path Group:             **async_default**
  Path Type:              Recovery (Max at Slow Process Corner)
  Requirement:            10.000ns  (clk_fpga_0 rise@10.000ns - clk_fpga_0 rise@0.000ns)
  Data Path Delay:        4.395ns  (logic 0.538ns (12.241%)  route 3.857ns (87.759%))
  Logic Levels:           1  (LUT1=1)
  Clock Path Skew:        -0.033ns (DCD - SCD + CPR)
    Destination Clock Delay (DCD):    2.370ns = ( 12.370 - 10.000 ) 
    Source Clock Delay      (SCD):    2.512ns
    Clock Pessimism Removal (CPR):    0.109ns
  Clock Uncertainty:      0.154ns  ((TSJ^2 + TIJ^2)^1/2 + DJ) / 2 + PE
    Total System Jitter     (TSJ):    0.071ns
    Total Input Jitter      (TIJ):    0.300ns
    Discrete Jitter          (DJ):    0.000ns
    Phase Error              (PE):    0.000ns

    Location             Delay type                Incr(ns)  Path(ns)    Netlist Resource(s)
  -------------------------------------------------------------------    -------------------
                         (clock clk_fpga_0 rise edge)
                                                      0.000     0.000 r  
    PS7_X0Y0             PS7                          0.000     0.000 r  u_system/system_i/processing_system7_0/inst/PS7_i/FCLKCLK[0]
                         net (fo=1, routed)           0.994     0.994    u_system/system_i/processing_system7_0/inst/FCLK_CLK_unbuffered[0]
    BUFGCTRL_X0Y16       BUFG (Prop_bufg_I_O)         0.085     1.079 r  u_system/system_i/processing_system7_0/inst/buffer_fclk_clk_0.FCLK_CLK_0_BUFG/O
                         net (fo=15967, routed)       1.433     2.512    u_system/system_i/proc_sys_reset_0/U0/slowest_sync_clk
    SLICE_X62Y81         FDRE                                         r  u_system/system_i/proc_sys_reset_0/U0/ACTIVE_LOW_PR_OUT_DFF[0].FDRE_PER_N/C
  -------------------------------------------------------------------    -------------------
    SLICE_X62Y81         FDRE (Prop_fdre_C_Q)         0.433     2.945 r  u_system/system_i/proc_sys_reset_0/U0/ACTIVE_LOW_PR_OUT_DFF[0].FDRE_PER_N/Q
                         net (fo=43, routed)          3.296     6.241    u_system/system_i/ad_fifo_monitor_axi_0/inst/monitor_axi_inst/monitor_core/ad_fifo_monitor_axi_aresetn
    SLICE_X35Y108        LUT1 (Prop_lut1_I0_O)        0.105     6.346 f  u_system/system_i/ad_fifo_monitor_axi_0/inst/monitor_axi_inst/monitor_core/read_response_data[31]_i_1/O
                         net (fo=41, routed)          0.561     6.907    u_system/system_i/ad_fifo_monitor_axi_0/inst/monitor_axi_inst/monitor_core/SR[0]
    SLICE_X32Y111        FDCE                                         f  u_system/system_i/ad_fifo_monitor_axi_0/inst/monitor_axi_inst/monitor_core/axis_reset_sync_reg[1]/CLR
  -------------------------------------------------------------------    -------------------

                         (clock clk_fpga_0 rise edge)
                                                     10.000    10.000 r  
    PS7_X0Y0             PS7                          0.000    10.000 r  u_system/system_i/processing_system7_0/inst/PS7_i/FCLKCLK[0]
                         net (fo=1, routed)           0.905    10.906    u_system/system_i/processing_system7_0/inst/FCLK_CLK_unbuffered[0]
    BUFGCTRL_X0Y16       BUFG (Prop_bufg_I_O)         0.077    10.983 r  u_system/system_i/processing_system7_0/inst/buffer_fclk_clk_0.FCLK_CLK_0_BUFG/O
                         net (fo=15967, routed)       1.388    12.370    u_system/system_i/ad_fifo_monitor_axi_0/inst/monitor_axi_inst/monitor_core/ad_fifo_monitor_axi_aclk
    SLICE_X32Y111        FDCE                                         r  u_system/system_i/ad_fifo_monitor_axi_0/inst/monitor_axi_inst/monitor_core/axis_reset_sync_reg[1]/C
                         clock pessimism              0.109    12.479    
                         clock uncertainty           -0.154    12.325    
    SLICE_X32Y111        FDCE (Recov_fdce_C_CLR)     -0.292    12.033    u_system/system_i/ad_fifo_monitor_axi_0/inst/monitor_axi_inst/monitor_core/axis_reset_sync_reg[1]
  -------------------------------------------------------------------
                         required time                         12.033    
                         arrival time                          -6.907    
  -------------------------------------------------------------------
                         slack                                  5.126    





Min Delay Paths
--------------------------------------------------------------------------------------
Slack (MET) :             0.317ns  (arrival time - required time)
  Source:                 dbg_hub/inst/BSCANID.u_xsdbm_id/CORE_XSDB.UUT_MASTER/U_ICON_INTERFACE/U_CMD6_WR/U_WR_FIFO/SUBCORE_FIFO.xsdbm_v3_0_0_wrfifo_inst/inst_fifo_gen/gconvfifo.rf/grf.rf/rstblk/ngwrdrst.grst.g7serrst.rd_rst_reg_reg[1]/C
                            (rising edge-triggered cell FDPE clocked by clk_fpga_0  {rise@0.000ns fall@5.000ns period=10.000ns})
  Destination:            dbg_hub/inst/BSCANID.u_xsdbm_id/CORE_XSDB.UUT_MASTER/U_ICON_INTERFACE/U_CMD6_WR/U_WR_FIFO/SUBCORE_FIFO.xsdbm_v3_0_0_wrfifo_inst/inst_fifo_gen/gconvfifo.rf/grf.rf/gntv_or_sync_fifo.gcx.clkx/gnxpm_cdc.gsync_stage[1].rd_stg_inst/Q_reg_reg[1]/CLR
                            (removal check against rising-edge clock clk_fpga_0  {rise@0.000ns fall@5.000ns period=10.000ns})
  Path Group:             **async_default**
  Path Type:              Removal (Min at Fast Process Corner)
  Requirement:            0.000ns  (clk_fpga_0 rise@0.000ns - clk_fpga_0 rise@0.000ns)
  Data Path Delay:        0.264ns  (logic 0.141ns (53.458%)  route 0.123ns (46.542%))
  Logic Levels:           0  
  Clock Path Skew:        0.014ns (DCD - SCD - CPR)
    Destination Clock Delay (DCD):    1.211ns
    Source Clock Delay      (SCD):    0.913ns
    Clock Pessimism Removal (CPR):    0.284ns

    Location             Delay type                Incr(ns)  Path(ns)    Netlist Resource(s)
  -------------------------------------------------------------------    -------------------
                         (clock clk_fpga_0 rise edge)
                                                      0.000     0.000 r  
    PS7_X0Y0             PS7                          0.000     0.000 r  u_system/system_i/processing_system7_0/inst/PS7_i/FCLKCLK[0]
                         net (fo=1, routed)           0.310     0.310    u_system/system_i/processing_system7_0/inst/FCLK_CLK_unbuffered[0]
    BUFGCTRL_X0Y16       BUFG (Prop_bufg_I_O)         0.026     0.336 r  u_system/system_i/processing_system7_0/inst/buffer_fclk_clk_0.FCLK_CLK_0_BUFG/O
                         net (fo=15967, routed)       0.577     0.913    dbg_hub/inst/BSCANID.u_xsdbm_id/CORE_XSDB.UUT_MASTER/U_ICON_INTERFACE/U_CMD6_WR/U_WR_FIFO/SUBCORE_FIFO.xsdbm_v3_0_0_wrfifo_inst/inst_fifo_gen/gconvfifo.rf/grf.rf/rstblk/rd_clk
    SLICE_X88Y67         FDPE                                         r  dbg_hub/inst/BSCANID.u_xsdbm_id/CORE_XSDB.UUT_MASTER/U_ICON_INTERFACE/U_CMD6_WR/U_WR_FIFO/SUBCORE_FIFO.xsdbm_v3_0_0_wrfifo_inst/inst_fifo_gen/gconvfifo.rf/grf.rf/rstblk/ngwrdrst.grst.g7serrst.rd_rst_reg_reg[1]/C
  -------------------------------------------------------------------    -------------------
    SLICE_X88Y67         FDPE (Prop_fdpe_C_Q)         0.141     1.054 f  dbg_hub/inst/BSCANID.u_xsdbm_id/CORE_XSDB.UUT_MASTER/U_ICON_INTERFACE/U_CMD6_WR/U_WR_FIFO/SUBCORE_FIFO.xsdbm_v3_0_0_wrfifo_inst/inst_fifo_gen/gconvfifo.rf/grf.rf/rstblk/ngwrdrst.grst.g7serrst.rd_rst_reg_reg[1]/Q
                         net (fo=16, routed)          0.123     1.176    dbg_hub/inst/BSCANID.u_xsdbm_id/CORE_XSDB.UUT_MASTER/U_ICON_INTERFACE/U_CMD6_WR/U_WR_FIFO/SUBCORE_FIFO.xsdbm_v3_0_0_wrfifo_inst/inst_fifo_gen/gconvfifo.rf/grf.rf/gntv_or_sync_fifo.gcx.clkx/gnxpm_cdc.gsync_stage[1].rd_stg_inst/Q_reg_reg[0]_0[0]
    SLICE_X86Y67         FDCE                                         f  dbg_hub/inst/BSCANID.u_xsdbm_id/CORE_XSDB.UUT_MASTER/U_ICON_INTERFACE/U_CMD6_WR/U_WR_FIFO/SUBCORE_FIFO.xsdbm_v3_0_0_wrfifo_inst/inst_fifo_gen/gconvfifo.rf/grf.rf/gntv_or_sync_fifo.gcx.clkx/gnxpm_cdc.gsync_stage[1].rd_stg_inst/Q_reg_reg[1]/CLR
  -------------------------------------------------------------------    -------------------

                         (clock clk_fpga_0 rise edge)
                                                      0.000     0.000 r  
    PS7_X0Y0             PS7                          0.000     0.000 r  u_system/system_i/processing_system7_0/inst/PS7_i/FCLKCLK[0]
                         net (fo=1, routed)           0.337     0.337    u_system/system_i/processing_system7_0/inst/FCLK_CLK_unbuffered[0]
    BUFGCTRL_X0Y16       BUFG (Prop_bufg_I_O)         0.029     0.366 r  u_system/system_i/processing_system7_0/inst/buffer_fclk_clk_0.FCLK_CLK_0_BUFG/O
                         net (fo=15967, routed)       0.845     1.211    dbg_hub/inst/BSCANID.u_xsdbm_id/CORE_XSDB.UUT_MASTER/U_ICON_INTERFACE/U_CMD6_WR/U_WR_FIFO/SUBCORE_FIFO.xsdbm_v3_0_0_wrfifo_inst/inst_fifo_gen/gconvfifo.rf/grf.rf/gntv_or_sync_fifo.gcx.clkx/gnxpm_cdc.gsync_stage[1].rd_stg_inst/rd_clk
    SLICE_X86Y67         FDCE                                         r  dbg_hub/inst/BSCANID.u_xsdbm_id/CORE_XSDB.UUT_MASTER/U_ICON_INTERFACE/U_CMD6_WR/U_WR_FIFO/SUBCORE_FIFO.xsdbm_v3_0_0_wrfifo_inst/inst_fifo_gen/gconvfifo.rf/grf.rf/gntv_or_sync_fifo.gcx.clkx/gnxpm_cdc.gsync_stage[1].rd_stg_inst/Q_reg_reg[1]/C
                         clock pessimism             -0.284     0.927    
    SLICE_X86Y67         FDCE (Remov_fdce_C_CLR)     -0.067     0.860    dbg_hub/inst/BSCANID.u_xsdbm_id/CORE_XSDB.UUT_MASTER/U_ICON_INTERFACE/U_CMD6_WR/U_WR_FIFO/SUBCORE_FIFO.xsdbm_v3_0_0_wrfifo_inst/inst_fifo_gen/gconvfifo.rf/grf.rf/gntv_or_sync_fifo.gcx.clkx/gnxpm_cdc.gsync_stage[1].rd_stg_inst/Q_reg_reg[1]
  -------------------------------------------------------------------
                         required time                         -0.860    
                         arrival time                           1.176    
  -------------------------------------------------------------------
                         slack                                  0.317    





---------------------------------------------------------------------------------------------------
Path Group:  **async_default**
From Clock:  clk_pll_phase_PLL_AD
  To Clock:  clk_pll_phase_PLL_AD

Setup :            0  Failing Endpoints,  Worst Slack      189.876ns,  Total Violation        0.000ns
Hold  :            0  Failing Endpoints,  Worst Slack        0.685ns,  Total Violation        0.000ns
---------------------------------------------------------------------------------------------------


Max Delay Paths
--------------------------------------------------------------------------------------
Slack (MET) :             189.876ns  (required time - arrival time)
  Source:                 u_system/system_i/ad_fifo_monitor_axi_0/inst/monitor_axi_inst/monitor_core/adc_reset_sync_reg[1]/C
                            (rising edge-triggered cell FDCE clocked by clk_pll_phase_PLL_AD  {rise@98.690ns fall@196.345ns period=195.310ns})
  Destination:            u_system/system_i/ad_fifo_monitor_axi_0/inst/monitor_axi_inst/monitor_core/blocked_high_watermark_hold_reg[10]/CLR
                            (recovery check against rising-edge clock clk_pll_phase_PLL_AD  {rise@98.690ns fall@196.345ns period=195.310ns})
  Path Group:             **async_default**
  Path Type:              Recovery (Max at Slow Process Corner)
  Requirement:            195.310ns  (clk_pll_phase_PLL_AD rise@294.000ns - clk_pll_phase_PLL_AD rise@98.690ns)
  Data Path Delay:        4.675ns  (logic 0.590ns (12.620%)  route 4.085ns (87.380%))
  Logic Levels:           1  (LUT1=1)
  Clock Path Skew:        -0.050ns (DCD - SCD + CPR)
    Destination Clock Delay (DCD):    -0.954ns = ( 293.046 - 294.000 ) 
    Source Clock Delay      (SCD):    -0.476ns = ( 98.214 - 98.690 ) 
    Clock Pessimism Removal (CPR):    0.429ns
  Clock Uncertainty:      0.379ns  ((TSJ^2 + DJ^2)^1/2) / 2 + PE
    Total System Jitter     (TSJ):    0.071ns
    Discrete Jitter          (DJ):    0.754ns
    Phase Error              (PE):    0.000ns

    Location             Delay type                Incr(ns)  Path(ns)    Netlist Resource(s)
  -------------------------------------------------------------------    -------------------
                         (clock clk_pll_phase_PLL_AD rise edge)
                                                     98.690    98.690 r  
    U18                                               0.000    98.690 r  i_clk_50m (IN)
                         net (fo=0)                   0.000    98.690    u_h_top/ad_clk/inst/clk_sys
    U18                  IBUF (Prop_ibuf_I_O)         1.429   100.119 r  u_h_top/ad_clk/inst/clkin1_ibufg/O
                         net (fo=1, routed)           1.110   101.229    u_h_top/ad_clk/inst/clk_sys_PLL_AD
    MMCME2_ADV_X1Y1      MMCME2_ADV (Prop_mmcme2_adv_CLKIN1_CLKOUT1)
                                                     -6.247    94.982 r  u_h_top/ad_clk/inst/mmcm_adv_inst/CLKOUT1
                         net (fo=2, routed)           1.597    96.579    u_h_top/ad_clk/inst/clk_pll_phase_PLL_AD
    BUFGCTRL_X0Y18       BUFGCTRL (Prop_bufgctrl_I0_O)
                                                      0.085    96.664 r  u_h_top/ad_clk/inst/clkout2_buf/O
                         net (fo=1882, routed)        1.550    98.214    u_system/system_i/ad_fifo_monitor_axi_0/inst/monitor_axi_inst/monitor_core/adc_clk
    SLICE_X39Y118        FDCE                                         r  u_system/system_i/ad_fifo_monitor_axi_0/inst/monitor_axi_inst/monitor_core/adc_reset_sync_reg[1]/C
  -------------------------------------------------------------------    -------------------
    SLICE_X39Y118        FDCE (Prop_fdce_C_Q)         0.348    98.562 r  u_system/system_i/ad_fifo_monitor_axi_0/inst/monitor_axi_inst/monitor_core/adc_reset_sync_reg[1]/Q
                         net (fo=1, routed)           0.514    99.076    u_system/system_i/ad_fifo_monitor_axi_0/inst/monitor_axi_inst/monitor_core/adc_reset_sync[1]
    SLICE_X39Y118        LUT1 (Prop_lut1_I0_O)        0.242    99.318 f  u_system/system_i/ad_fifo_monitor_axi_0/inst/monitor_axi_inst/monitor_core/snapshot_req_sync[1]_i_1/O
                         net (fo=520, routed)         3.571   102.889    u_system/system_i/ad_fifo_monitor_axi_0/inst/monitor_axi_inst/monitor_core/snapshot_req_sync[1]_i_1_n_0
    SLICE_X48Y106        FDCE                                         f  u_system/system_i/ad_fifo_monitor_axi_0/inst/monitor_axi_inst/monitor_core/blocked_high_watermark_hold_reg[10]/CLR
  -------------------------------------------------------------------    -------------------

                         (clock clk_pll_phase_PLL_AD rise edge)
                                                    294.000   294.000 r  
    U18                                               0.000   294.000 r  i_clk_50m (IN)
                         net (fo=0)                   0.000   294.000    u_h_top/ad_clk/inst/clk_sys
    U18                  IBUF (Prop_ibuf_I_O)         1.363   295.363 r  u_h_top/ad_clk/inst/clkin1_ibufg/O
                         net (fo=1, routed)           1.004   296.367    u_h_top/ad_clk/inst/clk_sys_PLL_AD
    MMCME2_ADV_X1Y1      MMCME2_ADV (Prop_mmcme2_adv_CLKIN1_CLKOUT1)
                                                     -6.242   290.125 r  u_h_top/ad_clk/inst/mmcm_adv_inst/CLKOUT1
                         net (fo=2, routed)           1.454   291.580    u_h_top/ad_clk/inst/clk_pll_phase_PLL_AD
    BUFGCTRL_X0Y18       BUFGCTRL (Prop_bufgctrl_I0_O)
                                                      0.077   291.657 r  u_h_top/ad_clk/inst/clkout2_buf/O
                         net (fo=1882, routed)        1.389   293.046    u_system/system_i/ad_fifo_monitor_axi_0/inst/monitor_axi_inst/monitor_core/adc_clk
    SLICE_X48Y106        FDCE                                         r  u_system/system_i/ad_fifo_monitor_axi_0/inst/monitor_axi_inst/monitor_core/blocked_high_watermark_hold_reg[10]/C
                         clock pessimism              0.429   293.474    
                         clock uncertainty           -0.379   293.096    
    SLICE_X48Y106        FDCE (Recov_fdce_C_CLR)     -0.331   292.765    u_system/system_i/ad_fifo_monitor_axi_0/inst/monitor_axi_inst/monitor_core/blocked_high_watermark_hold_reg[10]
  -------------------------------------------------------------------
                         required time                        292.765    
                         arrival time                        -102.889    
  -------------------------------------------------------------------
                         slack                                189.876    





Min Delay Paths
--------------------------------------------------------------------------------------
Slack (MET) :             0.685ns  (arrival time - required time)
  Source:                 u_system/system_i/ad_fifo_monitor_axi_0/inst/monitor_axi_inst/monitor_core/adc_reset_sync_reg[1]/C
                            (rising edge-triggered cell FDCE clocked by clk_pll_phase_PLL_AD  {rise@98.690ns fall@196.345ns period=195.310ns})
  Destination:            u_system/system_i/ad_fifo_monitor_axi_0/inst/monitor_axi_inst/monitor_core/blocked_reset_hold_reg[59]/CLR
                            (removal check against rising-edge clock clk_pll_phase_PLL_AD  {rise@98.690ns fall@196.345ns period=195.310ns})
  Path Group:             **async_default**
  Path Type:              Removal (Min at Fast Process Corner)
  Requirement:            0.000ns  (clk_pll_phase_PLL_AD rise@98.690ns - clk_pll_phase_PLL_AD rise@98.690ns)
  Data Path Delay:        0.625ns  (logic 0.227ns (36.313%)  route 0.398ns (63.687%))
  Logic Levels:           1  (LUT1=1)
  Clock Path Skew:        0.032ns (DCD - SCD - CPR)
    Destination Clock Delay (DCD):    -0.791ns = ( 97.899 - 98.690 ) 
    Source Clock Delay      (SCD):    -0.551ns = ( 98.138 - 98.690 ) 
    Clock Pessimism Removal (CPR):    -0.272ns

    Location             Delay type                Incr(ns)  Path(ns)    Netlist Resource(s)
  -------------------------------------------------------------------    -------------------
                         (clock clk_pll_phase_PLL_AD rise edge)
                                                     98.690    98.690 r  
    U18                                               0.000    98.690 r  i_clk_50m (IN)
                         net (fo=0)                   0.000    98.690    u_h_top/ad_clk/inst/clk_sys
    U18                  IBUF (Prop_ibuf_I_O)         0.266    98.956 r  u_h_top/ad_clk/inst/clkin1_ibufg/O
                         net (fo=1, routed)           0.440    99.396    u_h_top/ad_clk/inst/clk_sys_PLL_AD
    MMCME2_ADV_X1Y1      MMCME2_ADV (Prop_mmcme2_adv_CLKIN1_CLKOUT1)
                                                     -2.444    96.952 r  u_h_top/ad_clk/inst/mmcm_adv_inst/CLKOUT1
                         net (fo=2, routed)           0.529    97.481    u_h_top/ad_clk/inst/clk_pll_phase_PLL_AD
    BUFGCTRL_X0Y18       BUFGCTRL (Prop_bufgctrl_I0_O)
                                                      0.026    97.507 r  u_h_top/ad_clk/inst/clkout2_buf/O
                         net (fo=1882, routed)        0.631    98.138    u_system/system_i/ad_fifo_monitor_axi_0/inst/monitor_axi_inst/monitor_core/adc_clk
    SLICE_X39Y118        FDCE                                         r  u_system/system_i/ad_fifo_monitor_axi_0/inst/monitor_axi_inst/monitor_core/adc_reset_sync_reg[1]/C
  -------------------------------------------------------------------    -------------------
    SLICE_X39Y118        FDCE (Prop_fdce_C_Q)         0.128    98.266 r  u_system/system_i/ad_fifo_monitor_axi_0/inst/monitor_axi_inst/monitor_core/adc_reset_sync_reg[1]/Q
                         net (fo=1, routed)           0.214    98.480    u_system/system_i/ad_fifo_monitor_axi_0/inst/monitor_axi_inst/monitor_core/adc_reset_sync[1]
    SLICE_X39Y118        LUT1 (Prop_lut1_I0_O)        0.099    98.579 f  u_system/system_i/ad_fifo_monitor_axi_0/inst/monitor_axi_inst/monitor_core/snapshot_req_sync[1]_i_1/O
                         net (fo=520, routed)         0.184    98.764    u_system/system_i/ad_fifo_monitor_axi_0/inst/monitor_axi_inst/monitor_core/snapshot_req_sync[1]_i_1_n_0
    SLICE_X43Y118        FDCE                                         f  u_system/system_i/ad_fifo_monitor_axi_0/inst/monitor_axi_inst/monitor_core/blocked_reset_hold_reg[59]/CLR
  -------------------------------------------------------------------    -------------------

                         (clock clk_pll_phase_PLL_AD rise edge)
                                                     98.690    98.690 r  
    U18                                               0.000    98.690 r  i_clk_50m (IN)
                         net (fo=0)                   0.000    98.690    u_h_top/ad_clk/inst/clk_sys
    U18                  IBUF (Prop_ibuf_I_O)         0.454    99.144 r  u_h_top/ad_clk/inst/clkin1_ibufg/O
                         net (fo=1, routed)           0.480    99.624    u_h_top/ad_clk/inst/clk_sys_PLL_AD
    MMCME2_ADV_X1Y1      MMCME2_ADV (Prop_mmcme2_adv_CLKIN1_CLKOUT1)
                                                     -3.231    96.393 r  u_h_top/ad_clk/inst/mmcm_adv_inst/CLKOUT1
                         net (fo=2, routed)           0.576    96.969    u_h_top/ad_clk/inst/clk_pll_phase_PLL_AD
    BUFGCTRL_X0Y18       BUFGCTRL (Prop_bufgctrl_I0_O)
                                                      0.029    96.998 r  u_h_top/ad_clk/inst/clkout2_buf/O
                         net (fo=1882, routed)        0.901    97.899    u_system/system_i/ad_fifo_monitor_axi_0/inst/monitor_axi_inst/monitor_core/adc_clk
    SLICE_X43Y118        FDCE                                         r  u_system/system_i/ad_fifo_monitor_axi_0/inst/monitor_axi_inst/monitor_core/blocked_reset_hold_reg[59]/C
                         clock pessimism              0.272    98.170    
    SLICE_X43Y118        FDCE (Remov_fdce_C_CLR)     -0.092    98.078    u_system/system_i/ad_fifo_monitor_axi_0/inst/monitor_axi_inst/monitor_core/blocked_reset_hold_reg[59]
  -------------------------------------------------------------------
                         required time                        -98.078    
                         arrival time                          98.764    
  -------------------------------------------------------------------
                         slack                                  0.685    





---------------------------------------------------------------------------------------------------
Path Group:  **async_default**
From Clock:  dbg_hub/inst/BSCANID.u_xsdbm_id/SWITCH_N_EXT_BSCAN.bscan_inst/SERIES7_BSCAN.bscan_inst/TCK
  To Clock:  dbg_hub/inst/BSCANID.u_xsdbm_id/SWITCH_N_EXT_BSCAN.bscan_inst/SERIES7_BSCAN.bscan_inst/TCK

Setup :            0  Failing Endpoints,  Worst Slack       28.543ns,  Total Violation        0.000ns
Hold  :            0  Failing Endpoints,  Worst Slack        0.305ns,  Total Violation        0.000ns
---------------------------------------------------------------------------------------------------


Max Delay Paths
--------------------------------------------------------------------------------------
Slack (MET) :             28.543ns  (required time - arrival time)
  Source:                 dbg_hub/inst/BSCANID.u_xsdbm_id/SWITCH_N_EXT_BSCAN.bscan_switch/portno_reg[1]/C
                            (rising edge-triggered cell FDRE clocked by dbg_hub/inst/BSCANID.u_xsdbm_id/SWITCH_N_EXT_BSCAN.bscan_inst/SERIES7_BSCAN.bscan_inst/TCK  {rise@0.000ns fall@16.500ns period=33.000ns})
  Destination:            dbg_hub/inst/BSCANID.u_xsdbm_id/CORE_XSDB.U_ICON/U_CMD/iTARGET_reg[10]/CLR
                            (recovery check against rising-edge clock dbg_hub/inst/BSCANID.u_xsdbm_id/SWITCH_N_EXT_BSCAN.bscan_inst/SERIES7_BSCAN.bscan_inst/TCK  {rise@0.000ns fall@16.500ns period=33.000ns})
  Path Group:             **async_default**
  Path Type:              Recovery (Max at Slow Process Corner)
  Requirement:            33.000ns  (dbg_hub/inst/BSCANID.u_xsdbm_id/SWITCH_N_EXT_BSCAN.bscan_inst/SERIES7_BSCAN.bscan_inst/TCK rise@33.000ns - dbg_hub/inst/BSCANID.u_xsdbm_id/SWITCH_N_EXT_BSCAN.bscan_inst/SERIES7_BSCAN.bscan_inst/TCK rise@0.000ns)
  Data Path Delay:        3.982ns  (logic 0.917ns (23.029%)  route 3.065ns (76.971%))
  Logic Levels:           3  (LUT1=1 LUT4=1 LUT6=1)
  Clock Path Skew:        -0.109ns (DCD - SCD + CPR)
    Destination Clock Delay (DCD):    3.029ns = ( 36.029 - 33.000 ) 
    Source Clock Delay      (SCD):    3.504ns
    Clock Pessimism Removal (CPR):    0.366ns
  Clock Uncertainty:      0.035ns  ((TSJ^2 + TIJ^2)^1/2 + DJ) / 2 + PE
    Total System Jitter     (TSJ):    0.071ns
    Total Input Jitter      (TIJ):    0.000ns
    Discrete Jitter          (DJ):    0.000ns
    Phase Error              (PE):    0.000ns

    Location             Delay type                Incr(ns)  Path(ns)    Netlist Resource(s)
  -------------------------------------------------------------------    -------------------
                         (clock dbg_hub/inst/BSCANID.u_xsdbm_id/SWITCH_N_EXT_BSCAN.bscan_inst/SERIES7_BSCAN.bscan_inst/TCK rise edge)
                                                      0.000     0.000 r  
    BSCAN_X0Y0           BSCANE2                      0.000     0.000 r  dbg_hub/inst/BSCANID.u_xsdbm_id/SWITCH_N_EXT_BSCAN.bscan_inst/SERIES7_BSCAN.bscan_inst/TCK
                         net (fo=1, routed)           1.925     1.925    dbg_hub/inst/BSCANID.u_xsdbm_id/tck_bs
    BUFGCTRL_X0Y0        BUFG (Prop_bufg_I_O)         0.085     2.010 r  dbg_hub/inst/BSCANID.u_xsdbm_id/SWITCH_N_EXT_BSCAN.u_bufg_icon_tck/O
                         net (fo=482, routed)         1.494     3.504    dbg_hub/inst/BSCANID.u_xsdbm_id/SWITCH_N_EXT_BSCAN.bscan_switch/s_bscan_tck
    SLICE_X90Y81         FDRE                                         r  dbg_hub/inst/BSCANID.u_xsdbm_id/SWITCH_N_EXT_BSCAN.bscan_switch/portno_reg[1]/C
  -------------------------------------------------------------------    -------------------
    SLICE_X90Y81         FDRE (Prop_fdre_C_Q)         0.433     3.937 f  dbg_hub/inst/BSCANID.u_xsdbm_id/SWITCH_N_EXT_BSCAN.bscan_switch/portno_reg[1]/Q
                         net (fo=1, routed)           0.893     4.830    dbg_hub/inst/BSCANID.u_xsdbm_id/SWITCH_N_EXT_BSCAN.bscan_switch/portno[1]
    SLICE_X90Y81         LUT6 (Prop_lut6_I3_O)        0.105     4.935 f  dbg_hub/inst/BSCANID.u_xsdbm_id/SWITCH_N_EXT_BSCAN.bscan_switch/m_bscan_drck[0]_INST_0_i_1/O
                         net (fo=5, routed)           0.799     5.733    dbg_hub/inst/BSCANID.u_xsdbm_id/SWITCH_N_EXT_BSCAN.bscan_switch/m_bscan_drck[0]_INST_0_i_1_n_0
    SLICE_X90Y80         LUT4 (Prop_lut4_I3_O)        0.115     5.848 r  dbg_hub/inst/BSCANID.u_xsdbm_id/SWITCH_N_EXT_BSCAN.bscan_switch/m_bscan_sel[0]_INST_0/O
                         net (fo=2, routed)           0.845     6.694    dbg_hub/inst/BSCANID.u_xsdbm_id/CORE_XSDB.U_ICON/U_CMD/iTARGET_reg[6]_0
    SLICE_X84Y80         LUT1 (Prop_lut1_I0_O)        0.264     6.958 f  dbg_hub/inst/BSCANID.u_xsdbm_id/CORE_XSDB.U_ICON/U_CMD/iTARGET[15]_i_2/O
                         net (fo=10, routed)          0.528     7.486    dbg_hub/inst/BSCANID.u_xsdbm_id/CORE_XSDB.U_ICON/U_CMD/iSEL_n
    SLICE_X84Y82         FDCE                                         f  dbg_hub/inst/BSCANID.u_xsdbm_id/CORE_XSDB.U_ICON/U_CMD/iTARGET_reg[10]/CLR
  -------------------------------------------------------------------    -------------------

                         (clock dbg_hub/inst/BSCANID.u_xsdbm_id/SWITCH_N_EXT_BSCAN.bscan_inst/SERIES7_BSCAN.bscan_inst/TCK rise edge)
                                                     33.000    33.000 r  
    BSCAN_X0Y0           BSCANE2                      0.000    33.000 r  dbg_hub/inst/BSCANID.u_xsdbm_id/SWITCH_N_EXT_BSCAN.bscan_inst/SERIES7_BSCAN.bscan_inst/TCK
                         net (fo=1, routed)           1.663    34.663    dbg_hub/inst/BSCANID.u_xsdbm_id/tck_bs
    BUFGCTRL_X0Y0        BUFG (Prop_bufg_I_O)         0.077    34.740 r  dbg_hub/inst/BSCANID.u_xsdbm_id/SWITCH_N_EXT_BSCAN.u_bufg_icon_tck/O
                         net (fo=482, routed)         1.289    36.029    dbg_hub/inst/BSCANID.u_xsdbm_id/CORE_XSDB.U_ICON/U_CMD/m_bscan_tck[0]
    SLICE_X84Y82         FDCE                                         r  dbg_hub/inst/BSCANID.u_xsdbm_id/CORE_XSDB.U_ICON/U_CMD/iTARGET_reg[10]/C
                         clock pessimism              0.366    36.395    
                         clock uncertainty           -0.035    36.360    
    SLICE_X84Y82         FDCE (Recov_fdce_C_CLR)     -0.331    36.029    dbg_hub/inst/BSCANID.u_xsdbm_id/CORE_XSDB.U_ICON/U_CMD/iTARGET_reg[10]
  -------------------------------------------------------------------
                         required time                         36.029    
                         arrival time                          -7.486    
  -------------------------------------------------------------------
                         slack                                 28.543    





Min Delay Paths
--------------------------------------------------------------------------------------
Slack (MET) :             0.305ns  (arrival time - required time)
  Source:                 dbg_hub/inst/BSCANID.u_xsdbm_id/CORE_XSDB.UUT_MASTER/U_ICON_INTERFACE/U_CMD6_WR/U_WR_FIFO/SUBCORE_FIFO.xsdbm_v3_0_0_wrfifo_inst/inst_fifo_gen/gconvfifo.rf/grf.rf/rstblk/ngwrdrst.grst.g7serrst.wr_rst_reg_reg[1]/C
                            (rising edge-triggered cell FDPE clocked by dbg_hub/inst/BSCANID.u_xsdbm_id/SWITCH_N_EXT_BSCAN.bscan_inst/SERIES7_BSCAN.bscan_inst/TCK  {rise@0.000ns fall@16.500ns period=33.000ns})
  Destination:            dbg_hub/inst/BSCANID.u_xsdbm_id/CORE_XSDB.UUT_MASTER/U_ICON_INTERFACE/U_CMD6_WR/U_WR_FIFO/SUBCORE_FIFO.xsdbm_v3_0_0_wrfifo_inst/inst_fifo_gen/gconvfifo.rf/grf.rf/gntv_or_sync_fifo.gl0.wr/wpntr/gic0.gc0.count_d1_reg[1]/CLR
                            (removal check against rising-edge clock dbg_hub/inst/BSCANID.u_xsdbm_id/SWITCH_N_EXT_BSCAN.bscan_inst/SERIES7_BSCAN.bscan_inst/TCK  {rise@0.000ns fall@16.500ns period=33.000ns})
  Path Group:             **async_default**
  Path Type:              Removal (Min at Fast Process Corner)
  Requirement:            0.000ns  (dbg_hub/inst/BSCANID.u_xsdbm_id/SWITCH_N_EXT_BSCAN.bscan_inst/SERIES7_BSCAN.bscan_inst/TCK rise@0.000ns - dbg_hub/inst/BSCANID.u_xsdbm_id/SWITCH_N_EXT_BSCAN.bscan_inst/SERIES7_BSCAN.bscan_inst/TCK rise@0.000ns)
  Data Path Delay:        0.252ns  (logic 0.141ns (55.914%)  route 0.111ns (44.086%))
  Logic Levels:           0  
  Clock Path Skew:        0.014ns (DCD - SCD - CPR)
    Destination Clock Delay (DCD):    2.008ns
    Source Clock Delay      (SCD):    1.605ns
    Clock Pessimism Removal (CPR):    0.389ns

    Location             Delay type                Incr(ns)  Path(ns)    Netlist Resource(s)
  -------------------------------------------------------------------    -------------------
                         (clock dbg_hub/inst/BSCANID.u_xsdbm_id/SWITCH_N_EXT_BSCAN.bscan_inst/SERIES7_BSCAN.bscan_inst/TCK rise edge)
                                                      0.000     0.000 r  
    BSCAN_X0Y0           BSCANE2                      0.000     0.000 r  dbg_hub/inst/BSCANID.u_xsdbm_id/SWITCH_N_EXT_BSCAN.bscan_inst/SERIES7_BSCAN.bscan_inst/TCK
                         net (fo=1, routed)           0.998     0.998    dbg_hub/inst/BSCANID.u_xsdbm_id/tck_bs
    BUFGCTRL_X0Y0        BUFG (Prop_bufg_I_O)         0.026     1.024 r  dbg_hub/inst/BSCANID.u_xsdbm_id/SWITCH_N_EXT_BSCAN.u_bufg_icon_tck/O
                         net (fo=482, routed)         0.581     1.605    dbg_hub/inst/BSCANID.u_xsdbm_id/CORE_XSDB.UUT_MASTER/U_ICON_INTERFACE/U_CMD6_WR/U_WR_FIFO/SUBCORE_FIFO.xsdbm_v3_0_0_wrfifo_inst/inst_fifo_gen/gconvfifo.rf/grf.rf/rstblk/wr_clk
    SLICE_X88Y65         FDPE                                         r  dbg_hub/inst/BSCANID.u_xsdbm_id/CORE_XSDB.UUT_MASTER/U_ICON_INTERFACE/U_CMD6_WR/U_WR_FIFO/SUBCORE_FIFO.xsdbm_v3_0_0_wrfifo_inst/inst_fifo_gen/gconvfifo.rf/grf.rf/rstblk/ngwrdrst.grst.g7serrst.wr_rst_reg_reg[1]/C
  -------------------------------------------------------------------    -------------------
    SLICE_X88Y65         FDPE (Prop_fdpe_C_Q)         0.141     1.746 f  dbg_hub/inst/BSCANID.u_xsdbm_id/CORE_XSDB.UUT_MASTER/U_ICON_INTERFACE/U_CMD6_WR/U_WR_FIFO/SUBCORE_FIFO.xsdbm_v3_0_0_wrfifo_inst/inst_fifo_gen/gconvfifo.rf/grf.rf/rstblk/ngwrdrst.grst.g7serrst.wr_rst_reg_reg[1]/Q
                         net (fo=12, routed)          0.111     1.857    dbg_hub/inst/BSCANID.u_xsdbm_id/CORE_XSDB.UUT_MASTER/U_ICON_INTERFACE/U_CMD6_WR/U_WR_FIFO/SUBCORE_FIFO.xsdbm_v3_0_0_wrfifo_inst/inst_fifo_gen/gconvfifo.rf/grf.rf/gntv_or_sync_fifo.gl0.wr/wpntr/gic0.gc0.count_reg[0]_0[0]
    SLICE_X86Y65         FDCE                                         f  dbg_hub/inst/BSCANID.u_xsdbm_id/CORE_XSDB.UUT_MASTER/U_ICON_INTERFACE/U_CMD6_WR/U_WR_FIFO/SUBCORE_FIFO.xsdbm_v3_0_0_wrfifo_inst/inst_fifo_gen/gconvfifo.rf/grf.rf/gntv_or_sync_fifo.gl0.wr/wpntr/gic0.gc0.count_d1_reg[1]/CLR
  -------------------------------------------------------------------    -------------------

                         (clock dbg_hub/inst/BSCANID.u_xsdbm_id/SWITCH_N_EXT_BSCAN.bscan_inst/SERIES7_BSCAN.bscan_inst/TCK rise edge)
                                                      0.000     0.000 r  
    BSCAN_X0Y0           BSCANE2                      0.000     0.000 r  dbg_hub/inst/BSCANID.u_xsdbm_id/SWITCH_N_EXT_BSCAN.bscan_inst/SERIES7_BSCAN.bscan_inst/TCK
                         net (fo=1, routed)           1.130     1.130    dbg_hub/inst/BSCANID.u_xsdbm_id/tck_bs
    BUFGCTRL_X0Y0        BUFG (Prop_bufg_I_O)         0.029     1.159 r  dbg_hub/inst/BSCANID.u_xsdbm_id/SWITCH_N_EXT_BSCAN.u_bufg_icon_tck/O
                         net (fo=482, routed)         0.849     2.008    dbg_hub/inst/BSCANID.u_xsdbm_id/CORE_XSDB.UUT_MASTER/U_ICON_INTERFACE/U_CMD6_WR/U_WR_FIFO/SUBCORE_FIFO.xsdbm_v3_0_0_wrfifo_inst/inst_fifo_gen/gconvfifo.rf/grf.rf/gntv_or_sync_fifo.gl0.wr/wpntr/wr_clk
    SLICE_X86Y65         FDCE                                         r  dbg_hub/inst/BSCANID.u_xsdbm_id/CORE_XSDB.UUT_MASTER/U_ICON_INTERFACE/U_CMD6_WR/U_WR_FIFO/SUBCORE_FIFO.xsdbm_v3_0_0_wrfifo_inst/inst_fifo_gen/gconvfifo.rf/grf.rf/gntv_or_sync_fifo.gl0.wr/wpntr/gic0.gc0.count_d1_reg[1]/C
                         clock pessimism             -0.389     1.619    
    SLICE_X86Y65         FDCE (Remov_fdce_C_CLR)     -0.067     1.552    dbg_hub/inst/BSCANID.u_xsdbm_id/CORE_XSDB.UUT_MASTER/U_ICON_INTERFACE/U_CMD6_WR/U_WR_FIFO/SUBCORE_FIFO.xsdbm_v3_0_0_wrfifo_inst/inst_fifo_gen/gconvfifo.rf/grf.rf/gntv_or_sync_fifo.gl0.wr/wpntr/gic0.gc0.count_d1_reg[1]
  -------------------------------------------------------------------
                         required time                         -1.552    
                         arrival time                           1.857    
  -------------------------------------------------------------------
                         slack                                  0.305    





